# -*- coding: utf-8 -*-

# Resource object code
#
# Created by: The Resource Compiler for PyQt5 (Qt v5.15.2)
#
# WARNING! All changes made in this file will be lost!

from PyQt5 import QtCore

qt_resource_data = b"\
\x00\x00\x03\x28\
\x3c\
\x3f\x78\x6d\x6c\x20\x76\x65\x72\x73\x69\x6f\x6e\x3d\x22\x31\x2e\
\x30\x22\x20\x65\x6e\x63\x6f\x64\x69\x6e\x67\x3d\x22\x55\x54\x46\
\x2d\x38\x22\x3f\x3e\x0a\x3c\x73\x76\x67\x20\x77\x69\x64\x74\x68\
\x3d\x22\x33\x32\x22\x20\x68\x65\x69\x67\x68\x74\x3d\x22\x33\x32\
\x22\x20\x76\x65\x72\x73\x69\x6f\x6e\x3d\x22\x31\x2e\x31\x22\x20\
\x76\x69\x65\x77\x42\x6f\x78\x3d\x22\x30\x20\x30\x20\x33\x32\x20\
\x33\x32\x22\x20\x78\x6d\x6c\x6e\x73\x3d\x22\x68\x74\x74\x70\x3a\
\x2f\x2f\x77\x77\x77\x2e\x77\x33\x2e\x6f\x72\x67\x2f\x32\x30\x30\
\x30\x2f\x73\x76\x67\x22\x20\x78\x6d\x6c\x6e\x73\x3a\x63\x63\x3d\
\x22\x68\x74\x74\x70\x3a\x2f\x2f\x63\x72\x65\x61\x74\x69\x76\x65\
\x63\x6f\x6d\x6d\x6f\x6e\x73\x2e\x6f\x72\x67\x2f\x6e\x73\x23\x22\
\x20\x78\x6d\x6c\x6e\x73\x3a\x64\x63\x3d\x22\x68\x74\x74\x70\x3a\
\x2f\x2f\x70\x75\x72\x6c\x2e\x6f\x72\x67\x2f\x64\x63\x2f\x65\x6c\
\x65\x6d\x65\x6e\x74\x73\x2f\x31\x2e\x31\x2f\x22\x20\x78\x6d\x6c\
\x6e\x73\x3a\x72\x64\x66\x3d\x22\x68\x74\x74\x70\x3a\x2f\x2f\x77\
\x77\x77\x2e\x77\x33\x2e\x6f\x72\x67\x2f\x31\x39\x39\x39\x2f\x30\
\x32\x2f\x32\x32\x2d\x72\x64\x66\x2d\x73\x79\x6e\x74\x61\x78\x2d\
\x6e\x73\x23\x22\x3e\x0a\x20\x3c\x6d\x65\x74\x61\x64\x61\x74\x61\
\x3e\x0a\x20\x20\x3c\x72\x64\x66\x3a\x52\x44\x46\x3e\x0a\x20\x20\
\x20\x3c\x63\x63\x3a\x57\x6f\x72\x6b\x20\x72\x64\x66\x3a\x61\x62\
\x6f\x75\x74\x3d\x22\x22\x3e\x0a\x20\x20\x20\x20\x3c\x64\x63\x3a\
\x66\x6f\x72\x6d\x61\x74\x3e\x69\x6d\x61\x67\x65\x2f\x73\x76\x67\
\x2b\x78\x6d\x6c\x3c\x2f\x64\x63\x3a\x66\x6f\x72\x6d\x61\x74\x3e\
\x0a\x20\x20\x20\x20\x3c\x64\x63\x3a\x74\x79\x70\x65\x20\x72\x64\
\x66\x3a\x72\x65\x73\x6f\x75\x72\x63\x65\x3d\x22\x68\x74\x74\x70\
\x3a\x2f\x2f\x70\x75\x72\x6c\x2e\x6f\x72\x67\x2f\x64\x63\x2f\x64\
\x63\x6d\x69\x74\x79\x70\x65\x2f\x53\x74\x69\x6c\x6c\x49\x6d\x61\
\x67\x65\x22\x2f\x3e\x0a\x20\x20\x20\x20\x3c\x64\x63\x3a\x74\x69\
\x74\x6c\x65\x2f\x3e\x0a\x20\x20\x20\x3c\x2f\x63\x63\x3a\x57\x6f\
\x72\x6b\x3e\x0a\x20\x20\x3c\x2f\x72\x64\x66\x3a\x52\x44\x46\x3e\
\x0a\x20\x3c\x2f\x6d\x65\x74\x61\x64\x61\x74\x61\x3e\x0a\x20\x3c\
\x67\x20\x66\x69\x6c\x6c\x3d\x22\x23\x66\x66\x66\x22\x20\x73\x74\
\x72\x6f\x6b\x65\x3d\x22\x23\x30\x30\x30\x22\x20\x73\x74\x72\x6f\
\x6b\x65\x2d\x6c\x69\x6e\x65\x63\x61\x70\x3d\x22\x73\x71\x75\x61\
\x72\x65\x22\x20\x73\x74\x72\x6f\x6b\x65\x2d\x6c\x69\x6e\x65\x6a\
\x6f\x69\x6e\x3d\x22\x72\x6f\x75\x6e\x64\x22\x20\x73\x74\x72\x6f\
\x6b\x65\x2d\x77\x69\x64\x74\x68\x3d\x22\x32\x22\x3e\x0a\x20\x20\
\x3c\x70\x61\x74\x68\x20\x64\x3d\x22\x6d\x35\x20\x33\x20\x32\x32\
\x2d\x34\x65\x2d\x37\x63\x31\x20\x30\x20\x32\x20\x31\x20\x32\x20\
\x32\x76\x32\x32\x63\x30\x20\x31\x2d\x31\x20\x32\x2d\x32\x20\x32\
\x6c\x2d\x32\x32\x20\x31\x65\x2d\x36\x63\x2d\x31\x20\x30\x2d\x32\
\x2d\x31\x2d\x32\x2d\x32\x76\x2d\x32\x32\x63\x30\x2d\x31\x20\x31\
\x2d\x32\x20\x32\x2d\x32\x7a\x22\x2f\x3e\x0a\x20\x20\x3c\x70\x61\
\x74\x68\x20\x64\x3d\x22\x6d\x32\x34\x20\x31\x39\x2d\x35\x2d\x34\
\x65\x2d\x33\x76\x34\x63\x2d\x38\x65\x2d\x36\x20\x31\x2d\x38\x65\
\x2d\x36\x20\x31\x2d\x31\x20\x31\x6c\x2d\x34\x20\x34\x65\x2d\x33\
\x63\x2d\x31\x20\x39\x65\x2d\x34\x20\x2d\x31\x2d\x33\x65\x2d\x36\
\x20\x2d\x31\x2d\x31\x76\x2d\x34\x68\x2d\x35\x63\x33\x2d\x34\x20\
\x35\x2d\x38\x20\x38\x2d\x31\x32\x20\x33\x20\x34\x20\x35\x20\x38\
\x20\x38\x20\x31\x32\x7a\x22\x2f\x3e\x0a\x20\x3c\x2f\x67\x3e\x0a\
\x3c\x2f\x73\x76\x67\x3e\x0a\
\x00\x00\x03\x15\
\x3c\
\x3f\x78\x6d\x6c\x20\x76\x65\x72\x73\x69\x6f\x6e\x3d\x22\x31\x2e\
\x30\x22\x20\x65\x6e\x63\x6f\x64\x69\x6e\x67\x3d\x22\x55\x54\x46\
\x2d\x38\x22\x3f\x3e\x0a\x3c\x73\x76\x67\x20\x77\x69\x64\x74\x68\
\x3d\x22\x33\x32\x22\x20\x68\x65\x69\x67\x68\x74\x3d\x22\x33\x32\
\x22\x20\x76\x65\x72\x73\x69\x6f\x6e\x3d\x22\x31\x2e\x31\x22\x20\
\x76\x69\x65\x77\x42\x6f\x78\x3d\x22\x30\x20\x30\x20\x33\x32\x20\
\x33\x32\x22\x20\x78\x6d\x6c\x6e\x73\x3d\x22\x68\x74\x74\x70\x3a\
\x2f\x2f\x77\x77\x77\x2e\x77\x33\x2e\x6f\x72\x67\x2f\x32\x30\x30\
\x30\x2f\x73\x76\x67\x22\x20\x78\x6d\x6c\x6e\x73\x3a\x63\x63\x3d\
\x22\x68\x74\x74\x70\x3a\x2f\x2f\x63\x72\x65\x61\x74\x69\x76\x65\
\x63\x6f\x6d\x6d\x6f\x6e\x73\x2e\x6f\x72\x67\x2f\x6e\x73\x23\x22\
\x20\x78\x6d\x6c\x6e\x73\x3a\x64\x63\x3d\x22\x68\x74\x74\x70\x3a\
\x2f\x2f\x70\x75\x72\x6c\x2e\x6f\x72\x67\x2f\x64\x63\x2f\x65\x6c\
\x65\x6d\x65\x6e\x74\x73\x2f\x31\x2e\x31\x2f\x22\x20\x78\x6d\x6c\
\x6e\x73\x3a\x72\x64\x66\x3d\x22\x68\x74\x74\x70\x3a\x2f\x2f\x77\
\x77\x77\x2e\x77\x33\x2e\x6f\x72\x67\x2f\x31\x39\x39\x39\x2f\x30\
\x32\x2f\x32\x32\x2d\x72\x64\x66\x2d\x73\x79\x6e\x74\x61\x78\x2d\
\x6e\x73\x23\x22\x3e\x0a\x20\x3c\x6d\x65\x74\x61\x64\x61\x74\x61\
\x3e\x0a\x20\x20\x3c\x72\x64\x66\x3a\x52\x44\x46\x3e\x0a\x20\x20\
\x20\x3c\x63\x63\x3a\x57\x6f\x72\x6b\x20\x72\x64\x66\x3a\x61\x62\
\x6f\x75\x74\x3d\x22\x22\x3e\x0a\x20\x20\x20\x20\x3c\x64\x63\x3a\
\x66\x6f\x72\x6d\x61\x74\x3e\x69\x6d\x61\x67\x65\x2f\x73\x76\x67\
\x2b\x78\x6d\x6c\x3c\x2f\x64\x63\x3a\x66\x6f\x72\x6d\x61\x74\x3e\
\x0a\x20\x20\x20\x20\x3c\x64\x63\x3a\x74\x79\x70\x65\x20\x72\x64\
\x66\x3a\x72\x65\x73\x6f\x75\x72\x63\x65\x3d\x22\x68\x74\x74\x70\
\x3a\x2f\x2f\x70\x75\x72\x6c\x2e\x6f\x72\x67\x2f\x64\x63\x2f\x64\
\x63\x6d\x69\x74\x79\x70\x65\x2f\x53\x74\x69\x6c\x6c\x49\x6d\x61\
\x67\x65\x22\x2f\x3e\x0a\x20\x20\x20\x20\x3c\x64\x63\x3a\x74\x69\
\x74\x6c\x65\x2f\x3e\x0a\x20\x20\x20\x3c\x2f\x63\x63\x3a\x57\x6f\
\x72\x6b\x3e\x0a\x20\x20\x3c\x2f\x72\x64\x66\x3a\x52\x44\x46\x3e\
\x0a\x20\x3c\x2f\x6d\x65\x74\x61\x64\x61\x74\x61\x3e\x0a\x20\x3c\
\x67\x20\x74\x72\x61\x6e\x73\x66\x6f\x72\x6d\x3d\x22\x6d\x61\x74\
\x72\x69\x78\x28\x31\x2e\x30\x38\x20\x30\x20\x30\x20\x31\x2e\x32\
\x20\x2d\x31\x33\x30\x20\x2d\x31\x36\x2e\x34\x29\x22\x20\x66\x69\
\x6c\x6c\x3d\x22\x23\x66\x66\x66\x22\x20\x73\x74\x72\x6f\x6b\x65\
\x3d\x22\x23\x30\x30\x30\x22\x20\x73\x74\x72\x6f\x6b\x65\x2d\x6c\
\x69\x6e\x65\x63\x61\x70\x3d\x22\x72\x6f\x75\x6e\x64\x22\x20\x73\
\x74\x72\x6f\x6b\x65\x2d\x6c\x69\x6e\x65\x6a\x6f\x69\x6e\x3d\x22\
\x62\x65\x76\x65\x6c\x22\x20\x73\x74\x72\x6f\x6b\x65\x2d\x77\x69\
\x64\x74\x68\x3d\x22\x31\x2e\x37\x35\x22\x3e\x0a\x20\x20\x3c\x70\
\x61\x74\x68\x20\x64\x3d\x22\x6d\x31\x32\x33\x20\x31\x38\x2e\x37\
\x76\x31\x37\x2e\x34\x6c\x32\x30\x2e\x33\x20\x30\x2e\x30\x34\x32\
\x33\x76\x2d\x31\x33\x2e\x33\x68\x2d\x39\x2e\x32\x32\x6c\x2d\x32\
\x2e\x38\x34\x2d\x34\x2e\x31\x32\x7a\x22\x20\x73\x74\x79\x6c\x65\
\x3d\x22\x70\x61\x69\x6e\x74\x2d\x6f\x72\x64\x65\x72\x3a\x6e\x6f\
\x72\x6d\x61\x6c\x22\x2f\x3e\x0a\x20\x20\x3c\x70\x61\x74\x68\x20\
\x64\x3d\x22\x6d\x31\x32\x38\x20\x32\x36\x2e\x38\x68\x32\x30\x2e\
\x39\x6c\x2d\x35\x2e\x32\x33\x20\x39\x2e\x32\x35\x68\x2d\x32\x30\
\x2e\x39\x7a\x22\x2f\x3e\x0a\x20\x3c\x2f\x67\x3e\x0a\x3c\x2f\x73\
\x76\x67\x3e\x0a\
\x00\x00\xf8\xff\
\x89\
\x50\x4e\x47\x0d\x0a\x1a\x0a\x00\x00\x00\x0d\x49\x48\x44\x52\x00\
\x00\x03\xd2\x00\x00\x03\x2b\x08\x06\x00\x00\x00\xa5\x0e\xaa\x0f\
\x00\x00\x3c\x09\x7a\x54\x58\x74\x52\x61\x77\x20\x70\x72\x6f\x66\
\x69\x6c\x65\x20\x74\x79\x70\x65\x20\x65\x78\x69\x66\x00\x00\x78\
\xda\xad\x9d\x5b\x92\xe4\x38\x92\x65\xff\xb9\x8a\x5e\x02\xf1\x26\
\x96\x43\xe2\x21\x32\x3b\x98\xe5\xcf\x39\xb0\xc8\x9a\xaa\xec\xea\
\x96\x11\x99\xce\xc8\x8c\xf0\x74\x37\xa3\x91\x80\xea\xd5\x7b\xf5\
\x81\xb8\xd6\xff\xfe\x5f\xfb\xfa\x8f\xff\xf8\x8f\x90\x72\x8c\x57\
\x2e\xed\xa9\xbd\xd6\x9b\x7f\x72\xcf\x3d\xbe\x7c\xf1\xdc\xbf\x7f\
\xde\xf3\x7b\xb8\xf3\xf9\xfd\xfc\x33\xe3\x9d\xfe\x7c\xf7\x5f\xbe\
\x7f\xc5\xef\xcf\x0f\x22\xdf\xf2\xab\xdf\xff\xdd\x4f\xfd\xfd\x19\
\xfe\xfa\xfe\x9f\x37\xfc\xf5\x67\x78\xf9\xaa\xfc\xd3\x85\x9e\xf1\
\xe7\x07\xdf\xbf\xfe\xa0\xe7\xdf\x9f\xf1\xf9\xdb\x85\xfe\x7c\x50\
\xf2\x8e\xa2\xb7\xf8\xe7\x42\xfd\xcf\x85\x52\xfc\xfd\x20\xfc\xb9\
\xc0\xfb\x7b\xac\xbb\xf6\xa7\xfd\xf3\x23\x7c\xeb\xcf\x23\xfe\xb9\
\xee\x59\x06\xfe\xbb\xfc\xed\xe9\xf7\xf7\xe7\x62\xbf\x9f\xfd\xed\
\xff\x73\x63\xf5\x66\xe1\x73\x52\x8c\x2b\x85\x74\xf3\x7b\xfc\xfd\
\x94\x3f\xfd\x2f\x5c\xe9\x3d\x5f\xf8\x7b\x73\x1d\xf9\xf5\xa6\x92\
\x3a\xbf\xc7\xf4\xd7\x9d\xb0\x20\xff\x6e\x9d\xee\x7f\xba\xab\xeb\
\xef\xbb\xf2\x8f\xaf\xfe\xb6\x2b\xf3\xcf\x23\xff\x7d\x53\x52\xfd\
\xbd\xe2\xe2\x1b\xff\xba\x98\xf5\x1f\x7f\xfe\xdb\xef\x87\xf2\xef\
\x17\xff\x3a\x4b\xfc\x4f\x9f\x9c\xc6\x9f\xaf\xe2\xbf\x7e\x3f\x8e\
\x94\xfe\xfe\x38\x7f\xfd\xb7\xf7\x7c\xae\xbd\xd7\xef\xe9\xde\x5c\
\x59\xd2\xfa\xe7\xa1\xfe\x7a\xc4\xf3\x15\x2f\x64\xf1\x73\x3a\x6f\
\xab\xfc\x6a\xfc\x57\xf8\xba\x9d\x5f\x9d\x5f\xcf\x85\xf5\x0e\xb6\
\x7c\xde\x83\x9d\xfa\xf8\xba\x87\xc8\xb6\xec\x90\xc3\x0c\x6f\xd8\
\x61\x9d\x3f\x47\x18\xdc\x62\x8e\x2b\xb2\x25\x31\xc6\xc1\x46\xf9\
\xbd\x87\x2d\xea\xdc\xed\x7d\xb1\x99\xd9\x5f\x61\xc7\xc6\x5e\xcd\
\xf4\xb0\x5b\x83\xed\x4d\x7c\x37\xfe\xe3\x5e\xc2\xf9\xdc\x7e\x3e\
\x6e\x84\x87\x0f\x9e\x81\x57\xc6\xc0\xc5\x82\xa6\x70\xf9\xdb\xff\
\xc4\xaf\xff\xf2\x42\x7b\x6b\xf2\x21\xb8\x98\x6c\x7d\x38\xfb\x13\
\xa2\x46\xc8\x6d\xb8\x73\xfe\xce\xab\xd8\x90\xb0\xff\xb2\xa3\x72\
\x16\xf8\xaf\x5f\x7f\xff\xc7\x7d\x4d\xec\x60\x39\xcb\xfc\xf0\x80\
\xef\xfd\xfd\x2e\xf1\x95\xf0\xc7\xb6\xae\x63\xcc\x6e\x74\xe2\x85\
\x85\x3f\x7f\x86\x17\xda\xfc\x73\x01\x96\x88\xcf\x2e\xdc\x4c\x48\
\xec\xc0\x5d\x43\x2a\xa1\x86\xbb\xc5\xd8\x42\x60\x1d\x1f\xf6\xe7\
\xe5\x42\x0f\x9e\x10\x3f\xb6\x20\x94\x12\x27\x77\x19\x73\x4a\x95\
\xcd\x79\xa2\x9f\xcd\x7b\x5a\x38\xaf\x8d\x25\xfe\xbe\x0d\x66\xb1\
\x11\x25\xd5\xd4\xd8\x1a\x9c\x89\xbd\xca\x00\x1b\xf6\xd3\xf2\x83\
\x0d\xbd\x25\x95\x5c\x4a\xa9\xa5\x95\xa7\xf4\xf2\xd6\x54\x73\x2d\
\xb5\xd6\x56\x05\xbf\xb7\xa5\x96\x5b\x69\xb5\xb5\xf6\xb4\xde\xde\
\x27\x3d\xf9\x29\x4f\x7d\xda\xf3\x5c\x4f\x7f\xde\x1e\x7b\x02\x1c\
\x4b\xaf\xbd\xf5\xa7\xf7\xfe\xbe\x7c\xe8\xcb\x95\x5f\xde\xfd\xf2\
\x82\xf7\xfd\xe2\x97\xbe\xfc\x95\xaf\x7e\xed\x7b\xbe\xfe\xbd\x03\
\xf3\x19\x79\x94\x51\x47\x1b\xcf\x35\xfa\x78\x67\x9c\x69\x82\x13\
\xb3\xce\x36\x9f\xd9\xe7\xbb\xc2\xc2\x94\x56\x5e\x65\xd5\xd5\xd6\
\xb3\xfa\x7a\x37\xa6\xb6\xd3\xce\xbb\xec\xba\xdb\x7e\x76\xdf\xef\
\x3f\x76\x2d\x5c\xbf\x6d\xfd\x4f\xbf\xfe\xdf\x77\x2d\xfc\xb5\x6b\
\xf1\xec\x94\x2f\x6c\xff\xd8\x35\xde\xda\xda\x5f\x97\x08\xc2\x49\
\x71\xcf\xd8\xb1\x98\x03\x3b\xde\xdc\x01\x0c\x3a\xba\x67\xf7\x13\
\x72\x8e\x97\x5b\xe7\x9e\xdd\x3d\xe2\x15\x25\x72\x97\xc5\xcd\x99\
\xc1\x1d\x63\x07\xf3\x0a\xb1\xec\xf0\x8f\xbd\xfb\xbf\x3b\xf7\x2f\
\xfb\x76\xe5\xfc\xff\xb5\x6f\xf1\xaf\x9d\xbb\xdc\xba\xff\x89\x9d\
\xbb\xdc\xba\xff\x62\xe7\xfe\xf3\xbe\xfd\x9b\x5d\x9b\x46\x9b\x71\
\xa7\xeb\xec\x90\x6e\xe8\xa2\xde\x09\xf7\x03\x4f\x62\x7a\xde\xf5\
\x34\x40\x67\xdd\xdf\x2c\x6d\xf0\x2c\x3b\x72\x27\x7d\x7c\xe1\xcd\
\x6e\x5d\xad\x7d\x15\x1f\x0b\x54\x02\x73\x9e\x6b\xe5\xce\x7a\x3d\
\x77\xfc\xb8\x89\xfd\xfa\xd6\x37\x67\x1e\x70\x73\xc5\xf5\x2e\xa2\
\xcf\xaa\xf9\xdd\xad\xc4\xef\x8b\xcf\xfa\x3a\x6b\x88\x2b\x72\x67\
\xb3\xb2\x1d\xef\xf8\x6a\xeb\x5f\xbb\x9e\xba\x57\xa8\x65\xaf\x6f\
\xaf\x58\xf8\xf4\xbc\x52\xab\xf1\xfe\xc0\xb8\xb8\x88\x43\xbd\xae\
\x31\x72\x5e\xbb\xde\x99\xa8\x5b\x1a\x2b\xc0\xfe\xad\x6f\xdc\x91\
\x2f\x4b\xf9\x76\xf8\xda\xb8\x78\xcb\xdc\xc4\xcf\x5e\xe7\xfb\xb2\
\x38\x0b\x4c\x5c\x13\x2c\x6d\x2c\x4a\x4d\xf3\xd9\xe1\xd9\x5c\x25\
\xf9\xc0\x93\x35\x1e\x3b\x8f\x9a\x9f\xcd\x87\x13\x11\x66\x1a\x73\
\x01\x02\xf3\xaa\x5f\xc1\x2c\x22\xdb\xf0\xcd\xcc\x8e\xac\x39\xee\
\x67\xd4\x90\x57\x7b\x4a\xbc\x6b\xc6\x84\x3f\x8c\xe2\x7d\x41\xef\
\x38\x5b\x5c\xac\x18\xcf\x1f\x66\xae\x9b\xef\x3f\xb3\xc4\xc4\xaa\
\x5c\x2b\x62\x6e\x1d\x33\x1e\xe9\x61\x97\xf8\xc4\x1e\xfa\x66\xc7\
\x2b\xe0\xf2\xa5\x55\x83\x06\x50\x2b\x8b\x5a\x17\x96\x36\xca\xb3\
\xde\xb1\xbb\xd7\x58\xa9\x17\xa2\x46\x1d\xf9\xfd\xae\x10\xfa\x3b\
\x6f\x16\x65\xf3\xa2\xf7\x7b\x66\xc4\x2a\x81\xff\xbe\x6a\xac\x01\
\x8b\x0a\x3c\xcf\xbc\xdf\x39\x5d\x27\x30\x3f\x3e\x9d\x37\x3e\xcf\
\xc2\xf3\xd2\x3d\x66\x0d\xeb\x2d\x7b\x5f\xee\xfd\xdd\x1b\x7b\xb4\
\xb8\x05\xbc\x31\x7c\xb9\xf5\x52\xd3\x53\x42\x27\x7c\xe4\xc0\x35\
\xa1\x2c\xef\x1a\x2d\xa7\xfd\xd4\xef\x7d\xd7\x7b\xc7\xb9\x4b\x2c\
\xfd\xe3\xc9\xb9\x42\xd9\xf1\x6a\x95\x07\xa8\x4b\x76\xb1\xbf\xef\
\x59\x73\xe1\xd1\xf1\xd5\xae\x17\xb7\xdf\xbf\x34\x76\xcb\xdf\xe6\
\xbe\x67\x49\x13\xaf\xe3\xab\x92\x56\xc0\xc3\x9e\x15\xc6\x9c\x2c\
\xcc\xd7\xd6\x55\xd8\x1e\x16\x7a\xe3\x04\xbb\xf6\x19\xbf\xa1\xa3\
\xce\xa7\xb3\x01\xef\x53\x87\xe6\xb7\xbf\x07\xeb\x19\x00\xd2\xc3\
\x45\xf2\xc6\x06\x9e\xbe\xf3\xbd\xef\x86\x15\xcd\x30\x79\xe7\x85\
\xc9\xd5\x15\x4a\xef\x69\x8d\x7d\xe3\xbe\x2c\x5e\x4a\x9d\x25\xe7\
\xd6\x58\x34\x96\xb8\xc4\x55\x9e\xd1\x70\xf6\x8d\x3d\xc7\x8d\x61\
\xe0\xb1\xe1\xdb\xe0\x07\xb7\x1d\x58\xb0\xb4\xaf\x0d\x50\xfa\x9c\
\x5f\x7c\xc7\x9a\x75\x0f\x0c\x26\xd7\x2f\xe6\xaf\x6b\x98\x75\xc2\
\x3e\x33\xa6\xa5\x5d\xd4\x1c\x12\xd6\xd5\xb8\x6f\xbc\x60\xa4\xb2\
\x62\x9e\x41\x73\xd8\xf5\x7a\xf7\x1a\xeb\x03\x8d\xe2\xfe\xe2\x1a\
\xd3\x8b\xd6\x87\x95\x6e\x89\xc5\xc3\xa2\x66\x6c\xfb\x7b\x31\xb7\
\xaa\xdf\x97\x4a\xa4\xe6\x69\xc2\x6a\xec\xcc\xdb\x3b\x8b\x5b\x00\
\xba\x7e\xc5\xb0\xbf\x1b\x2c\xe2\xea\x6d\xcc\xc6\xc7\x8d\xc1\x06\
\x24\x16\xf9\x09\xcf\x13\x3f\xbc\x3c\x57\x2c\xfa\xfd\x52\xeb\x2f\
\x1b\xd9\x70\xb0\x4d\x98\x1b\xcf\xfd\x55\xb6\xf5\x61\x11\x76\xb9\
\x5e\xd6\x8e\xa7\x64\x37\x72\x65\x5f\x01\x05\x6e\xe6\x33\x2e\xb6\
\xba\xbb\x97\x8e\x13\xaf\xbf\x59\x9a\x11\x5b\x2d\x61\xe4\x0e\xe7\
\x0d\x6b\xe2\xe0\x1f\x4c\x15\x7a\xbd\xb0\xcb\x8b\xa8\xf8\xbe\xcf\
\x8e\x20\x12\xdf\x1e\x90\x4d\xb7\x64\x81\x3a\x6f\xc7\xaa\x61\x3f\
\xd0\x9c\xaf\xef\x94\x1f\xfe\x6c\xac\xd9\xc7\x52\xbb\x00\x6c\x20\
\x46\xcf\x92\xd7\xb8\xea\x7d\xe1\xae\x0f\xa8\x27\xf1\xc5\x2c\x5a\
\x5a\x4f\x9a\xec\x55\xc7\xa0\xda\xc3\x2b\xe2\x47\x8c\x76\x8b\x02\
\x4e\x02\x85\x18\x98\x51\x57\x22\xd4\x27\x8b\x3f\x78\x68\xe7\x43\
\xd9\xb5\xf2\x85\xdf\x6a\x46\xf6\x7b\xb1\x0b\xab\xb2\xe3\x6b\xb5\
\x86\xef\xb3\x4d\xa5\xe3\xdb\xb8\xd3\x77\xbf\xf1\x79\x63\x7f\x9e\
\x09\xd2\x72\x37\x09\x71\x80\xbb\x25\xee\x17\x50\xbe\x88\x0c\xcf\
\xfb\x96\x86\x5f\x7f\xc0\x3a\x5e\xfa\xbe\xbd\x40\xa5\xd2\x0d\x68\
\x65\x50\x3b\x7f\x90\x83\x8e\x8b\x81\xa0\x78\x1f\x88\x38\x53\x1a\
\x6f\x78\xeb\xdc\xa3\x2d\x42\x13\xb4\xf3\xbb\x70\x0a\x56\x1d\xd7\
\x04\x91\x9e\xf2\xad\xfa\xd5\xb7\x10\x75\xb8\xbb\x3a\x33\x96\xc5\
\xda\x10\x68\x08\x14\x29\x45\x96\x99\x97\xcf\x16\xbc\xcd\x58\xff\
\xe9\x2e\xbf\xeb\x8b\x80\x2f\x3f\x84\xec\xb3\xa2\x87\x5b\xa7\xaf\
\x69\xd6\xf9\x05\x01\x0a\x61\xb5\xc2\x04\x07\xf7\xcc\x7d\x14\x23\
\xe2\xf7\x35\xae\xa2\xbf\x3e\xd0\xd9\x04\xb8\xbe\x91\x35\x4a\x38\
\x09\x56\xba\xc7\x7e\x70\xe6\x7e\xf6\x63\x0f\x37\x26\xa7\x50\x08\
\x20\x84\x68\x68\x11\x37\x96\x5e\xa8\xcf\x8c\x1b\x8b\xbc\x8d\x46\
\x18\xd3\xea\x29\xb5\xf9\x12\x16\x2e\xb0\x64\x80\x4f\x31\xf7\x01\
\x7f\xcd\x33\xe3\x2b\x11\x23\xb9\x17\xf1\x60\xe6\x06\x2c\x12\xe5\
\xd1\x4e\xe0\xf1\x4b\xb0\xc2\xe9\xb1\xf8\x5c\x88\x2b\xfc\xa4\x4f\
\x62\x48\xe0\x11\xf3\xd5\xc6\x8f\xb5\x8e\x45\x8c\x61\x9f\x27\xb7\
\x51\x8c\x07\xed\x01\xeb\x40\xec\x3e\xd2\xdb\x3f\x3c\x8c\xd0\x80\
\x25\x15\xfc\x27\xb6\x7e\x63\x2a\x6b\xdf\x75\x2c\xe8\xf2\xc6\x59\
\xae\x9d\xe1\x9d\x82\x18\x17\xf6\xb1\xfa\x06\x85\x79\xee\xf3\x88\
\xc7\xf0\x80\xf6\x1e\xf1\x91\xc4\x3e\x44\x7e\xec\xf7\x56\x04\x01\
\x58\xdc\xf0\x12\xc5\x92\x94\xef\xc2\x11\xbf\x6f\x00\x3d\x03\xc2\
\x2c\xbd\xc3\x8b\x72\x1a\x18\x21\x18\xde\x42\xbf\xcf\xf5\x9e\xd9\
\x08\x56\xf5\xf9\x5e\x82\x7e\xfa\xf6\x47\xc4\x75\x93\xd8\xe4\xc9\
\xfb\x6b\x08\x17\x71\xa7\x4e\xd8\x45\x05\xd2\xf9\xd4\x3e\x9a\x3a\
\x81\x08\x96\x88\x7f\xc3\x4f\x87\xde\x83\x54\x5c\x6d\xec\x51\x5f\
\x76\xa3\xed\x99\x78\x0a\xcc\xaf\xbf\x44\xb4\x50\xf7\x3d\xca\x85\
\xf5\x10\xec\x59\xb9\xbc\x5f\xe2\x07\x61\xae\x75\x0c\xe7\x26\x3c\
\x12\x17\xf0\x44\x5c\x1f\xcf\xc3\x4c\x09\x86\x48\x0a\x00\xb9\x6a\
\x07\xf1\x29\xc8\x05\x8c\x33\x9e\x9f\xf6\xab\x8e\x2f\xa3\x2e\x70\
\xbe\xf6\x7e\x80\x6c\x99\xc1\x78\xb5\x3e\x0c\x7f\x62\x60\xac\x5e\
\x0f\xc9\xd5\x9d\xc0\x0a\xd0\x62\xa4\x06\x06\x27\x66\x43\x18\xff\
\xe1\x17\xcf\x7c\x01\x65\x91\x98\x8b\x49\x43\x23\xe4\x17\x07\xfe\
\x40\x6e\x57\x92\x47\xc8\x6f\x2b\x1f\x26\x9f\xce\x9a\xfb\x65\xad\
\x93\x88\x12\x59\xab\x45\x4c\x06\xca\x89\x02\x6f\xbc\xea\xf3\x22\
\x70\xde\x0a\x3c\x01\xf2\xed\xcb\xcf\x09\xdc\xc4\x81\xaa\xd9\xc0\
\x0e\x81\x23\xd6\xae\x62\xdb\x59\x6a\x07\x6e\x23\x24\xbe\x0c\x7b\
\xc4\x0d\x21\x17\x01\x0a\x92\xbe\x0b\xd0\xeb\x04\x7f\x10\x9e\x27\
\x57\xf6\xbd\xd8\xff\xcb\xa3\x43\xbd\x52\x7f\xf9\xb8\x82\xc2\x9d\
\x13\x0b\x0b\x93\x60\xfe\xe6\x91\xf7\x90\xc3\x00\x1e\xeb\x66\x33\
\x53\x7b\x42\x2b\x17\x26\x57\xe7\x98\x80\xed\x4b\x44\xc5\xac\xe7\
\x07\x51\x23\x8e\x61\x7d\xa0\x0a\xd8\x30\x10\xa5\x3c\xe1\x2e\x58\
\x70\xbb\x71\xf0\xd8\xcf\x55\xfa\x9b\xbe\x0a\x1b\xc1\x5c\xf2\x08\
\x17\xc1\x61\xf2\x3f\xec\x02\x71\x03\x50\x87\xdb\xc1\xff\x70\x57\
\x38\x97\xd4\x85\x80\x07\x9b\x20\x9a\xef\x0e\x4f\x1b\x44\xda\x87\
\x28\x07\xc7\xc0\x20\x33\xc4\xaf\xca\x22\x03\x84\x3d\xcc\x41\x9c\
\x6c\x65\x3e\x65\x70\x81\xf9\xa6\x0a\x34\x10\x75\x88\xcd\xae\xd7\
\x7b\x97\xb1\x56\x06\x78\x80\x09\x30\x6d\xde\x6d\x83\xc0\x61\xc3\
\x5b\x31\x00\x82\xe2\xda\xd8\x4e\xb9\x26\x9f\x0f\x28\x1a\xf5\xc2\
\x07\x2f\x82\x8d\xb2\x3b\x59\x86\x14\x16\xae\x19\xb9\xcc\xac\x8b\
\xfb\x0d\x00\xa6\xe6\x6e\x2a\x01\xa3\xfe\x08\x63\x37\xe6\xfb\x62\
\xd2\x80\xdc\x15\x64\x72\x27\x93\xb1\x90\x78\x6b\xb0\xf9\x04\xd7\
\x9d\xf9\xf4\x27\x54\x38\xc7\xc0\x9e\xfa\xfe\x00\x7d\x11\x87\x48\
\xf3\x01\x54\x98\xdb\x38\xfb\x3c\x81\x76\x7e\x78\xd8\x08\x11\x07\
\x2a\xb0\x88\x2d\x6f\x66\xef\x9e\x28\x30\x62\x32\x5c\x2b\x3c\x46\
\x8a\x88\x36\x63\x69\x22\x58\x0d\xa9\xe0\xa2\xed\xc5\xb4\xb9\xc3\
\x6a\x8c\x7d\xbe\xc3\x58\x88\xb4\x80\x19\xf0\xfe\x4e\x96\x68\xc2\
\xa9\x09\x80\x77\xac\x63\xc7\x17\xdc\x22\x62\xa0\x2c\x10\xd7\xec\
\x68\xeb\xbc\xfd\x1d\xbe\x02\xf0\x87\xb2\xce\xb4\xe0\xab\xeb\xf5\
\xe6\x5f\x35\x6d\xf2\x81\xd8\x59\x42\x29\x3c\x04\x5e\x5c\x31\x66\
\xdc\xac\x27\x90\x1b\x47\x84\x70\xa0\x02\x2a\x56\x0d\x26\xb1\x57\
\xa0\x3d\xec\xbd\x48\xc9\x27\x76\x93\xc7\x48\x6b\xc2\xd8\x20\x4d\
\x44\x15\x6e\x9e\xa8\xb2\x86\x56\xf0\xb0\x14\x38\x17\x9b\xf2\xac\
\xa7\xb7\x0a\xff\xee\xf2\x73\x9c\x13\x32\x98\x81\xe0\xf1\xcc\x80\
\xf3\x46\x36\x36\xc1\x4b\x79\x1f\x9a\xb6\xa2\x45\x96\x51\xb1\xa7\
\x6f\x1c\x40\xe7\x2d\x00\x7a\x6a\xac\x2e\x86\xdc\x3b\x4a\xf5\xeb\
\x60\x2b\x7e\xc2\x1f\x37\xce\x2d\x2f\x88\xa0\x8d\x61\x0f\x2c\x61\
\x4b\x71\xda\x56\x5f\x2e\xff\x54\x4c\x09\x12\xdb\xd4\x11\xf9\x21\
\x80\x45\x48\x0b\x38\x91\xc1\x81\xe1\xbd\xdc\x80\xfc\x84\xbb\x76\
\x9c\x5d\x0d\x36\xfa\x26\xf4\x83\x79\x11\x12\x34\xae\xaa\x4f\xe2\
\x5f\x85\x18\x3b\xf5\xb1\x81\xe0\x88\xb1\xd6\x94\xb1\x20\x40\x1c\
\x0f\xa9\x50\x7c\xb8\xe0\x6d\x0c\x7b\xa0\x19\x70\x39\xe8\xfc\x3b\
\x71\x35\x98\x0c\x6e\xc0\xee\x5e\x04\xb7\xc4\x5e\xdf\x98\x1b\xab\
\x04\x45\x43\x8b\xf3\x54\x05\xe2\x86\x29\xac\x02\xad\xd8\x59\x82\
\x0a\xb0\xf3\x98\x48\xb4\xe7\x73\xe7\xbf\xa0\x28\x69\x5c\x1a\x0c\
\xe3\x05\x88\x1a\xa1\xb4\xb5\x54\x2a\x20\x54\x60\x3d\x1d\x59\x24\
\xa0\xf1\x98\x38\xc1\xfb\x64\x80\xf2\x46\x77\x82\x8d\x6e\x3f\x37\
\x00\x7c\x7f\x50\xf3\x0d\xc1\xf8\xc1\x18\x31\xfb\x1a\x05\xfd\xf2\
\x18\x37\x72\x03\x27\x58\x66\x82\x00\xfe\xb4\x1e\xde\x85\xd6\x7b\
\xee\x49\x28\xc2\x2a\x30\xbd\x67\x97\x67\xde\x19\x7a\xfe\x16\x6e\
\x9b\x0d\xba\xfb\xc7\xba\xe2\xea\xf5\x82\x28\x22\x92\xc6\x86\x83\
\x10\xee\xef\x0d\x45\x65\xf9\x78\x2f\xde\x81\xdd\x55\xd0\x83\xd5\
\x05\x4d\xd8\xea\x86\x68\x45\x04\xc4\x76\x32\x82\x38\x1d\x88\x88\
\x4b\xf1\xe6\xbb\x5c\xfb\x69\x18\x35\x80\x88\xd7\xc6\xbb\xb3\xa4\
\xfc\x78\x46\x84\x13\x12\xe8\x81\x08\xe2\x89\x68\xdb\x34\x59\x9f\
\x67\x8f\xa8\xb2\x2a\x80\x31\x1f\x5c\x0e\xe5\x0a\x4f\x5d\x78\xe3\
\x55\x2b\xbe\x83\x3e\xc0\x6e\xc1\x17\xa0\x0b\xd0\x85\x55\x11\x30\
\x13\x70\xb1\xf2\x47\xbc\x7e\xf7\x2f\x2c\x12\xca\x2a\x8e\x41\x28\
\x9c\x39\x41\x7d\x58\x6e\xd0\x94\x40\xd3\xc6\x7b\x0d\xf6\x1e\xeb\
\xd4\x59\x61\x6b\xc4\x3b\xa4\x36\xc4\x5c\x83\x3c\x9e\x17\xfd\xf8\
\xca\x0d\x06\x98\x17\x8a\xb4\xb4\x35\xef\x98\xd1\xe8\x5f\xe0\xf3\
\x1b\x06\xb2\x41\xb2\x76\xf1\x79\x8b\x7b\xec\xb0\xd1\x08\x63\x18\
\xa3\xb7\x42\xb0\x84\x0e\x0d\x42\x0e\x1c\x51\xf9\x47\x84\x86\x83\
\x01\x6e\x70\x34\xfc\xaa\x20\x31\x89\x3d\x48\x21\x16\x0f\x87\xc5\
\x55\x90\xa2\x3b\x13\x5c\x82\x31\xb3\x06\xf6\x12\xd2\x7c\x43\xfb\
\x20\x36\x98\xdb\x80\x1e\xa7\x8e\x69\xe1\xb5\xe8\x7e\x82\x4c\x58\
\x10\x8a\x1b\xcd\xf7\xbc\x99\x55\xd9\x0b\xc7\x80\xe9\xdd\x0b\x36\
\x62\xf4\x1e\x81\xf8\x44\xb8\x62\x8f\x70\x03\x5d\x2c\xa0\x6c\x72\
\xc6\xdd\x1b\x46\x59\xb9\x9d\x02\x57\xc2\x24\x58\xbb\xf1\xf1\xbc\
\xad\xf1\x0e\xb8\x09\xa1\x13\x8a\x96\xba\xe2\x98\x98\x03\x9b\x3c\
\x8c\xe6\x03\x27\x61\x44\x63\xe0\xdb\x84\x08\x42\xee\x2b\x09\x79\
\x1e\x8d\xc4\xcc\xe1\x1b\x1e\x60\x0f\x43\xe5\x37\x38\xdf\x61\x2b\
\xeb\x8d\x79\x5d\x7e\xb9\xa5\xe5\x1d\xb8\x03\x93\x58\xc2\xcf\x18\
\x87\x8d\xa2\xf3\x2a\xda\x59\x54\x41\x00\x62\xd7\x98\x07\xde\xf7\
\x9a\xb0\xc6\x6f\xf8\x6a\x86\x43\xc9\x20\x33\xfd\xba\x89\x76\x0d\
\x5e\xb1\x07\x11\x91\x1f\xde\x20\x93\xbc\x04\xcb\x7f\x94\xb2\x50\
\x9c\x66\xca\x04\x5a\xc0\xb2\xb0\x3d\xea\xd4\xe7\x2e\x3d\xa3\xb8\
\xd9\x4c\x96\xfb\x83\xc3\xad\x6b\x0d\x59\x14\xcc\xc8\x44\x06\x2b\
\x62\x12\x08\xd9\xf7\x11\x52\x15\x22\xae\x1d\x8a\x5f\xec\x83\x60\
\x63\x31\xe9\x63\x97\xe1\xea\xac\x0d\xf8\xf8\xb1\x08\x2c\x1c\x21\
\xdf\x94\x46\x50\x3f\xf1\xf9\x40\x13\xe2\x63\x62\x56\x70\xbe\x4f\
\x3d\xd6\x8d\x6b\x1d\x82\x87\x72\x56\x27\xa7\x21\xb3\x22\xa2\xc1\
\x7d\x61\x8f\xe8\x18\x18\x3a\xe8\x03\xba\x5c\xf9\xe8\x5f\xc8\x29\
\x8f\x48\xc0\x06\x89\xd1\xae\x79\x80\xd9\x30\x26\x42\x05\xc6\xf3\
\x81\x65\x5f\x45\xae\x54\xa2\x5e\x07\x60\x8b\x49\x06\xee\xb6\x23\
\xfb\x08\x90\x7c\xbf\x96\xab\xa0\xb2\x08\xc7\xec\x37\xa0\x5c\xf9\
\xfe\x68\xb8\x36\x3b\x8d\x9e\x07\xa0\xf8\x25\x44\x67\xb7\x3a\x20\
\xbe\xe0\x36\x6b\xb3\x36\x6c\x94\x44\x8b\xa0\x26\x7d\x7a\x6b\xbb\
\x80\xeb\x16\xbb\x29\x0a\x34\x22\x0a\x0b\x18\x4d\xac\x0b\xfe\x4f\
\xdc\x4b\x18\x3d\x86\x95\x0a\xb4\x51\xa9\x11\x25\x2a\x18\x5e\x26\
\x42\xc1\x78\x61\x3e\xbd\xe0\x8b\x2d\x06\xec\xa8\xf6\x37\x34\x94\
\x2c\x31\x91\x10\xea\xa6\x01\x87\xf9\xd5\xc8\x93\x1f\xfc\x20\x19\
\x5e\xdf\xc3\xf2\xe4\x21\x34\x25\x33\x94\x73\x24\x42\x5d\x2e\x3c\
\x58\x80\x26\xa4\x0b\xa4\x64\x91\xd0\x70\xeb\x9e\x70\x7b\xc9\x3a\
\xa6\x8b\x4e\x01\x5c\xc0\x42\x08\x9f\xea\xca\x94\x5a\x70\x6d\xd0\
\x83\x78\x09\xaa\x79\x16\xf6\x83\xa0\x0e\x6d\xc0\xe1\xcb\xb8\xd0\
\x1a\x13\x4d\x0d\x69\x94\x2f\xa3\x67\xe0\xe6\xb2\xd0\x0e\x18\x9a\
\xb0\xc9\x9f\xf2\x0f\x82\x86\x34\x04\xad\x07\xb7\x82\x02\xbd\xb7\
\xba\xe4\xc1\x61\xf0\x76\x4c\x3a\xa1\x20\x25\xe7\x60\x34\x18\xa2\
\x84\x2f\xc4\x28\x14\x3f\xbb\x96\x65\x3f\x18\x4e\x95\x65\x01\x68\
\x00\x28\xb4\x02\x9f\x85\xe6\x47\x9f\xfe\x23\x82\xb0\x90\x90\x50\
\x51\x1b\x56\x8b\x6b\x88\x06\xa6\x5e\xaa\x06\xc5\x4a\xc7\x1b\x85\
\x51\x9e\xc7\x74\x4b\x3a\x29\x91\x8e\xae\x05\x23\x32\x71\xf6\x87\
\xbb\x86\xb7\x04\x32\x3d\x20\x27\x88\x2e\x87\x2c\xe9\x2e\x33\x43\
\x19\x64\xe9\xaa\xd9\x09\xc9\x46\xff\xb0\x17\x7c\x02\xb0\xfc\x16\
\x0c\x73\x95\x13\x13\x09\x5c\x9b\x7d\xbc\xf7\x13\x2b\xe6\x00\xd2\
\xde\xab\xe3\xdc\xe9\x7a\x1f\xe0\xba\xdc\xb8\x37\x8e\x88\x5c\x81\
\xbc\x0d\xf9\x18\xd2\x78\x89\x1b\x13\x07\xbb\x11\x58\xdc\xf8\x9c\
\x7b\x9a\xf9\x1b\x3f\xaf\x37\xec\xfd\x64\x72\x0d\xf7\x73\x21\x06\
\x72\x85\x12\x21\x32\x22\x77\x47\x30\x17\xa3\x91\xea\x50\x55\xb8\
\x01\xd4\x06\x65\xf0\x71\x21\xc4\x28\xda\xf9\xe6\x82\x18\x2b\x61\
\x0b\x79\x8f\xb0\x22\x20\x94\xe1\x72\x5c\xa2\x03\xb8\x06\x6e\xc1\
\x98\xf0\x63\x88\xed\xcc\xc8\x29\xf6\xcc\xb0\x06\xdf\x21\x0a\x49\
\x4c\x78\x72\xee\x09\x11\x1e\xf6\x30\xfb\x05\x86\x58\x50\x12\x49\
\xd0\x61\xed\x1a\x37\x91\x03\xc1\xcd\xe2\x61\xc2\x78\xd7\x01\xb2\
\xb5\x4a\x8f\x01\x42\x85\x3a\x1d\x2e\x2a\xbe\x13\x84\x79\xd3\x42\
\xc4\x76\x3e\x73\x1b\x4f\x96\x79\xba\xc4\xca\xde\xd7\x83\x67\x71\
\x91\x7d\xab\xa7\x0b\xbc\x07\x1a\x31\x76\x17\xe8\x01\xa2\x35\xe0\
\x09\x05\xc0\x7d\x89\x9f\xc6\x30\x79\x5a\x01\x2e\x58\xd3\xcf\x50\
\x3f\x51\xfa\x19\xa4\x2a\x57\xdd\xef\x8b\x1b\xf2\xc6\xac\xf9\xa0\
\xa4\x9a\xd9\x05\x14\x48\x30\x93\xf9\x59\x69\x91\x7a\x35\x73\x24\
\xdc\x3b\xac\x31\xce\xc3\x39\x4a\x69\x98\x2e\xd7\x62\x53\x4c\x68\
\x12\xbc\xde\x5d\xd1\x7b\x70\x11\x78\x30\x40\xc9\xe7\x42\x68\x58\
\x49\x14\xdd\x38\x4c\x70\xaf\xc2\x8b\xdc\x29\x81\x63\x88\xd7\x27\
\xc3\x89\x8a\xc7\xa6\xba\xcc\xf5\xc2\x95\x58\x02\x62\x9a\xfa\xe9\
\x9b\xcf\x49\x54\x21\x37\x5e\xed\x1a\x11\x34\xe6\x3d\xe4\x8d\x37\
\xde\x87\x54\xe1\x31\xd1\x34\x20\x0d\x5b\xff\x66\xb0\x7a\xf2\x34\
\x99\x7d\xbc\x60\x7b\xf8\x4b\xbf\x4b\xf2\x5e\xfa\x67\x32\x2b\x11\
\x83\xa0\x6b\xfb\x33\x0f\x85\x74\x00\x53\x95\xcc\x6f\xcd\x56\x3e\
\x3a\x0c\xc4\x44\x19\xfe\x0b\xf5\x26\xca\x96\x7b\xde\x9f\x4e\xbb\
\xcc\x7f\xf7\xa5\x07\xdd\x2c\x2f\x7b\x07\x50\x41\x87\xde\x59\xc1\
\xce\x4c\xa0\x5d\x20\xbd\x6a\xf8\x3b\x60\x07\x75\xaa\x67\xd7\xd9\
\x12\xc4\x3e\xc1\x0a\x30\xc0\xb2\x27\x86\x03\xb0\xc4\x05\x53\x78\
\x95\x99\x0d\xb3\x46\x3d\x81\x86\xe6\x78\xa1\x9b\xf0\x60\x08\x97\
\xc9\x56\xde\x0b\x7e\x58\xed\x22\xaa\x48\x0a\x20\x98\xef\x8e\xf5\
\x41\xd3\xc6\x04\x8d\x96\xd6\x0c\x18\x8c\x54\x09\x09\x6e\xc6\xe1\
\x6d\xec\xcf\x57\x00\x3a\x33\x7e\xb7\x29\xde\x6e\xfe\xa5\xb3\x24\
\x10\xfc\x44\x5c\x69\x7c\xee\x67\x2c\xde\x4f\xbd\x60\xa9\xbc\x6f\
\x22\x50\xf6\x01\xab\x59\x6f\xeb\x06\xc9\x55\xcc\x95\x38\x17\xcd\
\xa7\x0a\xd4\xd6\xca\x1a\x30\x91\x3b\x72\x00\x9e\x82\x9b\xb0\x23\
\x33\xa2\x5c\x78\x7a\xc8\xe8\xbb\x70\x30\x08\xc1\xc4\xad\xe1\x76\
\x9b\xa7\xfe\xf4\x13\x62\x2c\x5b\x0d\x47\x9b\x6c\xf8\x6d\xaa\x0f\
\x94\x46\x0e\xcb\x72\xc0\xdc\xd7\x6a\x57\xc7\xeb\x16\x71\x3d\xbe\
\x57\xd1\x33\x87\x31\x05\x5f\xd9\xa6\x79\xa1\x9c\x22\x14\x86\x0a\
\x62\xdc\x44\x6c\x58\x23\x90\x18\x13\x16\x4a\x64\x85\x11\xed\xd7\
\x48\xf3\x22\x30\x1f\x60\xdf\xcc\xc2\x9d\xd1\xfd\x1b\xa3\x01\x49\
\x32\x3a\x65\xf0\x5a\x80\x19\xc9\x52\x60\x55\xd8\x04\xe0\xcd\x42\
\x23\x71\x42\x3b\x39\x73\x2c\x22\xb4\x0e\x2a\x12\x64\xa1\x6a\xb0\
\x0e\xd8\x8e\x99\xc9\x7a\xc9\xd7\x46\x42\x75\x11\x7e\x09\xf1\x00\
\x8e\x6a\xed\xc6\x32\x21\xee\xe8\x7c\x8d\xe0\x45\x4b\x3d\x68\x70\
\xa2\xf3\x7d\xf2\x27\xf8\x0b\xe8\x82\x93\xe2\x8a\x1b\x6d\x80\x10\
\xbe\xb6\x6a\x77\xef\x28\x2f\x7a\x59\x16\x00\x03\xf2\xca\xbe\xa2\
\x31\x00\x1b\x60\x05\x92\x19\x26\xec\xe7\x76\x19\xd1\xff\x1b\xd2\
\x0e\x48\x3f\x5c\xe3\xe5\x6e\xa7\xc5\x8a\xf1\x5d\x0d\x79\xa9\xe9\
\x7e\x70\xa9\x4a\x1c\x37\x20\xc2\xdd\x7d\x59\xcd\x08\xf3\x7b\x00\
\x3f\xec\x4f\xc0\x70\x59\x3f\x48\xc1\xaa\xd8\x59\xcf\x80\x30\x90\
\xf3\x0a\x49\xb8\xc1\x84\x68\x41\x68\xa1\xa5\x80\x13\x61\xff\x36\
\x41\x73\xc2\x46\xb3\x7a\x33\x2a\xb2\x16\x6f\x78\x1f\xd3\x07\x93\
\x48\x0a\x25\x4c\x7c\x06\x57\x63\x0d\xbe\x93\xd0\xf0\x16\xfb\x36\
\x1c\x69\x89\xd8\xc6\x44\x83\x8d\xba\x4d\x1f\x0e\x1c\x1c\x16\xcc\
\xb2\xdc\xad\x43\xb1\x5e\x9e\x69\x83\x8c\xe5\x31\xb5\xec\x86\xe3\
\x2b\x08\xca\xd9\x7d\x64\xa0\x6f\x63\x90\x3a\xbc\x59\xca\xed\x5e\
\x6f\x28\xc4\x28\xbf\x34\x14\xf7\xb5\xe0\x51\x78\xcc\x44\x28\x15\
\xb3\x1e\x19\x8a\x52\x4a\xc0\x25\xb8\x44\xe7\xe1\x11\x9e\x27\x41\
\xf6\x11\xb2\xb3\x19\x62\x04\x5f\x79\xcd\x59\x40\xd6\xd6\x28\x7c\
\xa4\x16\x30\x86\x00\xb8\x81\x0f\x79\xa1\xa0\x84\x40\x6e\x84\xd7\
\x17\xf8\x8e\x73\x10\xf9\xf3\x32\x40\x40\xbf\xae\x2f\x98\x9f\x61\
\x3d\x10\x15\x9b\x1d\x22\x66\xe4\x40\x3c\xdf\x78\x38\x12\xe1\x36\
\x4b\x7e\xb6\xbc\x3e\xf8\x3e\x78\x16\x91\xd0\x3c\xe3\x6d\x2e\xab\
\x2d\xb6\xf2\xe1\x95\x35\x5f\x2c\xd9\xbb\x75\xb6\x0c\xdb\xb1\x66\
\x63\x1e\x9d\x17\xa2\x42\x4e\x4d\x1d\x1b\x3b\x76\xdf\xa6\x26\x65\
\xe9\x8b\x8b\x21\x7c\x02\x8a\x0b\xd8\x57\xca\xec\x86\x70\x03\x8f\
\xda\xe4\x8e\x81\x5d\x38\x72\xb0\x38\x53\x4d\xfe\x11\xec\xd8\x9c\
\x04\xaf\x62\xe3\x78\x39\x92\x99\x98\x33\x10\x69\x50\x47\x6c\x19\
\x9f\x7b\x07\x76\x43\xa0\x51\x64\x62\x90\x70\xb1\xfb\xc9\xec\x98\
\x3f\x45\x17\x61\xcb\xc0\xc2\x41\x24\x42\xdb\x51\x8e\x47\xd0\xc0\
\xa1\x25\x1b\xdc\x23\x8c\x02\x37\x79\xa1\x4a\x13\x01\xff\x40\x15\
\x4b\x61\xd7\x60\x34\x44\x65\x5e\x8e\xc1\x11\xb7\x08\xdb\x78\x00\
\x1f\x87\xae\x43\xca\xa0\x4c\xd9\xfb\xc7\x3c\x59\xa8\x2d\xd7\xa9\
\x62\x6a\x72\xe7\xae\x17\x11\xbe\x08\x41\xb5\x3c\x71\x5c\xed\x17\
\xe3\xa0\xe2\x61\x7f\xb0\x38\x79\x4d\x6b\x83\xbd\x84\xe9\xc3\x92\
\xcc\xfb\xdf\x6b\x12\x86\xb8\xbf\x1b\xb7\xe7\xc3\x52\x4e\xb2\x5b\
\x82\xc0\x63\x36\x15\x9b\x6b\xc4\xfe\x0f\x4d\x80\x6e\x25\x40\x36\
\x88\xd1\xc4\xb2\x17\xa1\xe6\x8e\x01\x6f\x5d\x35\x63\xab\xac\x05\
\x52\x0e\x38\xca\xfb\x86\x0a\x24\x3c\x7b\x13\xcf\x10\x8c\xec\xa4\
\xae\x59\x54\x90\x26\x76\x6c\x9c\x98\x26\xff\xfb\xe6\x13\x91\x20\
\x9f\x8f\x55\x0f\xa8\xbe\x2f\xac\x44\xd7\x53\xb2\xe0\x88\xe6\xbb\
\xd0\x2b\x38\xc3\x63\xee\x72\xf1\x4d\x6b\x54\x84\x23\x16\x91\x58\
\x65\x86\x9d\x00\xbb\x0b\xfc\x59\x31\x8f\x0c\x1d\x9f\x55\x21\x24\
\x29\x8f\xe6\x2f\x14\x25\x71\x0a\x4d\x01\x39\xb0\x4a\xc9\x16\xc1\
\xee\xd9\x05\xc2\x83\xf5\x35\x78\x3c\xb0\x03\xb2\x41\x58\x91\x54\
\x19\x3d\x0b\xec\x4d\x16\x09\xcb\xe0\x31\x41\x76\x02\x56\x0f\xec\
\x7e\x04\x07\x78\x22\x33\xee\xec\x2c\x60\x2d\x00\xf3\x14\x10\x20\
\xd6\x08\x0b\xc4\x64\xcb\x36\xe9\x20\x2c\xb2\xb1\xf5\x84\xd0\xc8\
\xd7\x63\x3c\x30\x8b\x8a\x23\xa8\x95\x58\x1c\xb3\x9c\x0b\xf5\xc2\
\x07\x43\xf1\x9a\xb7\x64\x6d\x30\xed\x6b\xa2\x8b\x94\xf1\xd8\x1d\
\x71\x98\x05\x6d\x05\x7e\x96\x20\xb5\x05\x35\x00\x09\x7d\x10\x63\
\xa7\x30\x01\xdd\xc0\x49\xbf\x07\x32\xc3\x36\x98\xbf\x2f\x72\xac\
\x0f\xad\x59\x4d\x8c\x67\x90\x86\x17\xdf\x73\x48\xb1\x01\x76\xc8\
\x55\x47\x37\xf9\x01\x30\x49\x98\x51\xc8\xc4\x40\x74\x3e\xd2\xc1\
\x95\x45\xaa\x14\x74\xdc\xcd\xf5\x07\x2a\x09\x00\x50\x76\x9c\x4a\
\xcd\x02\x7f\xf6\x80\xcb\x63\x6c\x66\x4f\x00\x7f\x50\xf2\x01\x79\
\xc1\x45\xb1\xd5\x7c\x47\x87\x24\xe2\xcc\xa6\x96\x44\x0f\x5c\x8d\
\x87\x99\xc7\xa1\xbf\x24\x3f\xd2\x25\x96\xe9\x87\x6f\x2c\xc4\x9e\
\x75\x20\xc3\x5c\x06\x85\xe0\x04\xc4\xe0\x5b\xa5\x82\x14\x41\x71\
\x83\xe9\xe6\x0f\x5e\xeb\x77\x80\x2c\xa2\x88\x67\x7d\x89\x2a\x6f\
\xbb\xcc\x4e\x4e\x56\x86\xbb\x46\x33\x8c\xa3\x35\xc1\x47\xb4\x2f\
\x77\x0d\xef\xc7\x56\x11\x04\x3d\x46\x04\x61\x27\xf4\xca\x35\xa4\
\x4a\x2c\x39\xb1\xca\x76\x0b\xdc\x1d\x91\x7a\x01\xa5\x95\x40\x72\
\x92\xf7\x10\x6d\x89\x5e\x4a\x3c\x3d\xfb\x0a\x28\x98\xff\x81\x78\
\xda\xec\x84\xad\x76\x6b\x7f\x0d\x22\x0d\x4f\xc5\xf2\x52\x3e\x7c\
\x27\x75\x1c\x02\xc6\x16\x91\x52\x83\xc7\x58\xb7\x15\x3e\x24\xfb\
\x02\xcb\x90\x32\xaf\x19\x83\x70\xb2\x1c\x18\x10\xc0\xe4\x4e\x45\
\x8d\x04\x44\x21\x90\x2c\x4c\xcb\x08\xd2\x15\xaa\x6f\xbe\xa2\x85\
\x35\x2b\x6d\x32\xdf\xa4\x11\xbe\xfd\xd0\xf5\xb9\x66\x44\x35\xc6\
\xe9\x9d\xf1\x7c\x35\x4f\xb6\x11\x21\x6e\x46\xc2\xfa\xc8\x11\xd7\
\x18\xa1\xf5\x93\x5d\x2e\xdc\xf0\xe3\x47\xdc\x9c\xe9\xd3\xa4\xb7\
\xf1\x40\xc0\xa8\x7c\x68\x81\xe6\x10\x6a\x80\x1e\x7b\x85\xca\x27\
\xf5\x69\x02\x36\xe6\x2b\x90\xdc\xa6\xaf\x80\x27\x08\xf0\xba\x80\
\xc1\xc4\x67\x8f\x40\x40\x9e\xb0\x31\x2c\x18\x2a\x68\x82\x1f\xed\
\x0d\x30\x42\x97\x1f\x7c\x30\xc6\xa7\x23\x0f\x3f\xac\x88\x58\xcd\
\x95\x78\x7b\x36\xf5\x87\x57\x1d\x4d\x78\x8d\x84\xea\x41\xea\x71\
\x23\xfc\x81\x71\x84\xd7\xca\x1e\x37\x4d\x90\x0d\x37\xcc\xff\x31\
\xf8\x9f\xc6\x03\x2e\xb9\xe6\x28\xe1\x25\x84\xa7\xd3\x76\xf2\x21\
\xa3\x70\x67\x08\xf7\x25\x13\xef\x05\x90\xb0\x68\x99\x9e\x8a\xd8\
\x0f\x02\x0e\x94\xd0\xfa\xa0\x1f\x5c\xad\xc9\xa0\xed\xd8\x77\x38\
\xfa\x6b\x3a\x9e\x9d\x57\x00\x43\xcb\x67\xd3\xf1\x90\x10\xe1\x85\
\x98\x12\x89\xef\xa3\x73\x50\x21\xd0\x54\x22\x12\xc6\x0c\x4f\x79\
\x40\x9c\x94\x70\x86\xdb\xe7\x46\xa0\x04\x9c\xbd\x9c\x5c\x3a\x7a\
\x2a\x03\x6c\x40\x87\x31\x6e\xa1\x20\xf1\xec\xa5\x01\xbd\xb2\xc7\
\xc5\xdd\x1a\x38\x6a\x80\x9c\x22\x61\x06\xab\x05\x91\x44\x8f\xaa\
\x2c\x03\x5e\x27\xd7\x62\x9f\x51\xb1\x10\xa6\x59\x23\xb4\xef\x1b\
\xfc\xef\x75\xea\xdb\x51\x1e\x16\x88\xdd\x07\xe8\x31\xfd\x81\xe7\
\x02\x4a\x86\xd3\xdb\x4d\x7a\xf0\xf9\x67\xdf\xf9\x10\xcd\x7b\x86\
\x8a\x59\xbc\xeb\xb5\x40\x6d\x5a\x8e\x68\x7b\xc1\x73\xb2\xad\x59\
\x37\x78\x06\xfb\x7f\x4c\xcf\x20\xb0\xb1\x5b\x36\x00\xc3\x5a\x2f\
\x94\xd0\x25\x0f\xbc\xd2\x7c\x8b\x06\xdd\xa5\xe0\xdd\xfc\x47\xbc\
\x95\x12\x76\xd6\x21\x3b\x74\xe8\x12\x84\x23\x56\x72\xf2\xe4\x9f\
\xfc\xc3\xe4\x81\xd5\x62\x6e\xbb\x98\xc6\xab\xf7\x23\x61\xe3\xa7\
\x70\x88\x17\xf2\x60\xe2\x0d\xeb\xe7\x63\x80\xf6\x0a\x3f\xaa\x08\
\xca\x76\x2b\x45\xe0\x35\x77\xfa\xcc\x90\x70\xad\xff\x2a\xc9\x29\
\x97\x41\xe1\x7e\xd2\x1a\x68\x1d\x72\xeb\x24\x32\xaf\xe7\x67\xf1\
\x50\xd4\x3f\xf5\xb5\x70\x1a\x04\x44\x19\x22\x70\x80\xab\x25\x3e\
\xfb\x24\x45\xb9\xf6\xb6\x19\x02\x39\x56\x27\x4c\x1b\xc8\xec\xec\
\xb1\xc2\x7b\xb2\xd8\xc4\x46\x98\x07\x61\x17\xae\x70\xcf\xce\xef\
\xdc\xca\x9c\x26\x8e\xd6\xa7\xbd\x2c\x3c\xdf\x3f\xb2\xe5\xb7\x55\
\x06\xeb\xcc\x3d\x10\x48\x0c\x43\x77\x41\x58\x10\x24\x86\xfd\x47\
\x58\x46\x97\xdb\x11\xfb\x17\xef\x4e\xe6\x3a\x36\xf4\x6e\xf3\x34\
\x28\x2a\x18\x15\x17\x25\x2e\xbe\x37\xa8\xa7\xc7\xb3\xa6\x0d\x0f\
\x32\x05\x06\xcd\xb1\x42\x51\x6d\x1b\xba\xad\xb5\x98\x41\x24\xc8\
\xe8\x29\x79\x7e\x19\x85\x03\xf9\x22\x12\xb7\x05\xf2\x3e\xe2\x78\
\xe3\xc6\xf8\x04\xa0\x66\x99\xa0\xab\xb6\xdf\xf1\x30\x36\x51\x3e\
\x61\xf7\xeb\xe6\x19\xf0\x9a\x57\xe1\x20\x3f\xb0\x6a\x84\x31\xe2\
\x8f\xea\x99\xc4\xa6\xb1\x9e\x6a\xd8\x53\x5c\xe3\xea\x9f\xf7\x91\
\xca\xaf\x35\xe0\x85\x58\xa6\xb3\xa2\x17\x51\x7f\x96\x6d\x7e\xe4\
\xd7\x89\x00\x7e\x41\x69\x90\xb5\x77\x86\xc8\x23\xbd\x71\xa1\x0d\
\x7e\x37\x58\x35\x4f\xf4\x44\x29\x37\x80\x92\xf1\xc4\xfb\x9f\x2a\
\x82\x97\xb2\xf9\xce\xf2\x59\x38\x49\x80\xec\x11\x93\xf2\xdd\x5f\
\xb6\xaa\xdb\x53\xc2\x5a\x3e\xe6\x5c\x5b\xb4\x8b\x80\xb8\x59\x77\
\x39\x65\xcc\xfc\x98\xef\xc4\xb7\x31\x2e\x38\x07\x52\x14\xef\x6a\
\x3e\x4d\x83\x3c\x74\x3f\x11\xd4\xb2\x35\x23\xb1\x2e\x03\x27\x20\
\x22\x60\xbf\xd5\x14\xe6\x32\xf0\x60\x0c\x7b\xc5\xf0\xf4\x65\x4a\
\x25\x9a\xc7\x7a\xca\x77\x3a\xeb\x0a\x88\x76\x5b\x5f\xbf\x01\x84\
\x8e\xb7\x6d\xdb\x51\xd7\xa3\xec\xc1\x5d\x3b\xe1\x8d\xad\x42\xd1\
\xe4\xac\x63\x9a\xa1\x23\xa8\x40\x61\x4d\x7e\x10\x6f\x61\xcd\xf1\
\xc2\xa6\x4a\x00\xc3\xde\x1b\x64\x7b\xa0\x5f\x44\x37\xa4\x5e\xc3\
\xd8\x53\x85\xe4\x00\x45\x50\x1b\x42\x36\x2b\x85\x2c\x2e\x19\xb0\
\xc4\xff\x2c\x78\x2d\x58\x27\x21\xba\x85\x41\x88\xbd\x88\xcf\x78\
\x89\x29\x35\x1e\x9b\x78\x80\x7c\xca\x56\xc4\x96\x7d\x42\xaf\xdd\
\x3e\xe6\x10\x60\x45\x19\x09\x00\xe9\xd5\x00\xc2\x8d\xab\x7d\xe6\
\x3d\xd2\x08\x46\xa8\xaf\x4d\x2e\x94\x2c\x64\x3d\xef\x40\x7a\x76\
\x40\x28\xe2\x0b\x58\x2f\xc0\x0a\x47\xaa\xea\xd8\x89\xff\x10\x49\
\xd0\xb8\x21\x54\x76\x0a\xa3\xfb\xcc\x20\xbe\xfb\x38\x55\x69\x44\
\x1d\xa2\xc8\x53\x40\x05\x74\x90\x54\xe4\xf9\xe0\x31\xa6\xcf\xe1\
\x7b\xaf\x6d\x5b\xca\x9b\xf5\x95\x19\xcc\xf3\x11\xf8\xdc\x22\x73\
\x3b\x0a\xcb\x67\xb1\x4a\x2f\x9f\x06\x5d\x2a\xf0\x23\xd3\xc6\x78\
\x47\x54\xa4\x05\xf5\x97\x37\x06\x20\x9d\x28\x62\xbe\xfc\x69\x6c\
\xa2\xfd\x63\x7f\x88\x72\x40\x4d\xc0\x8a\xb1\x00\x58\xad\x35\x71\
\xd4\xcf\xf7\x5e\x16\xcc\x2d\x57\x00\x9c\x60\x24\x01\x14\xe0\xbf\
\x03\x30\x09\x35\x80\xfc\xb4\x04\x58\x23\x29\xb9\x27\x38\x29\xc4\
\x04\x54\x7c\x52\x03\x02\xe5\xb8\x0f\xd8\xc4\x7b\x2b\x90\x79\x65\
\x36\x07\xea\x5f\x40\xcc\xc7\xea\x2a\xde\x80\x7e\x86\xc0\x74\x49\
\xb9\x5d\x42\x19\x12\xd6\x46\x80\xf9\x61\x65\x43\x2c\xda\x77\x3a\
\x9a\xfc\x0b\xfa\x54\xb7\x33\x7b\x5c\xd6\xe0\xbf\x65\x89\x13\x32\
\x67\x65\x00\x09\xb1\xef\x13\xfb\x40\x26\xcc\x69\x83\x3c\x04\x6b\
\xb6\xeb\x2e\x6c\x26\xd2\x78\x3d\x56\xf5\x3f\x22\xd7\xe4\x56\xb9\
\x23\xe0\x15\x95\x6d\xcb\x6e\xb0\xae\x9e\x95\x5a\x10\x04\x76\x04\
\x74\x20\x6c\x62\xeb\xed\x26\xa8\x00\x70\x78\xa6\xb5\x28\x76\xce\
\x70\xfd\x66\x60\x11\x2d\x06\x0a\x06\x36\xc1\xab\x3e\x08\xbf\x0d\
\xa0\xbd\xb6\x9f\xa5\x12\x51\xc0\x3d\xa5\xd7\xea\xae\x45\xb6\x65\
\xcb\x15\x40\x8f\xcd\x42\x38\xcc\x8d\xbf\x93\xc0\x7a\x52\x47\xe8\
\xe9\x99\xe3\xc9\xa2\x02\x38\xc5\x36\x46\xb6\xbb\xda\x70\x8a\xdd\
\x5b\xd7\xda\x87\xf2\xab\xcc\x4c\x6d\xd6\x86\xb8\x9e\x86\x59\x3f\
\x8a\xf5\x89\xe8\xcd\x0f\x5d\xcb\x6b\x97\xb5\xdf\x2d\x0d\x5b\x55\
\x75\x94\xa0\x41\xc0\x4b\x90\x10\x25\x74\x76\x34\x83\x46\x8c\xb4\
\x89\x40\x41\x9c\x7c\xc7\xe3\x63\x03\x2e\xaf\x75\xd9\x82\x91\xef\
\x9d\xc6\x31\x87\x64\xa2\x7a\xa1\x20\x09\x76\x9b\xcd\xb2\x26\x7c\
\xd8\x3e\xa1\xd3\x66\x94\xac\x08\xce\xb6\xbf\xe4\x43\x20\x2c\xfb\
\x3f\xac\x64\x61\x3d\xb9\x21\x05\x0d\xe1\x17\xfa\x9f\xd1\xd8\xb1\
\x5f\xbc\x92\x5d\x6b\xab\xc2\xcf\x8b\x59\x37\xe4\xfd\x07\xed\xc5\
\xb7\x88\x12\x0b\xc1\x11\xab\x41\xf5\x91\x75\xa3\x23\x79\x73\x2a\
\x3f\x3c\x98\x4f\x7d\x55\x64\xf0\x93\x11\x2f\xa8\x13\xd8\x0b\x62\
\xb1\x20\xb7\xa9\xd5\x01\x97\x6e\xb6\x16\x2c\xa4\x01\x17\xb1\x38\
\x01\x87\x49\x92\x19\xf3\x2f\x3d\xaf\x28\xd1\xe1\x03\x4e\x2e\xd1\
\xfa\xed\xec\xe9\x2a\xa2\x34\xfa\x13\x9b\x6f\xe3\xfd\xee\xc8\xde\
\x1a\xab\x00\x63\xb6\x06\xd4\xdc\xa8\xb3\x20\xa7\x84\xb5\xbf\x32\
\x02\x04\x8e\xcd\xe3\x6a\xae\x2f\x00\x20\xa0\x4a\xbc\x11\xc7\x68\
\x9f\xd7\xbc\x30\x4a\x60\x66\x13\x34\x73\x60\x16\x80\x22\xb8\xd6\
\x61\x04\xeb\x7d\x6d\x9f\xdc\x46\x51\x8c\xea\xfd\x62\xb2\x62\x5d\
\x73\x80\x84\x63\x8e\xed\x85\x20\xbd\xa7\xb9\x02\x36\x8b\xf3\xdc\
\xf6\x97\xc9\xc4\x16\xa1\xcc\x26\x51\x69\x1b\xc8\xff\x59\xc8\x87\
\x38\xc0\x5e\x60\x07\x36\xc2\x0f\xe8\xb6\xd9\x98\x65\x70\x63\xd9\
\xf1\xda\x31\xae\x64\x00\xcc\xeb\xd3\xcd\xc1\x97\xe7\x14\xad\xc0\
\x9c\x9b\xa7\xb3\x17\x85\xad\x81\x0b\x3c\xe6\xcf\xb9\x39\xa2\xbf\
\x3b\x33\xcd\xc5\x5a\x2b\x02\xf4\x8a\x1b\x5c\xda\xc5\xb3\xf2\x89\
\xef\xa9\xc8\xa1\xf0\xb1\x54\xa2\xc6\x94\x0b\xbf\x81\x98\x8e\x76\
\xa9\x16\xe9\x89\x4d\x18\x49\x9d\xd3\x56\x04\xab\xaf\x38\xf9\x60\
\x1d\xd4\xd2\x50\xa7\x96\xaf\x6d\x84\xb6\x03\x0c\x17\x9c\xf2\x72\
\x7b\x89\xe7\x69\xcb\xc1\xb1\x26\x22\xa5\x2a\x2b\xb0\x08\x60\x10\
\xf6\xb0\x40\x35\x22\xcf\x53\xcd\x7c\x6d\x22\x3d\x56\x07\xaa\xc6\
\x6b\xda\x68\xc6\x75\xb1\xd4\xb0\xfe\x35\xe6\xb7\xcf\x84\x65\x30\
\xb1\xca\x45\x9a\x2a\x13\xe4\xf8\x02\x91\x9e\x67\xc5\xe6\xd1\xbd\
\x84\x7a\xe2\x5b\x0c\xf9\xaa\xb2\xc7\x57\xd4\x04\x92\x59\x2b\xeb\
\x90\xe0\xbc\x74\x3a\xc3\x6a\xc1\xe0\x53\x4b\x37\xf5\xb6\x4e\xa6\
\x2a\xdb\x57\xc1\xed\xcd\xc7\x17\x27\xa4\x58\x48\x68\x8b\x8b\x7b\
\xf8\x0c\x97\x47\x42\xc1\xee\x9c\xae\x60\xbd\xc2\xe9\x90\x38\x51\
\x7d\x9a\xf4\x82\x0f\xc1\x40\x12\x50\xb3\x82\x0c\x1b\x31\x73\xb2\
\xc9\xd6\x37\xb6\x8c\x03\xe6\xbf\x47\x96\xe7\x73\x43\x32\xa8\x20\
\xa7\x4b\x6a\x8f\x43\x21\x4b\xe4\xb6\xb9\x42\xc0\x19\x5e\xe9\xdf\
\xfe\x08\x01\xd3\xe6\x43\xd3\xd4\xed\xcb\x37\x91\x73\xe4\x70\xdd\
\xc3\x0a\xd9\x8c\xd1\x86\x02\xa8\xfd\x7e\x82\x29\x1b\x0b\x67\x37\
\x77\x6e\xe7\x7d\x25\x62\xb1\xa0\xdf\xae\x90\x33\x99\x3d\x5a\x1a\
\x9e\x02\x76\xc7\x02\xb1\x41\xb9\x0d\xa8\x1f\xb2\x30\x75\x02\x22\
\xfa\x91\x18\xa4\x43\x0d\x4b\x2b\x20\x3f\xa4\x8f\xa5\x00\x2d\xab\
\x45\x09\x6b\xfc\x50\x92\xfa\xbe\x4e\x9d\xd8\xcb\x7d\x10\xd5\x76\
\x4a\x1e\xee\x83\x68\xd9\x3d\x29\xe3\x49\xda\x83\x62\x54\x02\xb2\
\xc1\xba\x37\xed\x6a\x99\x09\xcb\x33\xc7\x66\x42\x9e\x67\x31\x75\
\x78\xdb\x37\x80\x5b\x00\x57\x88\x52\xac\x0a\xc9\x7d\x35\x2b\x56\
\xd0\xa7\x1f\x7d\x40\xb7\x1d\xfa\x00\xa2\x42\x72\xe0\x27\x98\x60\
\x48\x5c\x60\xda\x21\xe3\xf2\xa2\x5a\x61\x22\xfa\xd2\x87\xaa\x1f\
\xe0\x5d\xb9\xed\x74\x63\x8d\x6e\x9e\x10\x6b\x7a\xb1\x37\x74\xf4\
\xb8\xe5\xec\xd8\x11\x4a\xc9\xcb\xc0\x4e\xd3\x42\xb0\xe5\x65\x21\
\xfc\x35\x6d\x83\x8e\xdd\xb0\x29\x40\x03\x04\x42\x57\x9b\xd7\x78\
\x2e\x73\x7b\xa5\xd9\x43\xde\xa1\x59\x1f\xd2\x0e\xd5\x15\x2b\x42\
\xe9\xc6\xcd\x6c\x10\xef\x99\x25\x4c\x26\x49\xa0\xfe\xb2\xff\x23\
\xd1\x31\x61\x85\x55\x6a\xb3\x9f\x36\x8c\x6b\x8b\xb3\xa8\x01\x36\
\xb1\xd9\x5b\xc6\x6d\xb5\xb9\x80\xeb\x08\x40\x54\xb8\xc2\xf3\x7b\
\x5b\x7f\x6d\xb8\xfd\xa0\xf7\x03\x77\x9f\x10\xd3\x68\xbb\x34\x7c\
\x00\x0f\x62\x67\x01\xb6\x07\x3e\x67\x37\xa7\x42\xfd\x6d\x98\x03\
\xce\x82\x92\x85\xb0\x5a\x51\xc4\x05\x6c\x19\xfb\x4e\xdf\x3b\xe2\
\x18\x46\x5e\xed\x85\xc2\xfd\x66\xb5\x80\xca\x0f\x40\x6d\x02\x24\
\x1b\x49\x24\x8f\xcf\xe9\xe4\x41\x4e\x9c\xb4\x29\x8f\x0e\x5b\x3e\
\xf5\x01\x16\x7e\x58\x07\xb1\xac\x00\xeb\xb4\xdd\xa8\xa2\xc0\x08\
\xd9\x56\x2f\xca\x0b\x03\xde\x5f\x5d\x17\xa4\x7f\x5b\xf4\x23\x90\
\x22\x32\x0e\xdf\x79\x85\x7d\x96\xca\xe6\x7a\x5b\x88\x4a\xc1\xf5\
\x0c\x39\x90\xab\xe7\xbd\x03\x52\x9f\x1b\x9c\x6f\x3b\x71\xb0\xec\
\x19\x81\xce\x4b\xa6\x0f\x9e\x4c\xa8\x0a\x8f\x3b\x20\x52\xea\x91\
\xef\xa8\x86\xf6\xde\x66\x95\xf1\xcb\xcc\xcb\x27\x7c\xc3\xbe\x6b\
\x35\xa6\x2d\x8f\xd8\x07\x9a\x35\xcf\xc3\x53\xfb\x45\xec\xec\xcf\
\xb2\x10\x00\xa5\x62\xe7\x4c\x1d\x42\x57\xd0\x47\x2c\x0e\xec\x73\
\x7e\x98\xf4\xc0\xc1\x80\xac\xb2\x6c\x23\xee\x76\x5a\x65\xad\xa5\
\x9a\xd1\xb5\xef\x04\x38\xbf\xb0\x33\xc0\x7f\x5a\xb4\xd0\x3f\xd9\
\x18\xa4\xf3\xe9\x74\xeb\x70\x00\xa8\xc6\x9e\xf6\xfc\x0f\x59\x83\
\x65\x62\x7b\x87\xad\x31\x9b\x7a\x2d\x40\x10\xa1\x6e\x11\xe3\xfb\
\x35\x6b\x7b\x08\x07\xb8\xc8\x0b\x9a\xab\xd4\xb8\xe0\x27\x3b\x88\
\xf1\x65\xf9\x71\xa3\x2c\x0d\xb1\x2c\xda\xd7\x17\xec\xfe\x49\x5d\
\xeb\x43\xa0\x65\xc2\x5d\x0b\x27\x7d\x7f\xb1\x3e\xa8\x8f\x96\xa6\
\x01\xbf\xb2\xea\x1d\x38\x68\x90\xc0\xfa\x48\x94\xa1\xa1\x33\x4c\
\xfb\x8d\x88\xd7\x70\x13\x96\x15\x79\x81\x3e\x30\x11\x0d\x63\x62\
\x7d\xfa\x0d\x2e\x3c\x3c\x5a\xb7\x5f\xb9\xdd\x5d\x21\x0e\x52\x1a\
\xac\xe1\xa7\x60\xdf\x34\xa5\xd3\x89\x93\x87\x2a\x10\x83\x6d\x90\
\x96\xa0\xbc\x89\xdb\x84\xdc\x80\x28\xc8\x26\x16\x0f\xfe\x77\x99\
\x26\xc4\xef\xf5\x5d\x02\xaa\x69\x9f\x6a\x22\xc6\x4c\xbc\x7d\x23\
\x59\x81\x7e\xe3\xaf\x73\x9d\x9a\x61\x65\x0d\x01\x28\xd4\x1b\xc0\
\x70\xda\xa8\xf7\x69\x1b\xd9\x57\x57\x31\x9b\x24\x8f\x8f\x15\x81\
\x78\xda\x84\xd9\xf0\x74\x0a\x0f\x05\x14\xed\x16\x37\xb3\xd3\x18\
\x36\x20\x8c\x65\xab\x12\x78\xbb\x37\xb2\x23\x9f\xbb\x45\x93\xec\
\xcb\x42\xc6\xe8\xd6\x9e\xf1\xf8\x8f\x68\x5a\x03\xe1\x99\x4f\x61\
\x73\xd4\xc8\xcd\x8e\x25\x53\x65\xd9\x52\x24\x81\x5e\x05\x75\x00\
\xc5\x4c\x3e\xf2\xb1\x7c\xda\xef\xbc\x1e\x02\x1f\x1b\x04\x4d\x0f\
\xc2\x49\x85\x9c\xe7\x65\xd7\x75\x2c\x09\xe6\xf4\x4e\x33\xd4\xf0\
\x81\x49\xa0\x06\x04\x40\x1e\xfc\x10\x72\x50\x94\x96\x76\xb4\xb3\
\x10\x1b\x8e\x79\xda\x3d\xf0\x51\x34\xa7\xdb\xd7\xb1\x7b\xb6\x2c\
\x97\x22\x9d\x79\x75\xa5\xd2\x27\xf1\xf0\x4d\xb5\x12\xba\xf9\x34\
\x28\x4a\x36\xcb\xab\xbb\xb0\xd7\xdb\xc6\x79\x1e\xf7\xb2\xe1\x32\
\x47\xc2\x6f\x6c\x1d\x0a\x13\x1d\x00\x40\xa7\xd9\xb7\x79\x42\x91\
\xf5\x5d\x70\xef\x3b\x6a\xfe\x2f\x2d\xff\x47\xc9\xdf\x26\x17\x21\
\x44\xf3\x4e\x0d\xa7\x35\xa3\xa0\x3c\xb7\x8c\x49\x38\xb6\xeb\xf4\
\xc3\x62\xc0\x96\x05\x20\x15\x48\x66\x4b\x2c\x4f\x6a\xb7\xcc\xc0\
\x29\x13\x2e\xfd\x71\xfd\x17\x3e\x01\x67\x1e\xa6\x30\xe7\xd5\xfc\
\x56\x88\xb6\x57\x76\x8c\xee\x33\x3d\x34\x17\xaf\x84\x61\x43\x53\
\xed\xf8\x64\xdd\x01\x46\x49\x41\x71\x5a\xc3\x0c\x60\x59\x80\x3b\
\x96\x0a\x2a\x17\xd3\x84\xbb\x5c\xf1\xf4\x1a\x81\x36\xe8\x9a\x8f\
\xb0\x59\xed\x53\x2f\xa7\xe2\x34\x6d\xbe\xff\xf4\x29\xb0\x1c\x24\
\xc7\xf9\x77\x06\xbf\x4f\x1d\x16\x78\x5a\x6c\x16\xa2\x34\x2a\x86\
\xfb\x65\xc3\xfc\x19\x43\xfa\x86\x05\x85\xf0\x2a\xf8\x88\x2f\xc8\
\xe7\x3b\xa2\xa9\x92\x43\x20\xaf\x03\x3a\x72\x8b\x01\xb9\xb0\xbe\
\x32\x59\xc5\x1b\x6a\x87\x09\x8d\x6f\x74\xc2\xc1\x65\x6e\xc2\xfe\
\xab\xee\xce\x06\xbb\xa2\x6c\x66\xdc\x00\x25\x5c\x8d\x0f\xbb\xdd\
\x21\x8c\x29\x0e\x44\xf5\x3d\xa6\xe9\x61\x68\x13\xf6\xef\x06\xdb\
\x8c\x30\xc5\xa8\x7e\x45\x19\x82\xfa\x1a\xc8\xe0\xf9\x72\xdf\xca\
\x0e\x43\x9c\xb3\x15\x3c\xd6\xb0\x95\x08\xdd\x6a\xb9\xc0\xa6\xe4\
\x83\xd5\x6b\x3d\xc5\x07\x52\x2d\x9e\x92\xcf\x73\x2d\x7c\xe1\xb3\
\x7a\x05\xfe\x12\xa5\x08\x45\xf7\x58\xb6\xa9\xf0\xdd\x6a\xa9\x61\
\x83\xb2\x85\x85\x27\x1c\x11\x0b\x73\xf0\xca\xd0\x37\x51\x38\x46\
\xf1\x6f\x7e\xf6\xce\x5c\xc8\xf6\x1b\xba\x39\x9a\x12\x17\xc2\xd9\
\xf7\xd8\x82\x38\x6c\xc8\x8c\xf8\xaf\xfb\x24\x0b\xdf\xa0\x2b\x04\
\xb1\xa9\x19\x6d\xf9\x43\x92\xf3\xb0\x28\xa9\x5f\x33\xc5\xa5\x4e\
\xce\xc9\xd9\x1f\x80\x82\xb8\x9f\x33\xca\x65\x7c\x90\x13\x6e\x13\
\x60\x82\xbb\xa3\x67\x6e\x75\x35\x32\xd9\xb1\x03\xde\x89\x9c\xb4\
\x1b\xf5\x5e\xc3\x61\x8e\x53\x4f\xbf\x70\x39\x9f\x09\xbb\x1c\x5c\
\x30\x2a\x1b\x4e\x39\xbd\xe0\x04\xc4\x7c\xd6\xce\x5c\x7b\x40\x0d\
\x11\x5c\xcc\xb5\x0e\x62\x8a\xf2\x0b\xfb\x32\x5b\x6c\xce\xb8\x02\
\x1c\x80\x3f\xf2\xdb\x72\x05\xa0\x90\x70\xda\x67\x43\x7b\x30\xce\
\x85\xbf\x9e\xfe\x57\x38\x61\xb2\x36\x29\xf0\x63\x63\x45\xad\xcc\
\x0d\xc1\x96\x9d\x6f\x60\xb7\x93\xbd\xa0\xdf\x75\xc7\x61\x05\x9c\
\xf5\x8c\x1a\xe8\x69\x97\xc2\xa8\xf8\x30\x98\x90\x64\x70\xec\x93\
\x5b\x47\xac\x8f\xd3\xcb\x8d\xb2\xdd\x46\x6b\x68\xc7\x3e\xcd\xa3\
\x42\x6a\x98\xd7\x40\x5b\x3c\x0e\xeb\x0e\x2b\x3e\xfc\x00\xb5\x6b\
\xd9\xd3\xfa\x3c\x3b\xd3\x23\x20\xf8\x29\x55\x87\x25\x9e\x7c\xf2\
\xd8\x36\x5d\x00\xb1\x20\x31\x31\xdc\x37\xa9\xfb\x9f\xbd\xca\x6f\
\xb2\x8c\xc7\x32\x2b\x8c\x64\x85\x41\x01\x96\x9f\x19\x59\x90\x9d\
\x0d\x82\x92\x88\xe3\x5f\x72\x2c\xed\xb1\x14\xb7\x08\x56\x96\x1e\
\x89\xba\x6d\x65\x96\xe6\x82\x79\x64\xad\x14\x20\xc5\xcd\x89\xd0\
\x90\x7d\x87\x4e\x62\x5b\x77\xeb\x5c\x7a\x39\x33\xf7\xeb\xf1\x60\
\xcd\x96\xc6\x85\x47\xde\xf5\x86\x68\x63\x8e\xe6\xf8\x6d\x07\xbd\
\xa6\x33\xab\xde\x2e\x78\xe8\xa4\xd5\x13\x78\xe3\xa9\xf6\xbc\x70\
\xfe\x01\xa5\x9c\xb1\xab\x0e\xfd\x1a\x36\x8b\x82\x7d\x65\xbd\xd1\
\x96\x61\x60\x32\xda\xaa\x6d\xdf\x48\xe0\xa1\xd1\x3e\x98\x2d\x57\
\x49\xe6\x18\xf2\x63\x7f\x22\xd2\x36\x00\x3d\x70\x6d\x2b\xab\x04\
\x8a\xd7\x64\xb6\x01\xa4\x9f\x49\xd4\x63\x87\xce\x36\x19\x91\x41\
\xae\xeb\x13\x34\xad\x08\x71\x8d\x0c\x57\x39\x55\x9e\x71\xf4\x1b\
\xab\x96\x6c\xde\x76\x0e\xa5\x20\x1d\x81\xd9\x6a\x33\xe2\x46\xd0\
\xf0\x18\xb6\xb9\xcb\x3b\x3e\xd0\x61\xb5\xeb\x71\x1c\xa7\x37\x2e\
\x8c\x46\x88\xed\xfe\xf5\x32\x9b\xca\x6e\x44\x46\x53\x2d\x44\xf8\
\xc1\xed\x24\xe3\xe2\x87\x77\x80\x7c\xef\x13\x1a\x60\x83\x66\xb4\
\x7c\xfb\x02\x33\xeb\x32\x43\xd6\x5f\x38\x14\xa0\x07\x37\x83\x50\
\x4f\xa8\x3d\x5e\x64\x1f\xb2\xb7\x66\x15\x6f\xdd\x2e\xb8\x36\x8a\
\x58\x42\x0a\x97\xa5\x08\x44\xd1\xb1\xda\xcb\x76\xd0\x46\x14\x71\
\x92\x0a\xb3\xb2\xcc\x01\x08\x71\xb3\xf0\xf3\x10\xac\xd5\x7f\x50\
\x11\x16\x9a\xe8\xfa\x3c\x46\xa8\x9a\x14\x3f\x06\xf3\x66\x26\xa2\
\x10\xdf\x30\x12\xe7\x1e\x37\xe1\xa8\x6b\x0e\x8e\x29\x21\x0e\xc6\
\x70\xf2\x8c\xa0\xf2\xf1\x5a\x82\x6f\x35\x81\xdb\x1d\xd8\x7b\x8b\
\x7d\x4d\x4a\xfe\x62\xeb\x4d\xd4\x16\xb8\x56\x72\x58\xd4\x5e\xa0\
\xf4\x5d\x75\x21\x1f\x1f\xa7\x76\xd2\x40\x37\x36\xc9\x82\x01\xb5\
\x03\x00\x7c\xb9\x2c\xdb\x21\x52\xdb\x6d\xd2\x47\x4a\xf9\xab\x76\
\xd8\xf0\x62\x4d\xcb\x68\xea\x84\x16\xac\xd6\x24\x8e\x1d\xb1\xc3\
\x10\x4b\x64\xaf\xa3\x3f\x30\xbe\x67\x3c\xa7\x87\xc4\x12\x39\xa6\
\x77\x67\x68\xc6\xfb\x4b\x4f\x13\x0e\x6d\x52\x50\x3c\xe3\x9a\xf3\
\xc3\xdd\xe2\xb8\xe4\x82\x15\x58\xce\x87\x2e\x05\xd8\x50\x3e\xf3\
\x52\x9d\x4d\xc5\xb3\xab\xf5\x7c\x64\xa7\x5d\xcf\xe2\x4d\x88\xe0\
\x41\x0f\x77\xb7\x4b\xbd\x3f\x3c\x26\x26\xc7\x87\xd9\xe9\x9b\x6d\
\x5d\x72\x7d\xca\xfd\x22\xfc\xee\xb0\xce\x7c\xa1\x73\x52\x0f\x36\
\x8f\x50\x40\xe9\xb0\x24\x28\x3b\x18\x55\x74\x30\xa2\xdf\xc1\x4e\
\xd7\x72\x86\x64\x51\x03\x77\x9b\x57\xf5\xc6\x08\x7c\x37\x00\xdf\
\xee\x69\x55\xdb\xc4\x33\xe8\x33\xf4\x83\x19\xde\x7e\xf3\x98\xa0\
\xe9\xc0\x02\x24\xdc\xaf\xe3\x7d\xfd\xf4\x79\xdc\xe8\x11\x6c\x7d\
\xc3\x85\xae\xf8\xcb\xde\x23\x73\xc6\x7b\xda\x2f\x42\x31\x25\x30\
\xd0\x60\x78\x23\x1a\xab\xe2\xbf\x04\x30\xb8\xc8\xc7\x27\xdb\x4a\
\x89\xdb\x60\x29\xd9\x3e\xf1\x6c\x8a\x74\xa9\xc9\xaf\x25\xf1\xfd\
\xef\xf2\xfd\x88\x69\x04\x20\x7a\xf1\xb5\xb3\x46\xb9\x4f\xc8\x1c\
\xed\x56\x10\x9a\x3e\x01\x87\x53\xfb\xcc\x67\xaf\x18\xe0\xee\x7c\
\x18\x5a\x94\xc8\x66\x6e\x43\x9c\xbb\x1d\xb4\x01\x9a\x58\x16\x33\
\x02\xc5\xdc\x81\x98\x80\x82\x42\x7a\x3f\xa6\xb7\xf1\x09\x3c\x0e\
\x1f\xe0\x56\xae\x6e\x77\x08\x6e\x81\x02\x85\x3c\x4d\x07\x2b\xbf\
\x68\x29\x64\x8e\x97\xd0\xb3\xbb\x49\x20\x90\xf2\x74\x55\x65\x34\
\x38\xb1\xae\x82\x55\x27\xa7\x99\xce\x48\xd8\xbe\xb7\x25\x68\xa4\
\xb4\x51\x3f\x81\x81\x56\xae\xf3\x19\x5d\x07\xa2\xef\x55\xf2\xa1\
\xbb\x9f\x89\x9c\xee\xaf\xfb\x9d\xc7\xfb\x31\xd1\xdb\x15\x80\x5d\
\x3c\x3c\xaa\x13\x04\xe9\x2a\x16\x40\xeb\x63\x0a\x04\x9f\x92\xf1\
\xc7\x88\xd4\x33\xc5\x0f\x95\xb7\x81\xf4\x94\x92\xf7\xe9\x5b\x48\
\xf6\x58\x57\x27\xdb\x20\x1e\xb8\x04\xba\x4e\xd1\xcb\x6a\x4f\x2c\
\xbb\x29\xe1\xd4\xd6\xc5\x8a\x0f\x51\xdd\x4c\x06\x31\xe6\xf0\xdf\
\xec\x30\xea\xb2\x43\x76\x20\x7b\x08\x7a\x39\x39\x39\x51\xbb\xc2\
\x9b\x85\x2e\x38\xa9\xa3\x57\xfb\x82\x4e\x0c\xd4\x43\xd0\x2a\xfa\
\x69\xe2\xdc\xc3\xe9\x08\x9e\xf7\x15\x51\x89\x08\x55\xc0\x9c\xe5\
\x40\x8d\x42\xcf\x8e\xe4\x58\xed\x72\xf6\xd0\x80\x79\xe6\x9b\x88\
\xfd\xce\xbd\x0e\x30\xc1\x06\x33\x04\x5c\xb6\x6b\x28\x2d\xc7\x1f\
\x9c\xd6\xf3\x01\xad\xe0\xfa\xf6\x17\xc6\x3c\xd4\x69\x60\xb7\x35\
\x59\xd3\xb6\xa1\xcd\x17\xc8\x6a\xf1\xba\x6b\x72\x32\x71\x85\xbe\
\x6f\x8b\x94\x53\x4a\x46\x9c\xff\x64\xb3\xc0\x1b\xd0\xee\x08\x77\
\x77\x74\xd3\x76\xf6\xdb\x66\xc9\xd3\x82\x47\xa4\x82\x4c\xe1\xcd\
\x6f\xc5\xd3\x09\x90\x11\x02\x0b\xc7\xb7\x5a\xbd\xda\x3a\xd2\x68\
\xdb\x0d\xd6\xa3\xe9\x51\x27\x7c\x60\xc1\x93\x0d\x27\x12\x13\xb5\
\xdd\xc5\x06\x36\x0f\x4d\xff\xb5\x80\x55\x00\x8c\xf7\xf2\x06\xf7\
\x22\xaa\xc1\x31\x32\xce\x0e\xf7\xd9\x04\xef\x62\x29\xba\x3a\xa5\
\x86\x49\x60\x66\x9f\x33\xd5\x78\x01\x8b\xce\x26\x9e\xf8\x98\x4e\
\x0b\x22\x84\x85\xfd\x86\xd5\x12\x54\xec\x2e\x7a\xed\xb9\x2b\x3c\
\xc7\x68\xb2\x21\xb0\x8a\xdb\x79\xc3\x69\x7f\x5d\x5c\x97\xd8\x88\
\xc7\xc1\x1b\x1c\x6e\x1a\xa3\x7d\xc3\xc4\x07\x68\xe9\x20\x84\x15\
\x41\x34\xad\xa1\xd8\xc6\x45\xee\xbc\x36\x08\x34\x3b\x95\x6d\x50\
\x04\x05\x94\xa5\x44\xd4\xd6\x26\x0c\xa0\xda\xa0\xed\x1c\xf1\xb2\
\x31\x0d\xba\x07\x26\xf2\x3a\x98\x8e\xb5\xba\x6b\xb1\xf1\x30\x38\
\x3e\x04\xdc\x24\x82\x4d\xf6\xc6\x4e\x7d\xa4\xa0\xbd\xf6\x90\x39\
\x83\x0d\xae\x9e\x25\x32\x15\xfb\xec\xc8\xfd\xf7\x26\x9c\xbc\xce\
\x7c\x38\x67\x45\xb8\xb8\x2f\x53\xf2\xd8\x94\xf8\x82\xd0\x1b\x66\
\x0c\x94\xa3\x48\xb7\xa9\xb1\xb8\xec\x40\x38\x1f\xa4\x54\x73\x76\
\xbb\xca\xae\xe0\xc4\x48\x01\xf4\xa3\x95\x44\x14\x08\x6c\xe4\xa4\
\x75\x56\x8e\x4e\x11\xe1\x41\xcd\x18\x8b\x25\x13\x77\xe6\xe9\xcd\
\xb5\x6f\xd6\x1c\xba\xe5\x62\x28\x7d\x32\xf7\xc3\x0a\xf0\x6c\xdb\
\xf6\x35\x87\xd3\x6c\x4c\x1c\x50\xbf\x76\xfa\xd8\x4e\xef\x1b\x0e\
\x88\xf8\xea\x56\xae\xed\x24\xdb\x20\xc4\x36\xf3\x4d\x08\x70\xa0\
\xc3\x58\x3d\xde\x5f\x1a\x13\x2c\x16\xc7\x5e\x73\x28\x30\xd8\x68\
\x39\xa3\xda\x1d\xe6\x78\x6f\x6c\x56\x2a\xb1\x4f\x58\xc4\x27\xc9\
\x54\x9a\xa1\xb1\x6e\x27\x14\xad\xb0\x72\x03\xe8\x7d\x82\xa6\x0b\
\xed\xe0\xe6\x4b\x20\xf9\x8e\x4e\xba\xe0\x8e\x93\xc8\x66\xf7\x2c\
\xde\x89\x74\x23\x00\x9c\xbe\x3c\x08\xe8\x01\x69\x07\x1f\x51\x92\
\x70\x55\x1c\xe1\xb1\x75\x19\x64\x4d\xc6\x60\x88\xe2\xb2\x61\xb1\
\x59\x9d\xbb\x08\xcb\x98\xff\xc8\xaf\x5d\xcd\x88\x36\xf6\x13\x9b\
\xab\xea\xd4\xa1\xf1\xb2\x11\xc1\xce\x47\xc7\x43\x32\x3c\x7d\x4c\
\x88\x36\xbc\xc2\xa8\x68\x3c\x75\xc4\x07\x04\x4d\x17\x77\x32\x76\
\x67\xff\x21\x61\x53\xa3\x30\x6c\x7e\x26\x5a\x00\x8c\x6e\xff\x3b\
\x81\xe7\xe4\xbc\x79\x9b\x9d\x03\x1f\xca\x19\x9e\x0c\xb5\x63\x35\
\x88\x4d\x80\x37\xc1\xf5\xb9\x06\x3a\xe2\xf7\xf6\x62\x5a\x26\x83\
\xce\x5b\x2a\x0f\xa7\xf3\x94\x0c\xe0\x8b\x10\xd5\x1c\x9e\x7d\x32\
\xd0\x96\x1f\x0c\x9b\x7b\x23\x2a\x12\xdf\x4e\x91\x05\xac\x4e\xdf\
\xbc\x9c\x90\x1e\xbf\xfb\x4e\x36\x44\x19\x04\x3f\x13\xd2\x27\x01\
\xc6\x9e\x15\x53\xa9\xf6\x1e\xa3\x56\x4f\xb7\xe0\x76\xf4\x7b\xd9\
\x7a\x09\x06\x10\x36\x1d\x23\xce\xc9\xae\x7a\x4c\xfb\x06\xec\xe1\
\xff\xe6\x24\xe3\x46\x77\x7e\xa6\xd4\xd6\x74\x6e\xce\x09\x21\x94\
\x8c\x9f\x07\xea\x3b\x44\x80\x36\x6a\xb6\xc0\x3a\x4b\xec\xd0\x0e\
\x01\xb6\x41\x22\x62\x68\x11\x64\x52\xaa\x36\x87\xc3\x5e\xc5\xae\
\xc7\x27\x54\x18\x0e\x1f\xf6\xc9\xd7\x53\xbe\xed\x84\x01\xd9\xed\
\x90\x43\x02\xb1\xa0\x78\x78\x34\x4f\x3a\x08\x9f\x5f\xbe\xb8\x11\
\xa2\x22\xa0\xe9\x54\xc9\x87\x86\xb3\xd2\x03\xf1\x65\xfd\x21\x9b\
\xcb\x4e\xae\xd3\x9e\x60\xd6\xc4\x52\x0f\x61\xbe\x98\x59\xa8\x36\
\x56\x83\x6a\x22\x66\x37\x40\xf2\xcc\x76\x61\xd9\x8b\xfc\xc5\x4d\
\x18\x8c\xcd\x51\xa6\xc9\x66\x45\xab\xc0\x45\x6e\x2f\xa8\x82\x08\
\xac\xbe\x90\x50\x61\x80\x93\x18\x6c\x1a\x6c\x38\x6b\x6d\xcb\xc6\
\xc5\x83\x62\xdc\xc5\x15\xc6\x02\x88\x04\x19\x9d\x80\x78\x51\x87\
\x11\xd2\x79\x2a\x93\xc4\x66\x58\xb8\x3f\xb5\x1a\xb0\x6a\x77\xa8\
\xc3\xd0\x4e\x1e\x3f\xd0\x7e\xf6\x62\x5c\xa6\x2d\xa3\x13\x8a\xbb\
\xa4\x07\x1e\x73\xb3\xf9\x9e\x93\x02\x90\x38\x7c\x56\x00\xed\x97\
\x10\x3a\x6d\x89\x07\xc2\x7b\xbb\x83\xc2\x18\xa1\x36\xad\x84\xd8\
\x1a\x8f\xb8\x05\x8f\xe0\x53\x1f\x4b\x5f\x5e\x10\x1b\x0d\x4a\xd4\
\x11\x7c\x80\x49\xc7\xee\xc0\x85\x6d\x44\xd9\x92\x98\xdd\x4d\x4b\
\x96\x9d\x9d\x81\x66\x4b\x9e\x23\x51\x3f\x13\xc6\x90\x0c\x42\xf6\
\x99\x4c\x4d\xca\x35\xdb\x8f\x58\x43\x07\xbb\x91\x4e\xd9\x8e\x47\
\x6e\x37\xb0\xf5\xce\x73\x41\x7e\x9b\xc5\x56\x16\x3b\xcb\x68\x46\
\xc9\xf6\x45\x8e\xe4\x8c\x79\xbb\xb6\xdd\x99\xd3\xd3\x36\x24\x08\
\xf0\x44\x1e\x23\xda\xe3\x07\x27\x1f\x10\xb6\x74\x68\x4c\x8e\xcf\
\x69\x9c\x18\x9b\xe0\x05\x0d\xbd\xfb\xc4\x84\x40\x3d\x56\x37\x19\
\x27\x3a\x2e\x02\x16\x3a\x9e\xc0\x86\x81\x80\xa6\x9b\x3c\x7f\xe0\
\x1e\xe6\x41\x42\xb1\x95\x0d\x73\x26\x08\xbe\xd1\x79\x11\xdc\x5f\
\x60\x64\xf5\x13\x7e\x5f\x7b\xb5\x7c\x48\x58\x00\xd8\xd0\x2e\xd0\
\x8f\xf9\xda\xca\xea\xa8\xa2\x2d\xd8\x90\x3f\x6b\x63\xee\x53\xc3\
\x45\xc3\x63\x13\x1a\x2f\xff\xce\x19\x24\x32\x59\xac\x1c\x66\x95\
\x31\x37\x41\x7a\x9d\x93\x2b\x90\xb6\x89\x9b\xdd\x0e\x9d\xf4\xea\
\x38\xe7\x03\x5a\x62\x9f\xf7\x22\xd4\x6c\xf7\xb8\x10\x44\xa1\x72\
\x04\x3a\x2c\xfe\xcf\xa0\x99\x43\x98\x1d\x6f\x6e\x0f\xa1\xb7\x70\
\x21\xdb\x84\x91\x4d\x51\xed\x05\x29\x01\x8b\x07\xcb\x18\xe3\xe9\
\x3c\x1b\xf6\xbb\x8e\x5b\xd5\x86\x85\x04\x16\x44\x17\x51\xd5\x13\
\x06\xe5\x3a\xeb\xb3\xfb\x95\x25\xbc\x60\x39\xe8\x89\x52\xa3\x4d\
\x35\x88\x5b\xcf\x88\xb0\xbb\x3f\x07\xb1\x70\x59\x30\x5b\x8e\xf0\
\x12\x00\x1c\xeb\x07\x56\xbe\xc7\x8e\x2e\x5e\xb4\xc0\xa8\x2d\x85\
\xea\x04\xeb\xcb\x29\x11\xcc\xe7\x94\x0a\xcd\xaf\x85\xaa\x31\x78\
\x52\xc9\x80\x33\x19\xde\x82\x5d\xa1\xb8\x31\x7e\x81\xd3\x49\x33\
\x4f\x01\x48\xa6\x0f\xdb\xe0\x73\x81\xaf\x79\x5f\xe7\xd8\x05\xa3\
\xe0\x26\x08\xa7\x73\x5a\x13\x91\xf1\x8d\x9f\xf3\xa2\x2b\x10\x86\
\xb1\x19\x10\x05\xba\x5c\x6c\x95\x37\x7f\x05\xf7\xb1\x7d\x07\x1a\
\x62\xce\x0b\x8f\x09\x42\xad\xb1\x67\x9a\x26\x24\x48\xd4\x8a\x6c\
\x9c\x44\xd7\xea\xf1\x18\xdb\x01\xad\x33\x33\x6e\x2f\x59\xd5\xf3\
\xfd\x3c\x27\x94\x61\xab\xaa\x2a\x1d\x00\x3d\xd8\x3d\x70\xc2\x51\
\x25\x5e\x4c\x0c\x02\x85\x20\x74\x13\x67\xe7\x61\xca\x19\xa5\xb0\
\x3a\xe5\x2c\x5a\x73\x1e\xfb\xb3\xa7\xc2\x6e\x62\x91\xd3\x74\x4b\
\x9d\xb6\x27\x43\xf6\x4e\x38\x6a\x36\x14\x70\xdb\x27\xc7\x07\x03\
\xb1\x4f\x0e\xf2\xd7\x4e\xb3\x6f\x88\x37\xdc\x17\xa8\x77\x3e\x9d\
\xb8\x02\x15\xf9\x8e\x48\xbb\x6f\x18\x61\x59\x84\x7d\xcb\x73\x72\
\xbb\x0b\x47\x69\xf2\x0c\x98\x34\xba\x10\x0c\xa9\x76\x64\x41\x43\
\x1b\x5b\x8b\x90\xb3\x19\x0f\x90\x31\x3b\xe5\x01\x0b\xf8\xb1\x26\
\x0a\x3c\x3b\x1b\x85\xab\x3b\x30\x5d\x09\x1c\xd7\xc0\x7c\x97\x6b\
\x79\xa0\xde\x89\x53\xee\xc9\xd1\xcd\x90\x26\x97\x86\x4c\x99\x93\
\xf8\x8d\x30\x40\x00\x09\xa6\x29\x7c\xd9\xd3\x7d\xd8\xc4\x62\xe9\
\xd3\x26\xe3\x58\x2e\xae\x11\x6c\x33\x6b\x65\x09\x3f\xce\x6a\x13\
\xd3\xa2\xa7\x1f\x7c\xc3\x36\x2c\x07\xba\xda\xaf\xa8\xf0\xa5\x73\
\xf8\x0b\x42\xfb\x33\x79\xa0\xa8\xd8\xdf\x3c\x9a\x69\x5c\x95\xb8\
\x45\xac\xce\xe7\x5c\x9d\x6d\x87\xe9\x5e\xe8\xe3\xef\x68\x31\x93\
\xaa\x04\x46\xa5\x27\x04\xdd\x73\x56\x6e\x67\xf8\xa3\xf5\x68\x36\
\x1a\x8b\x61\xf9\x36\x1b\x51\xdf\xeb\xb5\x01\x68\xa2\x95\xb9\xb2\
\x23\x91\x2a\x9e\x64\xf9\xa4\xda\xb7\x7d\xee\x12\x71\x93\x9d\x5c\
\xae\x6f\x55\x7d\xf1\x08\x96\x48\xa0\x6e\x8f\x89\x1b\x3e\x1b\x8f\
\x5f\x44\x11\xc7\xec\xa0\xbe\xfc\xf0\x93\xbc\x27\xf9\xd1\xeb\x00\
\xde\xe9\x31\x75\xa5\x4a\x7c\x66\x38\x13\x9d\x13\xc5\xda\x3f\xfb\
\x7d\xea\xb7\x3c\x95\x07\x76\x83\xcd\x42\xc5\x2f\x19\x24\x2c\x8f\
\xb7\xff\x96\xdb\x7f\xca\x61\x71\x26\x12\xe1\x23\x89\xad\xf0\xcc\
\x03\xd3\xed\xd5\x21\x3c\xa7\x1d\x89\x81\x9e\xba\x33\xfc\x36\x0c\
\x8b\x60\x7a\xad\xd3\xfb\x6e\x5b\xb1\x03\x04\xde\x25\x11\xd5\xf2\
\x6e\x39\x69\xcb\x09\x2a\xf8\xb6\x84\xc4\x42\x92\x42\x8d\x8c\x0c\
\xf0\xa8\x47\xea\x8c\x6a\x1b\x70\x1b\x42\xa7\xc3\x39\x18\x89\x7c\
\xc4\x8c\x3b\xd4\x17\x5a\x6f\xc5\xb5\x80\x34\x00\x98\x57\x26\xd8\
\xda\x5d\x6e\xd7\x9a\x07\x5e\x99\x2f\x72\x96\x67\xf0\xcb\x5c\x0d\
\x22\x9f\x47\x5f\x97\x8b\x1c\x4d\x42\x6c\x9c\xfc\x34\x8f\x13\x15\
\x5f\xcf\x3c\x03\x8c\x1c\x6c\x79\x4c\x6a\x83\x31\x10\x33\x76\x1f\
\xba\x77\x1a\xb1\xc0\x06\xfc\x10\x5a\x4d\xa0\x85\xd8\xc4\x7d\x79\
\x4c\x01\x66\xef\x11\x50\xbf\xe9\x07\xcf\xd1\xb0\x6d\x20\xb7\x95\
\x1c\x96\xd9\x76\x31\x40\x67\x20\xe4\x44\x26\x14\x5a\xb0\xe1\xa2\
\x3a\x24\xf4\xfc\x0e\x7a\x79\xe1\xaa\xa8\x6c\xef\xee\x61\xc7\x58\
\x29\x18\xb1\xee\x08\xa8\xa8\x0d\xb8\xf7\x3b\x9c\x99\x50\x96\xb5\
\xd8\x91\x44\x8c\x05\xf3\xe1\x7f\xb3\x43\x2f\xba\x93\x44\x0e\xe8\
\x3e\xd6\xe7\x2f\x56\xd6\x13\x0f\xee\x77\xd8\x1a\x75\x07\xbb\xf1\
\x87\x75\x39\x3c\x81\x25\x41\x04\xb2\x82\x26\xb2\x2a\x62\x68\x9b\
\xa1\x2d\x37\x20\x93\xa3\xc7\xb6\x2c\xf3\x9d\x26\xb0\xc2\xbc\x00\
\x55\x9c\x45\xfe\xf8\xd8\x4b\x6a\xdb\x3a\x4c\x78\xaa\x5c\x93\xf3\
\x78\x05\xfd\x6d\xbe\x41\x7b\xb0\x71\x46\x86\x0e\xc1\x00\x62\x9c\
\x1c\x6d\xc7\x77\xab\xd3\xab\xc0\x58\x75\xf1\x91\xb8\xc3\xa3\xb4\
\xaa\xd5\x8e\xa6\xcb\x0e\x67\x5e\x08\x28\xe0\x2e\x42\x1e\xa2\xe3\
\xe0\x85\x39\x08\x40\xdd\x27\xe6\xed\x18\x3d\x46\x01\xd2\xf4\x81\
\x1d\x95\xed\x31\x0a\x49\x10\x02\xf5\x86\xcf\x1f\x63\x2e\xf7\x8b\
\x50\xef\x26\xad\x82\x41\x60\xe5\x7d\x56\x16\xb9\x4a\x3c\xd6\xe7\
\x91\x97\x28\x97\x80\xf1\xc3\x64\xcb\x65\x02\xc8\x3a\xfd\xb4\xd6\
\x53\x4c\xfe\x3c\xe3\x45\x76\xef\xdf\xa1\x6b\xf3\xae\x67\x9e\x16\
\xaa\x06\x7e\x6d\x67\xd1\xf4\xf6\x07\x58\xf9\x6c\x4e\xe9\x1e\xa7\
\x04\x44\x03\x23\x2f\x6b\x26\x79\xbd\xb9\x73\xf4\xa1\x1d\x9a\x6b\
\xd8\x26\x8a\xcc\x48\x26\x12\x26\xeb\x8a\x83\x21\xc0\xf1\x9e\x66\
\xcb\x94\x85\xd4\x80\x44\x67\x13\xfb\x86\xec\x3b\xe5\x70\x11\x43\
\x23\x56\x62\x79\x35\x5b\x77\x2c\x86\xe3\x68\x9b\xc5\x3b\xab\x53\
\x78\x08\x4e\x8f\x7f\xc0\x2f\x6d\xea\x71\x20\x90\xe8\x3e\x65\x14\
\x4f\xf7\x33\x1c\xf1\x47\xc5\x5d\x52\xd5\x69\x1e\xd6\xfa\x36\x11\
\x8b\xc0\x6d\x4b\xc9\x0a\xd8\x87\x77\x53\x1c\xee\x1f\xcf\x6f\xc4\
\x7d\xc7\x93\xe2\x43\xbf\x43\xed\x9b\x71\x38\x3a\xe5\x5b\x91\xbf\
\x17\xe8\x69\x33\xcd\x73\xa6\x4c\x9e\x65\x4e\xa8\xe2\x4b\x4a\xfe\
\x06\x8c\x83\xde\x70\x42\xa7\x92\xa0\x7e\xce\x05\xba\x63\x68\x9a\
\x13\x00\x78\xeb\xb9\x10\xa2\x39\x49\xb4\xa6\x67\x20\x08\x1a\x27\
\xda\x81\x8d\x0e\xef\x59\x74\x16\xca\x1e\xf8\x95\x8e\x7d\x77\xa4\
\x0f\x11\xc8\x33\x9d\x3c\x1e\x07\x7d\xea\x48\x0a\x2a\x9b\x58\x59\
\xf7\xba\xd0\x46\x04\x91\x07\x87\x20\x6c\x22\x20\x88\x66\xf6\x97\
\xdc\x1b\x75\x0b\xaf\x70\x44\xc2\xd9\x0c\xe8\x7f\xb2\x93\x1e\xd4\
\x83\x3c\x45\xe4\x8d\x29\x2a\x6e\x19\x31\xe7\x2d\xb7\x2b\x58\x14\
\xe1\x86\x5f\xab\x08\xe6\x2b\x9d\xd8\x5a\x56\x1b\x1c\xa4\x0e\x08\
\xb9\x33\x12\x71\xd7\x12\x60\x5e\xc3\xa1\x52\x4f\x99\x1a\x0e\x17\
\xb3\xfa\xf6\xed\x3f\x66\x4d\x58\xa3\x3e\x43\x7c\xca\x0a\x78\x58\
\x33\x39\x39\xe0\x63\x31\x98\xf0\x05\x81\xa1\x21\xac\x9e\x03\x2f\
\x0d\x0d\x53\x3c\x28\x83\xf5\xcb\xb7\x99\x91\x67\x9a\x4d\xeb\x0e\
\xbe\xb4\xce\x1d\xbd\x0e\xfe\x96\x0d\x24\xd8\x4b\xf1\xe0\xf7\xcf\
\x74\xb2\x08\xe4\x0f\x76\xfe\xc1\x52\x1e\x07\xa0\x7a\x37\x7e\xb2\
\xa4\x77\xdf\x76\x4a\xa4\x07\x2d\x81\x12\x0f\x3b\xa0\x78\x2e\xa4\
\x93\x61\x48\x60\xcb\x1e\x82\x06\xd3\x5c\x2d\x27\x98\x78\x70\xd2\
\x7d\x40\xf7\x8b\x15\x6d\x0c\xe2\x71\x3e\x0f\xce\xef\x19\x29\xbc\
\x59\x7d\x88\xef\x12\x42\x5b\xb8\xeb\x65\x5d\x01\xf3\x6a\xf0\xc6\
\x60\x5b\x49\x48\x1e\xd7\x01\x6a\xb0\xf5\xce\x70\x65\xdb\xd7\x3c\
\x32\x68\xda\x41\x7c\xd4\x68\x4f\x1e\x36\xe5\xe9\x45\xdc\xab\x27\
\x01\x60\x03\xe5\x82\x0b\x21\x36\xef\x1c\x1c\x9f\x33\xdc\x67\xf8\
\xac\xc9\x2c\x7e\x0c\xe2\x07\x39\x23\xef\x04\xf4\xa1\x31\xc1\x81\
\xba\xbc\xec\x87\x0b\x39\x7b\xfe\x92\xd5\x08\x7d\x38\x5d\xfd\xd0\
\x94\x62\x2d\xd9\xf1\xb6\x74\xda\xcd\x43\xb7\x55\x96\x25\x4a\xd3\
\x8e\x75\x54\x84\xb3\x2a\x8e\xf3\x39\x38\x3e\x89\xe3\x45\x49\x47\
\x4c\x84\x3e\x6f\x93\xb7\xe3\x62\x3d\xd8\xc5\x0d\x79\xf3\xac\xb5\
\x11\x78\x31\x42\xce\xd1\xd4\xd9\x2a\xcb\x2d\x13\x9a\xce\x10\x4d\
\x9c\xcb\xde\x32\x64\xe2\x99\xcf\x2f\x9e\xa4\xf5\x15\x00\x11\x06\
\xb6\x6e\xef\xc8\x13\x5a\x8a\xdd\xd9\x4e\xfc\x8c\xe0\x30\x89\xe9\
\x75\x4f\x7e\x02\x2c\x80\x2f\x34\x38\xaa\x78\x79\x5a\x4f\x29\x77\
\x87\xd4\xaf\x2c\x22\xb4\xdb\x14\xb4\xbd\xdd\x0d\xa2\x45\x40\x56\
\xe0\x77\x73\x3e\xb9\x12\x70\x4c\x4a\x84\x98\x9c\x35\x1c\xfb\xcc\
\xde\xc3\x09\x90\x23\xe3\xfd\x9d\x36\x08\xd9\x7b\x4c\xea\x78\xec\
\x57\x94\x15\x68\x0d\x1d\xcc\x5e\x5f\x76\xa6\x34\xc2\xcf\xd8\xbc\
\xe8\xb8\x4c\xc6\x4f\x32\x1f\xb8\x88\x44\xdc\x24\xbc\x66\x4e\xbd\
\x55\x2e\x11\x22\xf8\x3d\x77\xc6\xb4\xbe\xcf\x92\x3f\xd0\xb5\x1c\
\x17\x7a\x4e\x2d\xbb\x57\x88\x2c\x61\x9d\x3d\xf3\x64\x12\x8f\x68\
\xb3\xba\xb5\x3d\xbf\x67\x78\x0e\x06\xf6\xb6\x97\xbd\xed\x96\x39\
\xbb\x07\xca\x41\x2f\xec\x6c\x68\x69\x9b\x4c\xbc\xde\xd3\x16\xf8\
\x40\xa2\x4f\xff\xa9\x09\x3f\x0f\x57\xb0\x92\xec\x80\x0c\x51\x15\
\x8f\x80\x7a\x38\xb4\xdc\x87\xf3\x8f\x32\xae\xe7\x1c\x9a\x80\x07\
\x42\x5b\xac\xd5\xc6\xfb\x62\x83\x6e\xd3\xab\xb0\x14\xf5\x1a\x7e\
\x8c\x35\xb1\xc5\x4a\x9b\xfb\x33\xe4\x21\x1b\x11\xd9\xec\x27\xbc\
\x73\x2d\x36\xa9\xd9\x75\xc7\x96\xbc\x4e\x62\x24\x07\x01\x1a\x08\
\x29\x4b\x58\x4e\xf2\x7e\x11\x8c\x01\x50\xc0\x84\xb0\x9b\x02\xdb\
\x93\x42\x5e\xc3\x3e\x6c\xb7\x3d\x1e\xca\x64\x99\xca\xde\x1e\x43\
\xe4\x8d\x67\xf2\xff\x04\xd6\x1b\x75\x03\xf8\x7b\x06\x8d\xcd\xc2\
\x50\x3f\x4b\x32\xbb\x3f\x6c\xd5\xb2\x21\xde\x61\x7a\x74\x40\xf5\
\x24\x03\xa0\x8b\x7d\x34\xd1\xd3\x1e\x19\xe1\x8b\x27\x11\xe6\x5e\
\x60\x37\x9e\x88\x73\x29\xa9\xf6\x6f\x55\xc7\x99\x89\x74\x40\x31\
\x3a\xa7\xa8\x5e\x0b\xaa\x60\xdb\x3a\xc4\x1c\x1b\x2b\x4c\x3b\xd9\
\xf1\x1c\xed\xc3\x7b\xad\x3a\x65\x3b\x08\xc3\xba\x0c\x25\xed\x34\
\x54\x22\x5f\xed\x30\x61\xad\x33\xd4\x1c\x81\x73\xa3\x41\xab\x39\
\x04\x0b\xe7\xd6\x2a\xc1\x55\xc4\x3a\xb1\x36\xb5\x6d\x03\xcb\x1e\
\x8f\xa9\x90\x65\x27\xf6\xa5\xd1\x78\x06\x82\x4d\xb5\xa6\x2a\x20\
\xd5\xed\xf9\xcd\xe8\xc0\xc6\x11\xb5\xed\x54\x22\x5e\x70\x03\xd5\
\x03\x4d\x84\x0a\x06\x8f\xa6\x03\xb9\xc3\x99\x0a\x86\xbf\x22\x11\
\x2f\xd8\x6f\x85\x22\x3d\x67\x84\xce\xca\x20\x06\x4c\xe0\x19\x2f\
\xca\x93\xe0\x49\x84\x09\x5c\xf1\x87\xdb\x50\xc4\x21\xd8\x10\xf7\
\x58\x8c\x79\x58\xe7\xfa\xa4\x33\xd1\x63\x42\xcc\xca\x60\x2f\xd1\
\x2a\xe1\xf6\x20\xa5\x1c\x6c\x56\xdb\xa7\x63\x1b\x54\x7a\xac\xaf\
\x4d\x0b\xa9\xd0\x4b\xee\x7a\xdc\xf6\x7e\x12\x31\x32\xcb\x00\xdf\
\x05\xba\x89\xa5\x97\x6a\xf7\x71\x7e\x02\xa4\x77\xc0\xdd\x9e\xc5\
\x66\x87\x3e\xae\xed\x73\x0d\x7b\x33\x8a\xed\x74\xc4\x15\x93\x77\
\x58\x2a\xbc\x85\x48\x9d\xec\xc4\x7e\x4e\xaf\x7a\x4c\x0f\x06\x89\
\x1a\xf3\x28\x4a\x0b\xd2\x01\x5b\xb1\xbc\x81\x7e\x42\x78\xbc\xa7\
\xf0\xce\x33\xe0\x62\x90\xf1\x62\x1f\x58\xea\x56\xed\xea\x70\x0a\
\xfc\xfb\xfe\xa9\x0c\x72\xfd\xe7\x3a\x88\x82\x02\xa5\x6b\xe7\x64\
\x59\x1e\x0a\x04\x64\x97\x84\xc7\xcd\xbf\x72\x5c\x36\xf6\x24\xdb\
\x33\x54\x6c\x4e\xf8\xb5\xf7\xbd\xf2\x09\xbe\x28\x0c\x64\xe0\x17\
\xef\xf1\x10\x2d\x34\x7d\x08\x49\x00\xcd\x25\xb1\x9f\xd3\xb0\x44\
\x47\xe3\x35\x22\x0c\x3a\x61\x67\x48\x82\x86\xef\xe7\x53\xae\xea\
\x90\x57\x31\x89\xe7\x08\xe4\x86\xab\x9a\x8b\xe4\x6d\x71\x2d\xd7\
\xd0\x8a\x72\xba\xd9\x36\xe7\x6b\xf6\x8d\xf1\xac\x64\x63\xc2\xc6\
\x36\x31\x2c\x1b\x29\x6d\xa0\x1c\x26\xed\xe0\x90\xe7\xf8\x33\xbb\
\x12\x33\xb7\x62\xaa\xaa\x79\xee\x54\x1e\xdc\xe6\x42\x5c\x24\xbb\
\x3a\xf3\xd7\x83\xc5\x03\x74\x59\x31\x95\x69\x96\x75\x9f\x23\xad\
\x93\x6d\x56\x47\x8a\xda\xd6\xe7\x77\xa3\xc9\xf3\xea\xa1\x26\xc4\
\x4d\xc7\xfa\xc6\xf2\x08\x39\x27\xf5\x3c\x94\x38\x47\x16\xab\x45\
\x20\xfb\x76\xa6\xa2\xdb\xb7\x80\x03\x6e\x5b\x63\x9c\x20\xf0\x8c\
\xa8\x0e\xf7\x99\xb6\x2f\x5a\x7d\x79\x4e\x17\xfd\xe3\x98\x3f\xb7\
\xba\xec\x79\xb3\xcc\x4b\x0c\x71\x70\x3a\x00\x02\xe9\x9c\xc8\x57\
\xcf\x51\x60\x44\x19\xcf\x35\x85\xbb\xbd\x97\x33\xbf\xb3\x98\x2f\
\x29\x1e\x43\xa5\xde\x80\x6e\x68\xa4\xaf\xf8\xf6\x78\x98\x56\x36\
\x25\x88\xa7\x1f\xf6\x68\x2f\x64\xb9\xb3\xe3\x85\xca\x12\x60\x7a\
\xd8\xba\x7c\x11\x93\xd2\xbd\x58\xeb\x59\xec\x7e\xde\x9e\x0e\xea\
\x21\x26\x2c\x68\xb5\xa8\x12\x08\x4e\x4e\xc4\x22\xe9\x47\xb1\xb0\
\x44\xfc\xcd\x51\x9c\x61\x17\x23\x5b\x6b\x0a\xbc\x3e\xf9\x02\x16\
\xf1\x6b\xcf\x75\x05\x0d\x9c\x14\xf3\xe0\x80\xc7\x1c\xaa\x07\xc6\
\x95\xe8\x30\x9c\xf3\x5f\xf3\x9b\x16\x9d\xac\xa4\x47\xcf\x76\xc6\
\x77\xd9\xb5\x96\xa4\xe1\xa0\xc4\x7b\x79\x0e\xce\x60\x6b\x92\xc7\
\x0d\x11\x05\x73\x8d\x8e\x2c\x47\x44\x3a\xcf\x14\xdf\xe0\x48\x62\
\xf2\x13\x3c\x79\xa6\x7a\xa6\x92\xe7\x5f\x9a\x67\x41\x30\x05\x0b\
\x83\x9e\xd9\x97\x2f\xdb\x0b\xa3\x03\x44\x67\xb6\xca\xb9\x14\x7c\
\xfb\xcc\x0c\xb0\x88\x3d\xc0\xf0\x08\xd9\x9e\xfa\x47\xdc\x55\x20\
\xcb\x1e\x20\x86\x2c\xd3\xbe\x71\xfb\x39\x1c\x83\x24\x6c\x5e\x51\
\x4d\xcb\x32\x3f\xe1\x54\x05\xa6\xa7\x76\x54\x33\x2b\xf6\xc7\x01\
\x18\xce\x1b\x3d\x0f\xf2\xdb\x04\x6c\x33\xdd\x09\x4c\xe5\xf2\xc5\
\xf5\x78\xfe\x11\x96\x81\x2e\xe7\x5e\xae\xdb\x5a\x05\x2f\xee\xcd\
\x56\xf1\x9d\x0d\x55\xf9\xcd\x6b\x37\x2d\x1a\xf7\x0f\x30\x07\x44\
\x8e\x73\xf2\xcd\xb3\xde\x22\xe2\x0f\x73\xbb\x63\xb4\xb2\x07\xfd\
\x39\xc7\xa1\xad\xcb\xd9\xfe\xe9\xd9\x40\xd0\x86\x1a\x6d\x1c\xb0\
\x3b\x23\x83\x08\x5c\x11\x36\x8d\xad\xd9\x39\x6f\xdf\x2f\x11\x0a\
\x1d\xc1\x5b\x41\x2c\x0f\xfc\x01\x57\x60\xd3\xc4\x2f\xe1\xfc\x9a\
\xa7\x7d\xad\x38\xca\x4a\x10\xd6\x47\x6c\xe9\xcb\x92\x3a\x7b\x3d\
\xea\x9f\xb1\x7b\xa7\xac\x8b\xa8\x07\xc4\xd7\x8e\x68\xc7\xf2\xc0\
\x60\x4f\x78\x8c\x48\x9a\xaf\x5d\x66\x30\xa2\x87\xa4\x6a\xc6\x8e\
\x05\x7c\xdf\x73\x23\x9d\x79\x74\x2b\x3c\xf2\x9f\xec\xb1\x78\x25\
\xdb\x73\xaf\xa6\xb3\x2d\x38\xdb\x85\xed\x59\xb1\x1e\xbb\xd4\x3d\
\x3e\xfc\x3a\x67\x78\xa4\xd3\x38\x4f\x98\x21\xd4\x39\x73\x37\xc1\
\xa6\x4f\x97\xb7\x35\x0e\xc5\x19\x70\xef\x61\xcf\xf0\x76\x36\x92\
\x70\xe8\xb1\x09\x5f\xf6\x18\xb2\x78\x46\x2d\xd3\xbe\xec\xef\xb7\
\x8f\x7b\x79\xd0\x9e\x07\xc3\x1d\x77\x01\xe4\x3d\x0a\x1b\xee\x8e\
\xe3\x77\x87\x74\xd0\x43\xe8\x46\xfb\x75\x3c\x1c\x09\xfc\xad\xf6\
\x7a\x7b\x98\x1c\xd0\x18\xd3\xe7\x44\x9d\xc9\xc5\xe6\x09\x95\xc3\
\xd3\xbd\x90\x71\x18\x8f\x85\x8f\x03\x91\xd6\x15\x14\x6d\xd3\xbc\
\x3b\x3f\x9d\xd5\x64\x52\x3b\xe7\xb4\x42\xc9\x6f\x1b\x93\x06\xb0\
\x78\x01\x7c\xcd\x3e\xf3\xdb\x14\xfa\x67\x87\x13\xd4\xca\x16\x5f\
\x27\xb1\x3d\xb4\xc6\xda\xf9\x6d\x1a\x9f\x88\x57\x92\xe7\x97\xf6\
\x73\xfb\xca\xd1\x2d\xb5\x59\x9e\x0c\xb1\xaf\x25\x3f\x19\x8e\x6f\
\xcd\xd3\xb6\x7e\x7a\x5f\x1c\x5a\xba\x3d\x16\xca\x93\x83\xf0\x48\
\xb6\x57\x66\x0c\x0a\xbd\xf6\x11\x98\xf7\xea\x9e\x2d\x60\x17\x21\
\x0b\x05\xef\x89\x97\x7d\xc8\x31\x3a\xe6\x03\x11\x86\x37\xae\xe5\
\xb9\x5b\x87\xb0\x06\xbc\xd1\x93\xe0\x09\xc9\x8e\x12\xba\x0f\xf1\
\x94\x2e\x01\x29\x76\x17\x62\xf2\x3c\x27\x87\x01\x63\x6e\x97\xc9\
\x61\xfc\xcb\x64\x16\x4e\xe8\x99\x3a\xe3\x01\x4d\xce\x90\x1f\x61\
\x6a\x4f\x0f\xaf\xeb\x7e\x5a\x4a\x6c\xc3\xfe\xce\xb8\x44\xf7\x94\
\xe6\x53\x81\x84\x65\xb3\x1b\x10\xad\x5a\xee\xb8\xa1\x3b\xf1\xb4\
\x32\x98\xde\x58\x7a\x46\x73\xd4\xb5\xb7\x69\x33\xd9\x9d\x6f\xae\
\x55\xa5\xef\x9e\xe2\x75\x48\xbc\x87\x60\xa1\x73\x1f\x4b\xb7\xd9\
\xf3\x11\xaf\x4f\xcc\x80\x9f\x59\x9e\xb7\x87\x98\x67\x2e\x70\x0e\
\xa0\xc4\x1a\x8d\xaa\xf1\x46\x19\xc9\xcc\xec\x7e\xc5\xbc\x09\xa1\
\xa6\x23\x3c\xdb\xc8\x02\x5e\xf5\xbc\x95\x7a\x5b\xa9\x99\x0e\x7c\
\x9f\xb3\x15\xcf\x30\xe2\x6b\x7e\xe0\xb3\x5e\x6b\xa5\x46\x01\xe6\
\xc0\x30\x12\x0f\x42\x8a\x85\x01\xfd\xce\x99\x13\x04\xc4\xef\xac\
\x46\xbb\x3d\xae\xeb\xf2\x8c\x24\x6b\x6e\x03\xc6\x10\x1c\xa6\x82\
\xe0\xcc\xe7\xfe\x9d\x13\xe3\xb9\xd2\x0e\xb5\x7a\x7e\xe7\xe9\x0f\
\x07\x91\x5a\x77\x39\x3d\x25\x6c\x6d\x04\x0e\x94\x7c\xee\x36\xdb\
\x35\xba\xfa\x28\xed\xd3\x19\xe2\xb9\x70\xdf\x7b\x0a\x63\x03\xa8\
\x8d\xc0\x47\x92\x66\x75\xae\xed\x31\x45\xed\x00\x42\xd9\x0e\x1d\
\xc8\x47\xff\xc4\x7e\x8c\x70\x3a\x77\x04\xfb\x86\xcc\x7b\xae\x5b\
\xea\xbf\x83\x5d\x6e\x94\xe9\xed\xc0\x29\xb1\xd4\x0e\x2c\xcf\xb1\
\xfc\xb5\xc0\xa1\x2b\x90\x8f\x19\x55\x26\x91\x9f\x9f\x67\x35\x38\
\xec\xff\x4b\xb2\xb0\x2b\xdd\xa3\x5d\x46\xb7\x17\xc4\x23\x1d\x31\
\x1b\x74\x7f\x31\xb1\x94\xed\x10\xf2\x30\x97\x04\x2e\x78\x66\xb2\
\x63\x76\x03\x06\xf2\x78\x0e\x8a\x94\x19\xe6\x9d\xdb\x85\x04\x1d\
\x90\x39\x4f\x31\x22\xb0\x01\x60\x60\x2f\x01\xa9\xdc\x63\x79\xf2\
\xb3\xdd\x8c\x58\xfa\x39\x5b\x4c\xd1\xc8\x9d\x38\xc7\x10\x3c\xff\
\x15\x32\x4c\x00\x6c\xf6\xb3\xa5\x7c\x3d\x1e\x96\x56\x4d\xb9\x59\
\xd3\x60\xc5\x16\xa2\xc6\x33\x15\xb1\xcd\x3d\x6b\x3f\xc3\x13\x70\
\xfb\xe9\x41\x52\x50\x77\x58\x99\xe7\x69\x60\x95\x40\x25\xfb\xec\
\x80\x96\xb3\x0a\x17\x4e\x0c\xcb\xb5\x15\x2a\x3e\xc9\xd3\xa9\x3e\
\xb7\x17\xb1\xe1\xd9\x95\x16\x55\xc1\xa4\x3e\xad\x4f\x00\x8a\x58\
\xae\xe3\xc7\xfe\xd5\x09\xaa\x74\x01\x28\x61\xce\xd2\xb0\xeb\xd1\
\xbd\x40\x17\x85\xb3\x1d\xf3\xc1\x4e\xba\xcf\x5c\xc6\x39\xf1\xcb\
\xce\x10\x73\x51\x3c\x10\xb1\xbd\xdd\x59\x87\x28\x96\x92\x0c\x70\
\x90\x92\x72\xf2\x1f\x10\x2d\x9b\x2f\x00\xf4\x61\x03\xd2\x6b\xc2\
\x66\x42\xae\x3d\x25\xa1\x39\xe0\x1c\x9c\x0f\x33\xdf\x43\xe8\xe1\
\x02\xc3\x54\x38\xf6\x0c\x1e\x67\x62\x0f\xc4\xc2\x43\xbf\x83\x23\
\xd5\xd7\xc9\xe5\x48\x50\x3c\xfe\xf8\x34\x4d\x2f\x8f\x57\x5e\x43\
\x0a\x51\x4c\xb4\x47\x8f\x97\x2a\x96\x69\x3c\x22\x20\x21\x26\x50\
\x6d\xd5\xf3\xe8\x27\xd4\xc0\x0e\x18\xa7\x19\x2e\x80\x0b\x3f\xf2\
\xe4\x39\x33\xbc\x59\x1e\xfa\x84\x33\xd2\x80\x43\x7a\xa8\xa2\x62\
\xc5\xa2\x0f\x0c\xc6\x03\x65\x58\xac\xdb\x1f\x15\x30\x1e\x44\x79\
\xe3\xba\xc7\x87\x84\xb9\x8c\x4d\x4f\xfb\x29\x38\x8f\x49\x72\x5e\
\xf8\x73\x2a\x27\x3d\x48\x31\xd4\x4b\x7b\xcf\x51\x23\x15\xdc\xaf\
\xef\x32\x85\x70\x3b\x06\xec\xcc\xa7\x0e\x70\x66\x38\x9c\xce\xf0\
\xef\x07\x38\x23\xc7\x18\x13\x98\x76\x7c\xb0\x59\x79\x6b\x27\xc9\
\xe5\x4f\x10\x68\x9e\xc6\x6f\x07\xe2\xf2\xdc\xa0\xa1\xf4\xde\x98\
\x92\x3d\x00\x1e\xa6\x9c\x00\xc4\x6b\x59\xd9\x3b\x41\x6c\x4c\x07\
\xf9\x9b\x6d\xf9\xcd\xc4\xbf\x4c\x4b\xe5\x81\xc6\xe0\x4f\x8f\xd5\
\x23\x16\x41\x7a\x9d\x5c\x83\x24\x9c\xf1\xdc\xe4\xb9\xe6\x72\xa7\
\xea\x00\xd3\x4c\x8f\x4e\xfd\x3e\xd1\xfe\x5e\x96\x52\x4e\xd9\xb6\
\x7b\x8b\x22\xb3\xac\x9f\x9c\xeb\x28\x9f\x53\x4d\x3c\x36\xdc\xce\
\x96\x95\x88\x76\x3f\xa7\x66\x0c\x9b\x84\x2f\x4f\x6e\x52\xba\xa5\
\xe5\x19\x52\x4d\x31\xbe\x86\x3d\x85\x78\x4d\x28\x0f\x77\xd3\x96\
\x07\x90\xdf\x70\x5b\x8f\x0d\x5e\xd5\xf3\xf2\x4f\x3d\x0e\x6f\x88\
\x9e\xdc\x6a\xdf\x7c\x21\x64\xc7\xf2\xb2\x2c\x9f\x16\xdb\x2c\x1e\
\xfa\x77\xae\xf0\x2f\x04\x5e\x97\x87\x4f\x7f\xef\x29\xf3\xa1\x33\
\xa6\x4d\x64\x1f\xac\x9e\xb0\xcf\x7f\x7f\xfa\xc6\xf5\xc6\x79\x1d\
\xd9\x53\xa7\xc5\x10\xcf\x67\x2e\x86\x38\x8f\xbb\x94\x58\xc0\x10\
\x1c\xfb\xf7\xe4\x8a\xd2\xd2\xed\xf0\xe6\x87\xbe\x74\x6a\x79\x08\
\xf4\xf6\x83\xdb\x18\x6a\xbc\xb8\xec\x1e\x3e\xf5\xee\xe7\xc6\xf3\
\xbd\xca\xeb\x64\xfe\xa9\x57\xed\x04\x1e\x2c\xe0\x3b\x43\x07\xb6\
\x0d\x0a\x4e\x60\x84\x6d\xbe\x37\xfc\xe6\xfb\xc6\x69\x5a\xa9\xb1\
\x5d\x9f\x21\x15\x9f\x0d\xf3\x1c\xe2\x60\x76\xde\x42\xec\x2e\x9e\
\xe3\x2f\xd3\x9d\xa1\xe1\x3e\x8e\x02\x56\x30\x6a\x98\x17\x9e\x30\
\x87\x21\xdb\x3e\xa3\xe1\xe0\x24\x74\xf1\xf2\xb8\x84\xcf\xe1\xab\
\xe4\xfc\x7e\x2b\xc4\x63\xdb\x56\x3c\xfc\xd9\xf3\x8d\x5a\x38\xe7\
\xff\x22\xdd\x56\x1d\xa7\x18\x5e\x1e\x67\xa7\xec\x2f\x82\x27\x13\
\xdb\x3b\x16\x8e\x39\x5c\x50\x86\xe4\x81\x33\xf6\xfc\xa5\xf4\x25\
\x58\xfe\xbb\xa3\x87\x80\x6b\xf0\x18\x54\x31\xdc\xa3\xfa\xb1\xd8\
\x7c\x00\xc5\x69\x07\xb9\x0a\x9f\x6c\x4a\xb3\xfb\x7f\xfd\xbe\xba\
\x1d\x9c\xda\xcc\xfd\xd6\x73\x1e\xa9\x11\x19\xfb\x1b\xac\xaa\x7f\
\x3d\xc2\xef\x10\x9e\xdb\x1d\xde\xb0\x48\x3c\x6f\x76\x0c\x22\xf8\
\xd2\x51\xc3\x0e\x4e\x63\xbc\x21\x9c\xf6\x7c\x00\xb4\x6e\xcb\x44\
\xdd\xbf\x5a\xc5\x59\x8d\x69\x33\x1f\x6c\x97\x15\xbe\x61\x68\x18\
\x54\x56\xad\xe6\xe6\x0c\x95\xc3\x5d\xb7\x15\x5c\x8f\x2c\xd9\x9e\
\x65\x09\x2f\xf9\xf5\xf9\x3b\x81\x6e\xc0\x3e\xef\x31\xde\xf2\xe7\
\x19\x84\xf7\x44\x51\x22\x0f\x78\x0f\x87\xb3\x36\xb3\xfb\xb9\xed\
\xee\x04\xf8\x17\xfd\x4b\x2e\x10\xd9\x88\xb8\xe0\xdc\xd1\xd7\x3d\
\x50\x18\x1c\x7d\x8b\x27\x66\xff\x0e\x69\xf6\xe5\x3b\x35\x8f\xe9\
\xf2\xef\x14\xc0\xb5\xeb\xe6\x83\x95\x88\x12\x77\x93\x9e\xbf\x41\
\xa2\xed\x5b\xf7\x7b\x99\xb5\xb1\x24\xc1\xf2\x61\x09\xe6\xeb\xa3\
\xc9\x4a\xe7\x81\x7f\x8d\xf8\x50\xaa\x06\xcb\xc9\x88\xc3\x73\x18\
\x5a\x60\x6b\x43\x70\x9e\xe6\x2c\x43\xf3\xc8\x45\xf8\x02\xa2\xa6\
\x1f\xd4\x43\x79\x38\x6f\xe7\xa9\x96\x35\xf9\xf7\x36\x38\x1c\x61\
\x73\xe8\xeb\x61\x55\x3e\xb2\x7c\xed\xe6\xa6\xef\x8e\xef\xa0\x5c\
\xbd\xe7\x27\x7a\x0e\x6e\x74\x8d\x3c\x39\x03\x53\xe5\x8e\x3c\xfc\
\x2c\x21\x6a\x5f\xfc\xeb\xf9\xcd\xcb\x79\x3e\xd8\xaf\xda\x77\xd6\
\x15\x07\x3f\xa7\xa5\xbf\x0e\xf1\xee\xd9\xaf\xff\x03\x48\x1d\xda\
\x46\x6a\x32\x72\x51\x00\x00\x01\x85\x69\x43\x43\x50\x49\x43\x43\
\x20\x70\x72\x6f\x66\x69\x6c\x65\x00\x00\x78\x9c\x7d\x91\x3d\x48\
\xc3\x40\x1c\xc5\x5f\x53\xb5\x22\x15\x41\x8b\x88\x38\x64\xa8\x4e\
\x16\x44\x45\x04\x17\xa9\x62\x11\x2c\x94\xb6\x42\xab\x0e\x26\x97\
\x7e\x08\x4d\x1a\x92\x14\x17\x47\xc1\xb5\xe0\xe0\xc7\x62\xd5\xc1\
\xc5\x59\x57\x07\x57\x41\x10\xfc\x00\x71\x73\x73\x52\x74\x91\x12\
\xff\x97\x14\x5a\xc4\x78\x70\xdc\x8f\x77\xf7\x1e\x77\xef\x00\xa1\
\x56\x62\xaa\xd9\x36\x06\xa8\x9a\x65\x24\x63\x51\x31\x93\x5d\x11\
\x03\xaf\x10\xd0\x81\x7e\xcc\xa0\x57\x62\xa6\x1e\x4f\x2d\xa4\xe1\
\x39\xbe\xee\xe1\xe3\xeb\x5d\x84\x67\x79\x9f\xfb\x73\x74\x2b\x39\
\x93\x01\x3e\x91\x78\x96\xe9\x86\x45\xbc\x4e\x3c\xb5\x69\xe9\x9c\
\xf7\x89\x43\xac\x28\x29\xc4\xe7\xc4\xa3\x06\x5d\x90\xf8\x91\xeb\
\xb2\xcb\x6f\x9c\x0b\x0e\x0b\x3c\x33\x64\xa4\x93\x73\xc4\x21\x62\
\xb1\xd0\xc2\x72\x0b\xb3\xa2\xa1\x12\x4f\x12\x87\x15\x55\xa3\x7c\
\x21\xe3\xb2\xc2\x79\x8b\xb3\x5a\xaa\xb0\xc6\x3d\xf9\x0b\x83\x39\
\x6d\x39\xc5\x75\x9a\x43\x88\x61\x11\x71\x24\x20\x42\x46\x05\x1b\
\x28\xc1\x42\x84\x56\x8d\x14\x13\x49\xda\x8f\x7a\xf8\x07\x1d\x7f\
\x82\x5c\x32\xb9\x36\xc0\xc8\x31\x8f\x32\x54\x48\x8e\x1f\xfc\x0f\
\x7e\x77\x6b\xe6\x27\xc6\xdd\xa4\x60\x14\x68\x7f\xb1\xed\x8f\x61\
\x20\xb0\x0b\xd4\xab\xb6\xfd\x7d\x6c\xdb\xf5\x13\xc0\xff\x0c\x5c\
\x69\x4d\x7f\xb9\x06\x4c\x7f\x92\x5e\x6d\x6a\xe1\x23\xa0\x67\x1b\
\xb8\xb8\x6e\x6a\xf2\x1e\x70\xb9\x03\x0c\x3c\xe9\x92\x21\x39\x92\
\x9f\xa6\x90\xcf\x03\xef\x67\xf4\x4d\x59\xa0\xef\x16\xe8\x5a\x75\
\x7b\x6b\xec\xe3\xf4\x01\x48\x53\x57\x4b\x37\xc0\xc1\x21\x30\x52\
\xa0\xec\x35\x8f\x77\x77\xb6\xf6\xf6\xef\x99\x46\x7f\x3f\x97\xf8\
\x72\xb6\xd8\x6b\x8a\xa4\x00\x00\x0f\x9c\x69\x54\x58\x74\x58\x4d\
\x4c\x3a\x63\x6f\x6d\x2e\x61\x64\x6f\x62\x65\x2e\x78\x6d\x70\x00\
\x00\x00\x00\x00\x3c\x3f\x78\x70\x61\x63\x6b\x65\x74\x20\x62\x65\
\x67\x69\x6e\x3d\x22\xef\xbb\xbf\x22\x20\x69\x64\x3d\x22\x57\x35\
\x4d\x30\x4d\x70\x43\x65\x68\x69\x48\x7a\x72\x65\x53\x7a\x4e\x54\
\x63\x7a\x6b\x63\x39\x64\x22\x3f\x3e\x0a\x3c\x78\x3a\x78\x6d\x70\
\x6d\x65\x74\x61\x20\x78\x6d\x6c\x6e\x73\x3a\x78\x3d\x22\x61\x64\
\x6f\x62\x65\x3a\x6e\x73\x3a\x6d\x65\x74\x61\x2f\x22\x20\x78\x3a\
\x78\x6d\x70\x74\x6b\x3d\x22\x58\x4d\x50\x20\x43\x6f\x72\x65\x20\
\x34\x2e\x34\x2e\x30\x2d\x45\x78\x69\x76\x32\x22\x3e\x0a\x20\x3c\
\x72\x64\x66\x3a\x52\x44\x46\x20\x78\x6d\x6c\x6e\x73\x3a\x72\x64\
\x66\x3d\x22\x68\x74\x74\x70\x3a\x2f\x2f\x77\x77\x77\x2e\x77\x33\
\x2e\x6f\x72\x67\x2f\x31\x39\x39\x39\x2f\x30\x32\x2f\x32\x32\x2d\
\x72\x64\x66\x2d\x73\x79\x6e\x74\x61\x78\x2d\x6e\x73\x23\x22\x3e\
\x0a\x20\x20\x3c\x72\x64\x66\x3a\x44\x65\x73\x63\x72\x69\x70\x74\
\x69\x6f\x6e\x20\x72\x64\x66\x3a\x61\x62\x6f\x75\x74\x3d\x22\x22\
\x0a\x20\x20\x20\x20\x78\x6d\x6c\x6e\x73\x3a\x69\x70\x74\x63\x45\
\x78\x74\x3d\x22\x68\x74\x74\x70\x3a\x2f\x2f\x69\x70\x74\x63\x2e\
\x6f\x72\x67\x2f\x73\x74\x64\x2f\x49\x70\x74\x63\x34\x78\x6d\x70\
\x45\x78\x74\x2f\x32\x30\x30\x38\x2d\x30\x32\x2d\x32\x39\x2f\x22\
\x0a\x20\x20\x20\x20\x78\x6d\x6c\x6e\x73\x3a\x78\x6d\x70\x4d\x4d\
\x3d\x22\x68\x74\x74\x70\x3a\x2f\x2f\x6e\x73\x2e\x61\x64\x6f\x62\
\x65\x2e\x63\x6f\x6d\x2f\x78\x61\x70\x2f\x31\x2e\x30\x2f\x6d\x6d\
\x2f\x22\x0a\x20\x20\x20\x20\x78\x6d\x6c\x6e\x73\x3a\x73\x74\x45\
\x76\x74\x3d\x22\x68\x74\x74\x70\x3a\x2f\x2f\x6e\x73\x2e\x61\x64\
\x6f\x62\x65\x2e\x63\x6f\x6d\x2f\x78\x61\x70\x2f\x31\x2e\x30\x2f\
\x73\x54\x79\x70\x65\x2f\x52\x65\x73\x6f\x75\x72\x63\x65\x45\x76\
\x65\x6e\x74\x23\x22\x0a\x20\x20\x20\x20\x78\x6d\x6c\x6e\x73\x3a\
\x70\x6c\x75\x73\x3d\x22\x68\x74\x74\x70\x3a\x2f\x2f\x6e\x73\x2e\
\x75\x73\x65\x70\x6c\x75\x73\x2e\x6f\x72\x67\x2f\x6c\x64\x66\x2f\
\x78\x6d\x70\x2f\x31\x2e\x30\x2f\x22\x0a\x20\x20\x20\x20\x78\x6d\
\x6c\x6e\x73\x3a\x47\x49\x4d\x50\x3d\x22\x68\x74\x74\x70\x3a\x2f\
\x2f\x77\x77\x77\x2e\x67\x69\x6d\x70\x2e\x6f\x72\x67\x2f\x78\x6d\
\x70\x2f\x22\x0a\x20\x20\x20\x20\x78\x6d\x6c\x6e\x73\x3a\x64\x63\
\x3d\x22\x68\x74\x74\x70\x3a\x2f\x2f\x70\x75\x72\x6c\x2e\x6f\x72\
\x67\x2f\x64\x63\x2f\x65\x6c\x65\x6d\x65\x6e\x74\x73\x2f\x31\x2e\
\x31\x2f\x22\x0a\x20\x20\x20\x20\x78\x6d\x6c\x6e\x73\x3a\x74\x69\
\x66\x66\x3d\x22\x68\x74\x74\x70\x3a\x2f\x2f\x6e\x73\x2e\x61\x64\
\x6f\x62\x65\x2e\x63\x6f\x6d\x2f\x74\x69\x66\x66\x2f\x31\x2e\x30\
\x2f\x22\x0a\x20\x20\x20\x20\x78\x6d\x6c\x6e\x73\x3a\x78\x6d\x70\
\x3d\x22\x68\x74\x74\x70\x3a\x2f\x2f\x6e\x73\x2e\x61\x64\x6f\x62\
\x65\x2e\x63\x6f\x6d\x2f\x78\x61\x70\x2f\x31\x2e\x30\x2f\x22\x0a\
\x20\x20\x20\x78\x6d\x70\x4d\x4d\x3a\x44\x6f\x63\x75\x6d\x65\x6e\
\x74\x49\x44\x3d\x22\x67\x69\x6d\x70\x3a\x64\x6f\x63\x69\x64\x3a\
\x67\x69\x6d\x70\x3a\x62\x32\x61\x64\x64\x62\x39\x64\x2d\x38\x35\
\x65\x64\x2d\x34\x62\x64\x36\x2d\x61\x61\x33\x39\x2d\x35\x30\x38\
\x38\x37\x65\x38\x37\x63\x63\x39\x35\x22\x0a\x20\x20\x20\x78\x6d\
\x70\x4d\x4d\x3a\x49\x6e\x73\x74\x61\x6e\x63\x65\x49\x44\x3d\x22\
\x78\x6d\x70\x2e\x69\x69\x64\x3a\x37\x61\x33\x32\x32\x30\x30\x30\
\x2d\x34\x35\x61\x61\x2d\x34\x62\x39\x35\x2d\x38\x39\x62\x34\x2d\
\x62\x66\x37\x65\x39\x65\x64\x38\x62\x35\x61\x35\x22\x0a\x20\x20\
\x20\x78\x6d\x70\x4d\x4d\x3a\x4f\x72\x69\x67\x69\x6e\x61\x6c\x44\
\x6f\x63\x75\x6d\x65\x6e\x74\x49\x44\x3d\x22\x78\x6d\x70\x2e\x64\
\x69\x64\x3a\x36\x65\x66\x66\x33\x63\x62\x36\x2d\x64\x33\x61\x65\
\x2d\x34\x33\x66\x66\x2d\x38\x36\x62\x66\x2d\x66\x35\x34\x35\x39\
\x37\x30\x61\x31\x35\x34\x62\x22\x0a\x20\x20\x20\x47\x49\x4d\x50\
\x3a\x41\x50\x49\x3d\x22\x32\x2e\x30\x22\x0a\x20\x20\x20\x47\x49\
\x4d\x50\x3a\x50\x6c\x61\x74\x66\x6f\x72\x6d\x3d\x22\x57\x69\x6e\
\x64\x6f\x77\x73\x22\x0a\x20\x20\x20\x47\x49\x4d\x50\x3a\x54\x69\
\x6d\x65\x53\x74\x61\x6d\x70\x3d\x22\x31\x36\x31\x32\x36\x35\x32\
\x33\x36\x35\x30\x32\x30\x34\x35\x31\x22\x0a\x20\x20\x20\x47\x49\
\x4d\x50\x3a\x56\x65\x72\x73\x69\x6f\x6e\x3d\x22\x32\x2e\x31\x30\
\x2e\x32\x32\x22\x0a\x20\x20\x20\x64\x63\x3a\x46\x6f\x72\x6d\x61\
\x74\x3d\x22\x69\x6d\x61\x67\x65\x2f\x70\x6e\x67\x22\x0a\x20\x20\
\x20\x74\x69\x66\x66\x3a\x4f\x72\x69\x65\x6e\x74\x61\x74\x69\x6f\
\x6e\x3d\x22\x31\x22\x0a\x20\x20\x20\x78\x6d\x70\x3a\x43\x72\x65\
\x61\x74\x6f\x72\x54\x6f\x6f\x6c\x3d\x22\x47\x49\x4d\x50\x20\x32\
\x2e\x31\x30\x22\x3e\x0a\x20\x20\x20\x3c\x69\x70\x74\x63\x45\x78\
\x74\x3a\x4c\x6f\x63\x61\x74\x69\x6f\x6e\x43\x72\x65\x61\x74\x65\
\x64\x3e\x0a\x20\x20\x20\x20\x3c\x72\x64\x66\x3a\x42\x61\x67\x2f\
\x3e\x0a\x20\x20\x20\x3c\x2f\x69\x70\x74\x63\x45\x78\x74\x3a\x4c\
\x6f\x63\x61\x74\x69\x6f\x6e\x43\x72\x65\x61\x74\x65\x64\x3e\x0a\
\x20\x20\x20\x3c\x69\x70\x74\x63\x45\x78\x74\x3a\x4c\x6f\x63\x61\
\x74\x69\x6f\x6e\x53\x68\x6f\x77\x6e\x3e\x0a\x20\x20\x20\x20\x3c\
\x72\x64\x66\x3a\x42\x61\x67\x2f\x3e\x0a\x20\x20\x20\x3c\x2f\x69\
\x70\x74\x63\x45\x78\x74\x3a\x4c\x6f\x63\x61\x74\x69\x6f\x6e\x53\
\x68\x6f\x77\x6e\x3e\x0a\x20\x20\x20\x3c\x69\x70\x74\x63\x45\x78\
\x74\x3a\x41\x72\x74\x77\x6f\x72\x6b\x4f\x72\x4f\x62\x6a\x65\x63\
\x74\x3e\x0a\x20\x20\x20\x20\x3c\x72\x64\x66\x3a\x42\x61\x67\x2f\
\x3e\x0a\x20\x20\x20\x3c\x2f\x69\x70\x74\x63\x45\x78\x74\x3a\x41\
\x72\x74\x77\x6f\x72\x6b\x4f\x72\x4f\x62\x6a\x65\x63\x74\x3e\x0a\
\x20\x20\x20\x3c\x69\x70\x74\x63\x45\x78\x74\x3a\x52\x65\x67\x69\
\x73\x74\x72\x79\x49\x64\x3e\x0a\x20\x20\x20\x20\x3c\x72\x64\x66\
\x3a\x42\x61\x67\x2f\x3e\x0a\x20\x20\x20\x3c\x2f\x69\x70\x74\x63\
\x45\x78\x74\x3a\x52\x65\x67\x69\x73\x74\x72\x79\x49\x64\x3e\x0a\
\x20\x20\x20\x3c\x78\x6d\x70\x4d\x4d\x3a\x48\x69\x73\x74\x6f\x72\
\x79\x3e\x0a\x20\x20\x20\x20\x3c\x72\x64\x66\x3a\x53\x65\x71\x3e\
\x0a\x20\x20\x20\x20\x20\x3c\x72\x64\x66\x3a\x6c\x69\x0a\x20\x20\
\x20\x20\x20\x20\x73\x74\x45\x76\x74\x3a\x61\x63\x74\x69\x6f\x6e\
\x3d\x22\x73\x61\x76\x65\x64\x22\x0a\x20\x20\x20\x20\x20\x20\x73\
\x74\x45\x76\x74\x3a\x63\x68\x61\x6e\x67\x65\x64\x3d\x22\x2f\x22\
\x0a\x20\x20\x20\x20\x20\x20\x73\x74\x45\x76\x74\x3a\x69\x6e\x73\
\x74\x61\x6e\x63\x65\x49\x44\x3d\x22\x78\x6d\x70\x2e\x69\x69\x64\
\x3a\x31\x63\x33\x36\x34\x30\x63\x64\x2d\x31\x39\x61\x63\x2d\x34\
\x32\x38\x31\x2d\x38\x34\x39\x38\x2d\x37\x66\x64\x38\x62\x61\x38\
\x38\x61\x61\x62\x35\x22\x0a\x20\x20\x20\x20\x20\x20\x73\x74\x45\
\x76\x74\x3a\x73\x6f\x66\x74\x77\x61\x72\x65\x41\x67\x65\x6e\x74\
\x3d\x22\x47\x69\x6d\x70\x20\x32\x2e\x31\x30\x20\x28\x57\x69\x6e\
\x64\x6f\x77\x73\x29\x22\x0a\x20\x20\x20\x20\x20\x20\x73\x74\x45\
\x76\x74\x3a\x77\x68\x65\x6e\x3d\x22\x32\x30\x32\x31\x2d\x30\x32\
\x2d\x30\x37\x54\x30\x30\x3a\x35\x39\x3a\x32\x35\x22\x2f\x3e\x0a\
\x20\x20\x20\x20\x3c\x2f\x72\x64\x66\x3a\x53\x65\x71\x3e\x0a\x20\
\x20\x20\x3c\x2f\x78\x6d\x70\x4d\x4d\x3a\x48\x69\x73\x74\x6f\x72\
\x79\x3e\x0a\x20\x20\x20\x3c\x70\x6c\x75\x73\x3a\x49\x6d\x61\x67\
\x65\x53\x75\x70\x70\x6c\x69\x65\x72\x3e\x0a\x20\x20\x20\x20\x3c\
\x72\x64\x66\x3a\x53\x65\x71\x2f\x3e\x0a\x20\x20\x20\x3c\x2f\x70\
\x6c\x75\x73\x3a\x49\x6d\x61\x67\x65\x53\x75\x70\x70\x6c\x69\x65\
\x72\x3e\x0a\x20\x20\x20\x3c\x70\x6c\x75\x73\x3a\x49\x6d\x61\x67\
\x65\x43\x72\x65\x61\x74\x6f\x72\x3e\x0a\x20\x20\x20\x20\x3c\x72\
\x64\x66\x3a\x53\x65\x71\x2f\x3e\x0a\x20\x20\x20\x3c\x2f\x70\x6c\
\x75\x73\x3a\x49\x6d\x61\x67\x65\x43\x72\x65\x61\x74\x6f\x72\x3e\
\x0a\x20\x20\x20\x3c\x70\x6c\x75\x73\x3a\x43\x6f\x70\x79\x72\x69\
\x67\x68\x74\x4f\x77\x6e\x65\x72\x3e\x0a\x20\x20\x20\x20\x3c\x72\
\x64\x66\x3a\x53\x65\x71\x2f\x3e\x0a\x20\x20\x20\x3c\x2f\x70\x6c\
\x75\x73\x3a\x43\x6f\x70\x79\x72\x69\x67\x68\x74\x4f\x77\x6e\x65\
\x72\x3e\x0a\x20\x20\x20\x3c\x70\x6c\x75\x73\x3a\x4c\x69\x63\x65\
\x6e\x73\x6f\x72\x3e\x0a\x20\x20\x20\x20\x3c\x72\x64\x66\x3a\x53\
\x65\x71\x2f\x3e\x0a\x20\x20\x20\x3c\x2f\x70\x6c\x75\x73\x3a\x4c\
\x69\x63\x65\x6e\x73\x6f\x72\x3e\x0a\x20\x20\x3c\x2f\x72\x64\x66\
\x3a\x44\x65\x73\x63\x72\x69\x70\x74\x69\x6f\x6e\x3e\x0a\x20\x3c\
\x2f\x72\x64\x66\x3a\x52\x44\x46\x3e\x0a\x3c\x2f\x78\x3a\x78\x6d\
\x70\x6d\x65\x74\x61\x3e\x0a\x20\x20\x20\x20\x20\x20\x20\x20\x20\
\x20\x20\x20\x20\x20\x20\x20\x20\x20\x20\x20\x20\x20\x20\x20\x20\
\x20\x20\x20\x20\x20\x20\x20\x20\x20\x20\x20\x20\x20\x20\x20\x20\
\x20\x20\x20\x20\x20\x20\x20\x20\x20\x20\x20\x20\x20\x20\x20\x20\
\x20\x20\x20\x20\x20\x20\x20\x20\x20\x20\x20\x20\x20\x20\x20\x20\
\x20\x20\x20\x20\x20\x20\x20\x20\x20\x20\x20\x20\x20\x20\x20\x20\
\x20\x20\x20\x20\x20\x20\x20\x20\x20\x20\x20\x0a\x20\x20\x20\x20\
\x20\x20\x20\x20\x20\x20\x20\x20\x20\x20\x20\x20\x20\x20\x20\x20\
\x20\x20\x20\x20\x20\x20\x20\x20\x20\x20\x20\x20\x20\x20\x20\x20\
\x20\x20\x20\x20\x20\x20\x20\x20\x20\x20\x20\x20\x20\x20\x20\x20\
\x20\x20\x20\x20\x20\x20\x20\x20\x20\x20\x20\x20\x20\x20\x20\x20\
\x20\x20\x20\x20\x20\x20\x20\x20\x20\x20\x20\x20\x20\x20\x20\x20\
\x20\x20\x20\x20\x20\x20\x20\x20\x20\x20\x20\x20\x20\x20\x20\x20\
\x0a\x20\x20\x20\x20\x20\x20\x20\x20\x20\x20\x20\x20\x20\x20\x20\
\x20\x20\x20\x20\x20\x20\x20\x20\x20\x20\x20\x20\x20\x20\x20\x20\
\x20\x20\x20\x20\x20\x20\x20\x20\x20\x20\x20\x20\x20\x20\x20\x20\
\x20\x20\x20\x20\x20\x20\x20\x20\x20\x20\x20\x20\x20\x20\x20\x20\
\x20\x20\x20\x20\x20\x20\x20\x20\x20\x20\x20\x20\x20\x20\x20\x20\
\x20\x20\x20\x20\x20\x20\x20\x20\x20\x20\x20\x20\x20\x20\x20\x20\
\x20\x20\x20\x20\x20\x0a\x20\x20\x20\x20\x20\x20\x20\x20\x20\x20\
\x20\x20\x20\x20\x20\x20\x20\x20\x20\x20\x20\x20\x20\x20\x20\x20\
\x20\x20\x20\x20\x20\x20\x20\x20\x20\x20\x20\x20\x20\x20\x20\x20\
\x20\x20\x20\x20\x20\x20\x20\x20\x20\x20\x20\x20\x20\x20\x20\x20\
\x20\x20\x20\x20\x20\x20\x20\x20\x20\x20\x20\x20\x20\x20\x20\x20\
\x20\x20\x20\x20\x20\x20\x20\x20\x20\x20\x20\x20\x20\x20\x20\x20\
\x20\x20\x20\x20\x20\x20\x20\x20\x20\x20\x0a\x20\x20\x20\x20\x20\
\x20\x20\x20\x20\x20\x20\x20\x20\x20\x20\x20\x20\x20\x20\x20\x20\
\x20\x20\x20\x20\x20\x20\x20\x20\x20\x20\x20\x20\x20\x20\x20\x20\
\x20\x20\x20\x20\x20\x20\x20\x20\x20\x20\x20\x20\x20\x20\x20\x20\
\x20\x20\x20\x20\x20\x20\x20\x20\x20\x20\x20\x20\x20\x20\x20\x20\
\x20\x20\x20\x20\x20\x20\x20\x20\x20\x20\x20\x20\x20\x20\x20\x20\
\x20\x20\x20\x20\x20\x20\x20\x20\x20\x20\x20\x20\x20\x20\x20\x0a\
\x20\x20\x20\x20\x20\x20\x20\x20\x20\x20\x20\x20\x20\x20\x20\x20\
\x20\x20\x20\x20\x20\x20\x20\x20\x20\x20\x20\x20\x20\x20\x20\x20\
\x20\x20\x20\x20\x20\x20\x20\x20\x20\x20\x20\x20\x20\x20\x20\x20\
\x20\x20\x20\x20\x20\x20\x20\x20\x20\x20\x20\x20\x20\x20\x20\x20\
\x20\x20\x20\x20\x20\x20\x20\x20\x20\x20\x20\x20\x20\x20\x20\x20\
\x20\x20\x20\x20\x20\x20\x20\x20\x20\x20\x20\x20\x20\x20\x20\x20\
\x20\x20\x20\x20\x0a\x20\x20\x20\x20\x20\x20\x20\x20\x20\x20\x20\
\x20\x20\x20\x20\x20\x20\x20\x20\x20\x20\x20\x20\x20\x20\x20\x20\
\x20\x20\x20\x20\x20\x20\x20\x20\x20\x20\x20\x20\x20\x20\x20\x20\
\x20\x20\x20\x20\x20\x20\x20\x20\x20\x20\x20\x20\x20\x20\x20\x20\
\x20\x20\x20\x20\x20\x20\x20\x20\x20\x20\x20\x20\x20\x20\x20\x20\
\x20\x20\x20\x20\x20\x20\x20\x20\x20\x20\x20\x20\x20\x20\x20\x20\
\x20\x20\x20\x20\x20\x20\x20\x20\x20\x0a\x20\x20\x20\x20\x20\x20\
\x20\x20\x20\x20\x20\x20\x20\x20\x20\x20\x20\x20\x20\x20\x20\x20\
\x20\x20\x20\x20\x20\x20\x20\x20\x20\x20\x20\x20\x20\x20\x20\x20\
\x20\x20\x20\x20\x20\x20\x20\x20\x20\x20\x20\x20\x20\x20\x20\x20\
\x20\x20\x20\x20\x20\x20\x20\x20\x20\x20\x20\x20\x20\x20\x20\x20\
\x20\x20\x20\x20\x20\x20\x20\x20\x20\x20\x20\x20\x20\x20\x20\x20\
\x20\x20\x20\x20\x20\x20\x20\x20\x20\x20\x20\x20\x20\x20\x0a\x20\
\x20\x20\x20\x20\x20\x20\x20\x20\x20\x20\x20\x20\x20\x20\x20\x20\
\x20\x20\x20\x20\x20\x20\x20\x20\x20\x20\x20\x20\x20\x20\x20\x20\
\x20\x20\x20\x20\x20\x20\x20\x20\x20\x20\x20\x20\x20\x20\x20\x20\
\x20\x20\x20\x20\x20\x20\x20\x20\x20\x20\x20\x20\x20\x20\x20\x20\
\x20\x20\x20\x20\x20\x20\x20\x20\x20\x20\x20\x20\x20\x20\x20\x20\
\x20\x20\x20\x20\x20\x20\x20\x20\x20\x20\x20\x20\x20\x20\x20\x20\
\x20\x20\x20\x0a\x20\x20\x20\x20\x20\x20\x20\x20\x20\x20\x20\x20\
\x20\x20\x20\x20\x20\x20\x20\x20\x20\x20\x20\x20\x20\x20\x20\x20\
\x20\x20\x20\x20\x20\x20\x20\x20\x20\x20\x20\x20\x20\x20\x20\x20\
\x20\x20\x20\x20\x20\x20\x20\x20\x20\x20\x20\x20\x20\x20\x20\x20\
\x20\x20\x20\x20\x20\x20\x20\x20\x20\x20\x20\x20\x20\x20\x20\x20\
\x20\x20\x20\x20\x20\x20\x20\x20\x20\x20\x20\x20\x20\x20\x20\x20\
\x20\x20\x20\x20\x20\x20\x20\x20\x0a\x20\x20\x20\x20\x20\x20\x20\
\x20\x20\x20\x20\x20\x20\x20\x20\x20\x20\x20\x20\x20\x20\x20\x20\
\x20\x20\x20\x20\x20\x20\x20\x20\x20\x20\x20\x20\x20\x20\x20\x20\
\x20\x20\x20\x20\x20\x20\x20\x20\x20\x20\x20\x20\x20\x20\x20\x20\
\x20\x20\x20\x20\x20\x20\x20\x20\x20\x20\x20\x20\x20\x20\x20\x20\
\x20\x20\x20\x20\x20\x20\x20\x20\x20\x20\x20\x20\x20\x20\x20\x20\
\x20\x20\x20\x20\x20\x20\x20\x20\x20\x20\x20\x20\x20\x0a\x20\x20\
\x20\x20\x20\x20\x20\x20\x20\x20\x20\x20\x20\x20\x20\x20\x20\x20\
\x20\x20\x20\x20\x20\x20\x20\x20\x20\x20\x20\x20\x20\x20\x20\x20\
\x20\x20\x20\x20\x20\x20\x20\x20\x20\x20\x20\x20\x20\x20\x20\x20\
\x20\x20\x20\x20\x20\x20\x20\x20\x20\x20\x20\x20\x20\x20\x20\x20\
\x20\x20\x20\x20\x20\x20\x20\x20\x20\x20\x20\x20\x20\x20\x20\x20\
\x20\x20\x20\x20\x20\x20\x20\x20\x20\x20\x20\x20\x20\x20\x20\x20\
\x20\x20\x0a\x20\x20\x20\x20\x20\x20\x20\x20\x20\x20\x20\x20\x20\
\x20\x20\x20\x20\x20\x20\x20\x20\x20\x20\x20\x20\x20\x20\x20\x20\
\x20\x20\x20\x20\x20\x20\x20\x20\x20\x20\x20\x20\x20\x20\x20\x20\
\x20\x20\x20\x20\x20\x20\x20\x20\x20\x20\x20\x20\x20\x20\x20\x20\
\x20\x20\x20\x20\x20\x20\x20\x20\x20\x20\x20\x20\x20\x20\x20\x20\
\x20\x20\x20\x20\x20\x20\x20\x20\x20\x20\x20\x20\x20\x20\x20\x20\
\x20\x20\x20\x20\x20\x20\x20\x0a\x20\x20\x20\x20\x20\x20\x20\x20\
\x20\x20\x20\x20\x20\x20\x20\x20\x20\x20\x20\x20\x20\x20\x20\x20\
\x20\x20\x20\x20\x20\x20\x20\x20\x20\x20\x20\x20\x20\x20\x20\x20\
\x20\x20\x20\x20\x20\x20\x20\x20\x20\x20\x20\x20\x20\x20\x20\x20\
\x20\x20\x20\x20\x20\x20\x20\x20\x20\x20\x20\x20\x20\x20\x20\x20\
\x20\x20\x20\x20\x20\x20\x20\x20\x20\x20\x20\x20\x20\x20\x20\x20\
\x20\x20\x20\x20\x20\x20\x20\x20\x20\x20\x20\x20\x0a\x20\x20\x20\
\x20\x20\x20\x20\x20\x20\x20\x20\x20\x20\x20\x20\x20\x20\x20\x20\
\x20\x20\x20\x20\x20\x20\x20\x20\x20\x20\x20\x20\x20\x20\x20\x20\
\x20\x20\x20\x20\x20\x20\x20\x20\x20\x20\x20\x20\x20\x20\x20\x20\
\x20\x20\x20\x20\x20\x20\x20\x20\x20\x20\x20\x20\x20\x20\x20\x20\
\x20\x20\x20\x20\x20\x20\x20\x20\x20\x20\x20\x20\x20\x20\x20\x20\
\x20\x20\x20\x20\x20\x20\x20\x20\x20\x20\x20\x20\x20\x20\x20\x20\
\x20\x0a\x20\x20\x20\x20\x20\x20\x20\x20\x20\x20\x20\x20\x20\x20\
\x20\x20\x20\x20\x20\x20\x20\x20\x20\x20\x20\x20\x20\x20\x20\x20\
\x20\x20\x20\x20\x20\x20\x20\x20\x20\x20\x20\x20\x20\x20\x20\x20\
\x20\x20\x20\x20\x20\x20\x20\x20\x20\x20\x20\x20\x20\x20\x20\x20\
\x20\x20\x20\x20\x20\x20\x20\x20\x20\x20\x20\x20\x20\x20\x20\x20\
\x20\x20\x20\x20\x20\x20\x20\x20\x20\x20\x20\x20\x20\x20\x20\x20\
\x20\x20\x20\x20\x20\x20\x0a\x20\x20\x20\x20\x20\x20\x20\x20\x20\
\x20\x20\x20\x20\x20\x20\x20\x20\x20\x20\x20\x20\x20\x20\x20\x20\
\x20\x20\x20\x20\x20\x20\x20\x20\x20\x20\x20\x20\x20\x20\x20\x20\
\x20\x20\x20\x20\x20\x20\x20\x20\x20\x20\x20\x20\x20\x20\x20\x20\
\x20\x20\x20\x20\x20\x20\x20\x20\x20\x20\x20\x20\x20\x20\x20\x20\
\x20\x20\x20\x20\x20\x20\x20\x20\x20\x20\x20\x20\x20\x20\x20\x20\
\x20\x20\x20\x20\x20\x20\x20\x20\x20\x20\x20\x0a\x20\x20\x20\x20\
\x20\x20\x20\x20\x20\x20\x20\x20\x20\x20\x20\x20\x20\x20\x20\x20\
\x20\x20\x20\x20\x20\x20\x20\x20\x20\x20\x20\x20\x20\x20\x20\x20\
\x20\x20\x20\x20\x20\x20\x20\x20\x20\x20\x20\x20\x20\x20\x20\x20\
\x20\x20\x20\x20\x20\x20\x20\x20\x20\x20\x20\x20\x20\x20\x20\x20\
\x20\x20\x20\x20\x20\x20\x20\x20\x20\x20\x20\x20\x20\x20\x20\x20\
\x20\x20\x20\x20\x20\x20\x20\x20\x20\x20\x20\x20\x20\x20\x20\x20\
\x0a\x20\x20\x20\x20\x20\x20\x20\x20\x20\x20\x20\x20\x20\x20\x20\
\x20\x20\x20\x20\x20\x20\x20\x20\x20\x20\x20\x20\x20\x20\x20\x20\
\x20\x20\x20\x20\x20\x20\x20\x20\x20\x20\x20\x20\x20\x20\x20\x20\
\x20\x20\x20\x20\x20\x20\x20\x20\x20\x20\x20\x20\x20\x20\x20\x20\
\x20\x20\x20\x20\x20\x20\x20\x20\x20\x20\x20\x20\x20\x20\x20\x20\
\x20\x20\x20\x20\x20\x20\x20\x20\x20\x20\x20\x20\x20\x20\x20\x20\
\x20\x20\x20\x20\x20\x0a\x20\x20\x20\x20\x20\x20\x20\x20\x20\x20\
\x20\x20\x20\x20\x20\x20\x20\x20\x20\x20\x20\x20\x20\x20\x20\x20\
\x20\x20\x20\x20\x20\x20\x20\x20\x20\x20\x20\x20\x20\x20\x20\x20\
\x20\x20\x20\x20\x20\x20\x20\x20\x20\x20\x20\x20\x20\x20\x20\x20\
\x20\x20\x20\x20\x20\x20\x20\x20\x20\x20\x20\x20\x20\x20\x20\x20\
\x20\x20\x20\x20\x20\x20\x20\x20\x20\x20\x20\x20\x20\x20\x20\x20\
\x20\x20\x20\x20\x20\x20\x20\x20\x20\x20\x0a\x20\x20\x20\x20\x20\
\x20\x20\x20\x20\x20\x20\x20\x20\x20\x20\x20\x20\x20\x20\x20\x20\
\x20\x20\x20\x20\x20\x20\x0a\x3c\x3f\x78\x70\x61\x63\x6b\x65\x74\
\x20\x65\x6e\x64\x3d\x22\x77\x22\x3f\x3e\xe7\xa8\x70\x64\x00\x00\
\x00\x06\x62\x4b\x47\x44\x00\xe2\x00\x00\x00\x1a\x56\x35\xd6\xba\
\x00\x00\x00\x09\x70\x48\x59\x73\x00\x00\x17\x12\x00\x00\x17\x12\
\x01\x67\x9f\xd2\x52\x00\x00\x00\x07\x74\x49\x4d\x45\x07\xe5\x02\
\x06\x16\x3b\x18\xe2\x83\x84\x81\x00\x00\x20\x00\x49\x44\x41\x54\
\x78\xda\xec\xdd\x7f\x7c\x5c\x55\x9d\xff\xf1\xf7\xb9\x33\x99\x24\
\x6d\x66\x5a\x0a\x88\x4d\x02\x56\x81\x36\x29\xab\x74\x6d\x9b\xd4\
\xfd\xba\x4b\x4a\x7f\xb0\xeb\x62\xa1\x50\xbf\x5f\x10\x28\x88\x2b\
\xea\x8a\x0b\xee\x82\x82\x3f\xa0\xa0\xfc\x70\x61\x17\x14\x54\x70\
\x11\x28\x2e\x88\x2b\xb4\x50\xd4\x5d\x69\x4b\x53\x97\xc5\x26\x6d\
\xd9\x82\x92\x1f\x65\x55\x58\x92\x54\x11\x4a\x3b\x93\x36\xc9\xcc\
\xdc\x7b\xbf\x7f\xb4\xc5\x16\xfa\x23\x9d\xcf\x4c\x66\x92\xbc\x9e\
\x3e\xba\x4b\x9b\x9c\x33\xe7\x9e\x73\xee\x99\xfb\xbe\xf7\xce\x1d\
\xf7\xde\x13\xde\xb5\xc6\xc9\x35\x39\xe7\xc9\xc2\x0f\xb3\xb2\xf2\
\x9c\xad\x7c\xa8\x50\xc5\xe6\xc9\xc9\x39\xc3\x86\x84\xa1\x82\xd0\
\xb6\x1d\x11\xe7\x24\xd9\x3a\xd3\xb4\x0d\xbb\x6a\x90\x42\x63\x1d\
\xce\xd6\x0f\x81\x64\x9e\x11\xce\xd8\x86\x50\x52\x20\x7b\x1d\xa1\
\x65\x4e\x38\xa7\xc0\x8b\x14\x79\x3e\x68\x49\x5b\xdb\xaf\xaf\x2b\
\xf6\xfe\xf9\xa7\xef\x39\x6e\x8d\xa4\xa6\x9c\xe7\x54\x18\xda\xc6\
\x42\xd2\xf3\x2f\x75\x39\xa1\x24\x34\x4c\x3e\x36\x54\x1e\x96\x3a\
\xa3\xa6\xd6\x8e\x57\xd6\x32\x1a\xd2\x8c\x93\xde\x6d\xd9\xb9\x9a\
\x36\xbc\xf0\x5b\xfa\x71\x84\xf8\x3f\x75\x27\x9c\xe2\xe4\x35\x5b\
\xdf\xb7\x8c\x6f\x5d\xcd\x3f\x6f\xeb\x9c\xcd\x68\x00\xa5\xe7\xcf\
\xea\xdf\xbd\x66\x4c\x65\x65\x93\xa5\x8e\x4c\x26\xab\x30\x0c\x72\
\x7e\xcf\xf9\xf9\xaf\xfe\x67\x6d\x74\x24\x75\xaa\x2b\x91\x36\x58\
\xda\x11\xe6\x65\x3b\x9c\x39\xf8\x98\x83\x53\xe8\x64\x7d\x07\x33\
\xe7\xf0\x92\x98\x53\xa1\xb9\x2f\xc3\xd0\x56\x47\x28\xa7\x50\x91\
\xa2\xcf\xa9\x92\x10\x04\xc6\xe1\x0c\x77\xfd\xc1\x88\x10\x09\x03\
\xf3\x3a\xe5\xc4\x79\x91\x91\xf5\x2e\x8e\x92\x98\x09\xce\xc9\x85\
\xce\x3c\x9b\xd8\x3f\x81\x91\x29\x9b\x95\xd2\x69\xdb\xf1\x98\xef\
\x4b\xa1\x71\x9d\xf1\x18\x0a\x00\x00\x00\x00\x00\x08\xd2\x00\x00\
\x00\x00\x00\x10\xa4\x01\x00\x00\x00\x00\x20\x48\x03\x00\x00\x00\
\x00\x40\x90\x06\x00\x00\x00\x00\x80\x20\x0d\x00\x00\x00\x00\x00\
\x41\x9a\x2e\x00\x00\x00\x00\x00\x80\x20\x0d\x00\x00\x00\x00\x00\
\x41\x1a\x00\x00\x00\x00\x00\x82\x34\x00\x00\x00\x00\x00\x04\x69\
\x00\x00\x00\x00\x00\x08\xd2\x00\x00\x00\x00\x00\x8c\x7a\x51\xba\
\x60\x68\x54\xc5\x13\x9a\x52\x3f\x55\x92\x54\x5d\x53\xab\xea\x9a\
\x5a\xa5\x92\x49\x75\x76\xb4\x49\x92\x3a\xdb\xdb\xd4\x9b\x4a\xd2\
\x51\x00\x00\x00\x00\x40\x90\x1e\xbd\xc1\x79\xf6\xdc\xf9\x6a\x9a\
\x3b\x5f\x33\x1a\x66\x29\x9e\x48\x1c\xb2\x4c\x2a\x99\xd4\x86\x96\
\x5f\x68\xcd\xaa\x9f\x69\xcd\xca\x27\x95\x22\x58\x03\x00\x4a\xd4\
\x8c\xa9\x93\xdf\x25\xe9\xa2\xfc\xd4\x16\xec\xfe\x03\x00\x00\x41\
\xfa\xb0\xb8\x21\x7e\xbd\x78\x22\xa1\xd9\x73\xe6\x6b\xc5\xf2\x47\
\xf2\x5a\xef\xf4\xc6\x59\x5a\xb0\xf0\x23\x5a\x70\xd6\xa2\xdc\xda\
\x34\xef\x34\xcd\x9e\x77\x9a\xf4\x75\x69\xc5\xa3\x3f\xd2\x8a\x65\
\x3f\xd2\x86\xd6\x75\x87\x5d\x57\x18\x0e\xff\x31\x0d\x8b\x5c\x7e\
\xa4\x08\x25\x85\xc6\x09\xe1\x9c\x1b\x11\x7d\x11\x18\xfb\x21\xe2\
\x79\x8a\x44\x6c\x9f\x88\xb9\xec\xac\xa6\x53\x2c\xe5\x63\xb1\x98\
\x62\xb1\xf2\xc3\x2a\xf3\x72\xf7\xef\xa7\x65\xb2\xd9\xf1\x6f\xfe\
\x83\x9f\x36\xcf\x87\x48\xc4\xf8\xf6\xe1\xbc\xe6\x07\xd7\x6c\x5c\
\x5b\xcc\xf9\x50\x51\x1e\x33\x45\xb7\x20\x0c\x94\xcd\xfa\xa3\x79\
\x79\x99\x24\x69\x09\xab\x2c\x0a\x60\x9b\xa4\xe6\x22\xb7\x61\x13\
\xc3\x00\x94\x26\xcf\xf3\xcc\x59\x27\x1f\x39\x21\xea\x39\x4f\xce\
\x49\xd6\xe3\xe4\x30\xb4\x1f\x68\x7b\xf9\x88\x5e\x07\xa9\x62\x62\
\x4d\xad\x66\xcf\x99\xaf\x05\x0b\x17\xbd\x79\x9b\xf5\xe6\xce\x0e\
\x6d\xde\x7d\x7b\xb5\x65\x40\xe2\xf1\x84\xae\xfc\xe2\x35\x39\x05\
\xe8\x03\x59\x70\xf6\x47\xb4\xe0\xec\x8f\x68\x43\xcb\x2f\x74\xcb\
\x0d\xd7\xbf\x79\x1b\xf8\x60\x26\xc6\xc8\x88\x3d\xc5\x8e\xe2\xb2\
\xef\x18\xbb\xda\xd1\xf4\x7c\xc7\x4b\x45\x0b\x0c\x53\xa7\x4c\x5a\
\x13\x4a\x4d\xe6\x7e\x18\x01\x61\xda\x0f\x6c\x57\xbc\xe2\x63\xc7\
\x68\x7c\xbc\xca\xda\x8c\x21\x3f\x38\x7c\x57\xcd\x31\xfb\xfc\x3d\
\xdd\xdf\x6b\x7e\x03\x2b\x2f\x2f\xb7\x4d\x29\x2f\xba\x44\x2a\x6e\
\x90\x9e\xf8\x8e\xa3\x9a\xfb\xd3\x99\x9c\xcb\x0f\xa4\x33\xda\xba\
\x7d\x7b\x3e\x02\x03\xeb\xb5\xdc\x88\x79\xe7\x82\xdd\xd3\xed\x2f\
\x3e\x27\x69\x36\x3d\x81\x91\xa4\xe9\x4f\xea\xae\xcd\x66\xb3\x4b\
\xac\xd5\x3c\xdd\xf1\x3f\x6b\x47\x7b\x5f\x96\x97\xc5\x14\xe4\x23\
\x09\x1b\x8f\x6d\x47\xc5\xad\xdd\xd3\x1b\x66\xe9\xbc\xc5\x17\x6b\
\xf6\xdc\xf9\x6f\xfb\xd9\x94\xfa\xa9\x6f\x06\xe9\x5c\xcd\x9e\x33\
\x5f\xd7\xdf\x7c\xeb\xa0\x6e\xdf\xce\xc5\x8c\xc6\x0f\xe8\x87\x2b\
\xfe\x5d\x77\xdd\x71\x9b\xee\xba\xe3\x76\x56\x22\x00\xc8\x83\x87\
\x9e\x5a\xcf\x81\x3a\x00\x00\xc8\xc9\x88\x7e\x6a\xf7\xf4\x86\x59\
\xfa\xc9\xea\xa7\x75\xcf\x03\x0f\xef\x37\x44\x4b\xbb\x1e\xfc\x65\
\xb1\x60\xe1\x22\xdd\xf6\xed\xef\x16\x2c\x44\xef\xed\x53\x9f\xfd\
\x9c\x7e\xf8\xf8\x4f\xcd\x6d\x06\x00\x00\x00\x00\x10\xa4\xf7\x31\
\xb1\xa6\x56\xff\xf2\xc0\xc3\xba\xe7\x81\x87\x0f\x19\x3a\x67\x34\
\xcc\x32\x85\xe8\xeb\x6f\xbe\x75\x48\xb7\x6d\x4a\xfd\x49\xfa\xe1\
\xe3\x3f\xd5\x94\xba\xa9\xcc\x5e\x00\x00\x00\x00\x20\x48\xdb\x7d\
\x74\xf1\xc5\xfa\xe1\xf2\x9f\x0e\x3a\x20\xe7\x7a\x75\xb7\x18\x21\
\x7a\x8f\x78\x62\x9c\xee\xf9\xd7\x87\x09\xd3\x00\x00\x00\x00\x40\
\x90\xb6\xb9\xee\xa6\x5b\x75\xe5\x17\xaf\x39\xac\xdb\xac\xab\x6b\
\x6a\x55\x15\x3f\xbc\xdb\xb2\xa7\xd4\x4d\xd5\x95\x5f\xbc\xa6\xa8\
\xdb\x4a\x98\x06\x00\x00\x00\x00\x82\x74\xce\xaa\xe2\x71\x3d\xfc\
\xd8\x4f\x72\x7e\x62\xf6\x9e\x27\x78\x0f\x56\x21\x1f\x2c\x46\x98\
\x06\x00\x00\x00\x00\x82\x74\xc1\x43\xf4\x3d\xdf\x7f\xf8\xb0\xc3\
\xf0\x3e\x41\xfa\x30\x82\xe8\x79\x8b\x2f\x36\xbd\x56\x21\xc2\xf4\
\xf5\x5f\xbf\x55\xf1\x78\x82\xd9\x0c\x00\x00\x00\x00\x04\xe9\x43\
\xbb\xed\x5b\xdf\x35\x07\xdb\xc1\x96\x8f\xc7\x13\xfa\xd4\x67\x2f\
\x2f\xb9\x3e\x98\x52\x7f\x52\xd1\x3e\xaf\x0d\x00\x00\x00\x00\x04\
\xe9\x61\xe4\x8a\x2f\x7e\x45\x33\x1a\x67\x99\xeb\x19\xec\x03\xc7\
\xce\xbb\xf0\xe2\x92\xb8\xa5\x7b\x7f\x66\xcf\x3b\xed\x80\x5f\xf1\
\x05\x00\x00\x00\x00\x20\x48\xab\x69\xce\x3c\x9d\x77\xe1\xc5\x79\
\xa9\x6b\x30\x4f\xf8\x8e\xc7\x13\x79\x7b\xbd\x42\xb9\xfe\x66\x6e\
\xf1\x06\x00\x00\x00\x00\x82\xf4\x7e\x54\xc5\xe3\x79\xbf\x95\x79\
\xf2\x21\x3e\x27\xbd\x60\xe1\xa2\x92\xbd\x1a\xfd\x66\xd8\x4f\x8c\
\xd3\x79\x17\x5d\xcc\xac\x06\x00\x00\x00\x00\x82\xf4\xbe\x0a\x71\
\x8b\xf5\xa1\x6e\xef\x2e\xf5\xab\xd1\xfb\xf4\x0d\x57\xa5\x01\x00\
\x00\x00\x80\x20\xbd\xc7\xc4\x9a\x9a\x82\x3c\xf0\xeb\x60\x0f\x1c\
\x9b\x3d\x67\xbe\xaa\x6b\x6b\x87\x45\xff\x70\x55\x1a\x00\x00\x00\
\x00\x08\xd2\xfb\x28\xd4\x95\xe1\x83\x7d\x4e\x7a\xb8\x3d\xc4\xeb\
\xc3\x0b\x17\x31\xb3\x01\x00\x00\x00\xa0\x40\xa2\xc3\xad\xc1\x0b\
\x0a\x14\x12\x0f\x74\x6b\x77\x3c\x9e\xd0\x82\xb3\x86\x57\x30\xad\
\xae\xad\x55\xd3\xdc\x79\x6a\x5e\xb5\x92\x19\x0e\x00\x28\x94\x4d\
\x92\x9a\x4a\xa8\x2d\x00\x50\xca\xee\x97\xd4\xcc\x5a\x97\x17\x97\
\x4b\x1a\x5f\xec\xf7\x9c\xa8\x1f\xfa\x72\xa1\xe4\x9c\x33\xd6\x17\
\x9a\x5b\x14\x1e\xa2\x8e\x42\x3e\xf0\xab\xba\xa6\x56\x2e\x0c\xa5\
\xb7\xf4\xc3\x70\xfd\x4a\xa9\xa6\xb9\xa7\xa9\x79\xd5\x53\x39\x97\
\x0f\x42\xdb\x78\x3a\x39\xf3\x36\x64\xb3\xbe\xa9\x7c\x24\xe2\x29\
\x1a\xb5\xdd\x74\x91\xc9\x66\xf3\xb0\x5f\x04\x45\x9d\x0b\x95\x61\
\x20\x97\xed\xb3\x6d\x45\xc6\x36\x9e\x61\x10\x36\x4d\xad\x79\x87\
\xa9\x8e\xe3\x6b\xa3\x3a\xfe\xd8\x32\x53\x1d\xef\x7d\xef\x94\x49\
\x99\x6c\xee\xe3\x91\x48\x8c\x53\x22\x61\x5b\xb7\xc7\x78\x15\xb6\
\x7d\xcb\x39\x39\x67\x9b\xd7\x7d\x3b\xde\x30\xcf\x2b\xeb\x5b\x46\
\xa4\xac\xef\xa2\xff\x6c\x5a\x98\x73\x08\xf3\x7d\x5f\x4d\x17\xaf\
\x98\x5d\xcc\x7d\xeb\xb6\xcb\xde\x7f\xb2\xa4\xdb\x2d\x75\xbc\xf8\
\x3f\xbd\xfa\x9f\x5f\xef\x30\xb5\xe3\xc9\x8e\xee\xa2\xf4\xc3\x86\
\xb6\xcd\xdb\x25\xad\xe5\x78\x0e\x78\xbb\x3f\x3b\xe9\xc4\x35\xca\
\xc3\x89\xa6\xac\x97\x31\x95\x6f\xfd\xe5\x4b\x8e\xd1\x28\x0d\xcd\
\xbf\xea\x78\x59\xd2\xcb\xf4\x84\xdd\xda\x5f\xb5\x3f\x57\x0a\xed\
\x88\xfe\x31\x02\xdb\x82\xd3\x50\xdc\x23\x5e\xe8\x50\x3b\xa3\x61\
\x96\x36\xae\x6f\x19\x11\x41\x7a\xf6\xdc\x79\x5a\xe2\xae\xb6\x24\
\x9f\x3c\xb4\xc2\x18\xbe\x42\xfb\xab\x7b\xd6\xa3\xfd\x30\x1f\xc5\
\xc3\xa2\xce\x85\x88\xa4\x88\x71\x3c\x7d\xe3\x26\xf8\x41\xd8\xa4\
\x12\xb8\x72\x35\xa9\x36\x6e\x2a\x1f\x4f\x8c\x57\x7c\xdc\x11\xb6\
\xb5\x32\x1d\x33\xee\x17\xf6\xf9\xb4\xb3\x77\xc0\xdc\x86\xd0\x38\
\xa7\x06\xfc\xfe\x49\x41\xa8\x49\xc3\xfc\xbd\x7c\xbc\x4a\xe7\x8a\
\x2c\x80\x52\x92\xa7\xf8\x1a\x12\x83\x81\x92\x35\xac\x3e\x23\x3d\
\x7b\xde\x69\x05\xad\x7f\xf2\x5b\x1e\x38\x56\x15\x4f\x0c\xdb\x20\
\x1d\x4f\x24\x34\xbd\xa1\x81\x19\x0e\x00\x00\x00\x00\xa3\x35\x48\
\x1f\xec\x61\x60\xf9\xf2\xd6\xcf\x49\x0f\xc5\x6b\x16\xb6\xcf\x1a\
\x99\xe1\x00\x00\x00\x00\x30\x6a\x83\x74\x63\xe1\x43\xed\x94\xfa\
\x93\xf6\xf9\x7b\xd3\x30\xbd\x1a\xbd\x07\x57\xa4\x01\xa0\x70\xa2\
\xd1\xc8\x78\x7a\x01\x00\x80\x51\x7a\x1c\x30\x6c\x82\xf4\x10\x5c\
\x1d\x7e\x6b\x58\x1f\x8a\xd7\xdc\xd0\xb2\x4e\xa9\x54\x52\xd5\x35\
\xb5\x07\xfd\x2e\xeb\xdc\xb6\x87\x2b\xd2\x00\x50\x28\xb1\x58\x6c\
\x5a\xd6\xf8\x20\x3f\x00\x00\x40\x90\x2e\xa8\x7c\x87\xcc\xb7\xea\
\x6c\x7f\x41\x1b\x5a\xd6\xbd\xf9\xf7\x89\x35\xb5\xaa\xae\xad\x2d\
\xd8\xeb\xa5\x92\x49\x5d\x72\xc1\xb9\xda\xdc\xd1\xfe\xe6\xbf\x35\
\xcd\x99\xa7\x25\x37\xdf\x92\xd7\x27\x93\x4f\xac\xa9\xd1\x96\xee\
\x6e\x66\x3a\x00\x00\x00\x00\x8c\xa6\x20\x1d\x8f\x27\x14\x4f\x8c\
\x2b\x40\x98\xdd\xae\x07\x97\xde\xab\x15\xcb\x1e\xd1\x96\xee\x2e\
\x49\x7f\xfc\x1a\xb0\xd9\x73\x0a\x7b\x5b\xf7\x43\x4b\xef\xdb\x27\
\x44\x4b\x52\xf3\xea\x95\xba\xf5\xc6\xaf\xea\xba\x9b\x6f\xc9\xdb\
\xeb\x54\x13\xa4\x01\x00\x00\x00\x20\xaf\x86\xc5\x67\xa4\x0b\x71\
\x35\xba\xb3\xfd\x05\xfd\xbf\x33\x3e\xa4\xbb\xef\xb8\xfd\xcd\x10\
\xbd\xb7\xe9\x05\xfe\x4c\xf6\x13\xcb\x1f\xd9\xff\xbf\x2f\x7b\x64\
\x9f\x2b\xe3\x56\x3c\x70\x0c\x00\x00\x00\x00\x08\xd2\x79\x09\xd1\
\x7f\x73\xfe\x39\xfb\x0d\xd0\x6f\xbe\x66\x5d\xe1\x6e\x25\xef\x6c\
\x6f\x3b\xe8\x55\xe2\x87\x96\xde\xcb\xcc\x04\x00\x00\x00\x00\x82\
\x74\xee\xf2\xf9\x99\xe1\x54\x72\xbb\xfe\xe6\xfc\x73\xd4\x9b\x4a\
\x1e\xf0\x77\x0a\xfd\xf9\xe8\xe6\x55\x2b\x0f\xf9\xf3\x54\x32\x99\
\x97\xd7\xe2\xc9\xdd\x00\x00\x00\x00\x30\x1a\x83\x74\x3c\x7f\x41\
\xfa\x96\x1b\xae\x3f\x68\x88\x96\x0a\xff\xb4\xee\x8d\xad\x87\xbe\
\x75\x3b\x9f\xb7\x77\x03\x00\x00\x00\x00\x46\x59\x90\xce\xd7\xad\
\xdd\xa9\xe4\xf6\x03\x7e\x36\x79\x6f\x93\x0b\xfc\x84\xf0\x8d\xad\
\x2d\x87\xfc\x9d\xcd\x1d\x6d\x79\x79\xad\x7c\x5e\xcd\x07\x00\x00\
\x00\x00\x0c\x93\x20\x9d\x2f\x6b\x56\x3d\x39\xa8\xdf\x2b\xe4\x15\
\xe9\xc1\x5e\x69\xee\x6c\xcf\x4f\x90\x9e\x52\x5f\xcf\x2c\x07\x00\
\x00\x00\x00\x82\x74\x6e\x06\x1b\x4e\x0b\xf9\x9d\xd5\x83\xbd\xd2\
\x9c\xaf\xcf\x48\x03\x00\x00\x00\x00\xf2\x6b\x78\x7c\x8f\x74\x9e\
\x6e\x4f\x1e\x4c\x90\x9e\x5e\xe8\xcf\x47\xb7\xb4\x30\xeb\x00\x00\
\xd8\xed\xcf\xea\x27\x9f\x1c\x7a\x1a\x1f\x1a\x4f\xed\x7b\x72\xd6\
\xa6\x6c\x7b\xe6\x97\x9d\xcf\x31\x22\xc8\x93\xfb\x25\x35\xd3\x0d\
\x40\x89\xbe\xf7\xbc\xf7\xf8\x0b\x25\x4d\xca\x75\xff\x7e\xe6\x97\
\xbf\x7e\x79\x58\x04\xe9\x29\xf5\x27\xe5\xa5\x9e\xc1\x5c\xe5\x2d\
\xf4\x83\xc6\x3a\x07\x79\x45\x7a\x30\x9f\xa3\xc6\xb0\x71\xfb\xfb\
\x4e\xa8\xdd\x96\x6b\xe1\xb2\x48\x44\x9e\x67\x38\xc2\x0c\xfc\x69\
\x0c\x01\x30\x72\xcd\xaf\xab\x39\xc5\x52\xde\x8f\x54\xc8\x8f\x56\
\x9a\xda\x90\x4e\xa7\x37\x3d\xd3\xbe\x79\x7b\xae\x6b\xa4\xa4\xa6\
\x12\xe8\xca\x66\x49\xb3\x99\x51\xc5\xf7\x7f\xea\x27\x5f\xeb\x9c\
\x5b\x62\xae\xc8\xd9\x4e\xae\x04\xce\x6f\x7e\xe6\x57\x2f\xe6\x34\
\x27\x9e\xf9\xd5\x8b\x4b\x19\x49\xa0\xa4\x5d\x64\x78\xef\x69\x96\
\x94\xc7\x20\x6d\x3d\x11\x1c\x16\xbe\xb7\x06\x73\x5b\x75\x21\xaf\
\x48\xf7\x74\x75\x1d\xf4\xfb\xa3\xf3\xd3\x91\x6f\x97\xcd\x66\x0f\
\xbb\x4c\xc4\xb3\x5d\x1a\x08\xc2\x50\xa1\x71\x50\x2b\x62\x31\x53\
\x79\x3f\xf0\x35\x90\xce\x18\xdf\x83\x6d\xe3\x11\xf1\x9c\x62\xb1\
\xa8\x29\xc8\xf6\xee\xe8\x93\xef\x07\x39\x97\x8f\x3a\x29\x11\xb5\
\x8d\xe7\x09\xc7\xd5\xa8\x6a\x4c\xee\x07\xda\xb5\xc7\xbd\x43\x1f\
\xf9\xe8\xa9\xa6\x36\x44\xa3\x51\x45\xcb\xca\x4c\x75\xec\x78\xfd\
\x05\xe3\x7c\xf0\xe4\x39\xcf\x5a\x47\xd3\x89\x7f\xfd\xb5\xb5\xc5\
\x7c\xe7\xe8\x58\x71\xa5\x69\xe7\xcc\x64\xd2\xea\x4d\x6e\x33\xb5\
\xc1\xba\x3e\xb8\x50\x45\x57\x55\x55\xa5\x88\x17\x31\xd5\x31\xed\
\xbd\xb5\x7a\xdf\x49\x47\x98\xea\x68\x59\xb7\xb1\xd9\x52\xfe\xd5\
\xde\xac\xfe\xb0\xa3\xdf\xd4\x86\xca\x58\xac\x49\x52\x4e\xf3\xba\
\x2c\x1a\x55\xe0\x42\x85\xc6\x41\xcd\x64\xb2\xc2\xc8\xe0\x79\x11\
\xf3\x67\x0f\xc3\x7c\x1c\x52\x79\x6e\x12\xa3\x01\x8c\xd0\x75\x26\
\x62\xff\x84\xb3\x47\x37\xee\x6b\x46\x63\xe1\x82\xf4\x60\xbe\xf6\
\xea\xcd\x03\xb4\x78\x9c\xc1\x00\x00\x00\x28\x1e\x82\x34\x00\x82\
\xf4\x60\x14\xfa\xf3\xd1\x9d\xed\xed\x83\xfe\xdd\x29\x05\xfe\x0a\
\x2e\x00\x00\x00\x00\x00\x41\xda\x6c\xf6\xdc\xf9\x05\xad\xff\x70\
\xae\x48\x03\x00\x00\x00\x00\x08\xd2\x45\x37\xb9\xee\xe0\x57\x79\
\x0b\x79\x5b\x77\x2a\x99\xd4\xe6\x0e\xae\x48\x03\x00\x00\x00\x00\
\x41\x7a\x08\x6c\x68\xf9\x45\x5e\xea\x39\xd8\xd7\x68\x55\xc5\x13\
\x79\x7b\x3a\xf8\x7e\xb7\xe1\x30\xaf\x46\x4f\xae\xaf\xcf\xcb\xeb\
\x76\xb4\xb5\x31\xcb\x01\x00\x00\x00\x60\xb4\x05\xe9\x7c\x39\x58\
\x90\x2e\xf8\x6d\xdd\x87\xf9\xfd\xd1\xf9\xfa\x1a\xae\xc1\x7c\xe5\
\x17\x00\x00\x00\x00\x80\x20\xbd\x5f\x07\xbb\x5d\xba\x94\x3e\x1f\
\x3d\xbd\xa1\x51\xd5\xb5\xb5\xcc\x4e\x00\x00\x00\x00\x20\x48\xe7\
\x26\x5f\x57\x55\xa7\x1c\xe4\x33\xd2\x85\xfc\x7c\x74\x4f\x57\xd7\
\x61\x7d\x3e\xfa\x93\x9f\xbd\x2c\x6f\xaf\xbd\xe1\x30\xaf\x84\x03\
\x00\x00\x00\x00\x46\x40\x90\xee\xec\xc8\xcf\xe7\x7c\x0f\x14\x96\
\x3f\xbc\x70\x91\xe2\x89\x71\x05\x6b\xff\xe1\x5c\x8d\x9e\x3d\x77\
\x5e\x41\x43\x3d\x00\x00\x00\x00\x60\x14\x04\xe9\x7c\x89\x27\xc6\
\xa9\x69\x3f\xb7\x70\x2f\x38\x6b\x51\x41\x5f\x77\x43\xeb\xe0\xae\
\x0a\x4f\xae\xab\xd7\x92\x9b\x6f\xc9\xeb\x6b\xaf\x6f\xe1\x2b\xb7\
\x00\x00\x00\x00\x60\xd4\x05\xe9\x0d\x79\x0c\x83\x9f\xfa\xec\xe5\
\xaa\x8a\xff\xf1\xa1\x63\xd3\x1b\x66\x69\x46\xe3\x07\x0a\xda\xfe\
\xe6\x55\x4f\x0e\x2a\x44\x7f\xf7\xfb\x3f\x38\xe8\x03\xd1\x72\xd1\
\xd3\xd5\xc5\x2c\x07\x00\x00\x00\x80\xd1\x16\xa4\xf3\xf9\xe4\xe9\
\x29\xf5\x27\xe9\xb6\x6f\x7f\x57\xd3\x1b\x66\xa9\x69\xee\x7c\xdd\
\xf6\xed\xef\x16\xb4\xed\x9d\xed\x6d\xea\x4d\xa5\x0e\xf8\xf3\xaa\
\x78\x5c\x97\x5c\x7a\x99\x7e\xf0\xf8\x4f\xf2\x1e\xa2\x93\xc9\xa4\
\x7a\xba\xbb\x99\xe5\x00\x00\x00\x00\x90\x47\xd1\xe1\xd0\xc8\x7c\
\x7d\x46\x7a\x8f\x19\x8d\x1f\xd0\x3d\x05\xbe\x0a\xbd\x47\xf3\xaa\
\x95\xfb\xfd\xf7\xc9\x75\xf5\xfa\xf0\x59\x67\xef\xfe\x7c\x76\xa2\
\x30\xfd\xc6\x77\x48\x03\x00\x00\x00\xc0\x5b\x6d\x32\x94\xdd\x36\
\x6c\x82\xb4\x24\x6d\x68\xf9\x45\xc1\x6f\xc1\x2e\x4c\x90\xfe\xe3\
\x6d\xdd\xa7\x2f\x3c\x5b\x4d\x73\xe7\x69\x4a\xdd\xd4\x21\xf9\x7a\
\x2b\x9e\xd8\x0d\x00\x00\x00\x00\xfb\x7a\x7a\xd3\x8b\x9f\xb3\xd6\
\x31\x6c\x82\x74\x67\x7b\xdb\xb0\x0b\xd2\x6f\xfd\xda\xab\xea\x9a\
\xda\x82\x7f\x5f\xf5\xde\x78\xd0\x18\x00\x14\xc6\xf2\xdb\x16\x8e\
\xeb\xef\xef\x9f\x44\x4f\xe4\xc5\x26\xda\x01\x00\x85\xf7\xe7\x27\
\x4f\x39\xd9\x73\x6e\xbc\xad\x96\xd0\xdc\x8e\x20\x0c\x5f\xfa\xcf\
\xe7\x36\xbf\x3c\xdc\xfb\x33\x2a\x85\x72\xce\xc9\x19\x2b\xb2\x96\
\x0f\xdd\xc1\xc7\x65\x43\xeb\x3a\x9d\x77\xd1\xc7\x87\x55\xe7\xae\
\x59\xbd\x72\x9f\x4d\xea\xe9\x1e\xba\x07\x7f\xa5\x92\x49\x6d\xda\
\xb8\x51\xd1\x68\x6e\xe7\x4a\x82\xc0\xb8\x93\xb8\x50\x2e\x0c\x8d\
\x3b\x59\x60\x9c\x93\xbe\x22\xce\x37\xd5\x11\xf1\x6c\x8f\x11\x08\
\x15\x2a\x33\x90\x35\xd5\x51\x1e\x91\x5c\x24\xf7\x3d\x6c\x7c\x55\
\x85\xa6\x9f\x38\xd1\xd4\x86\xf7\x1c\x7f\x82\xc6\x8e\xad\xca\xb9\
\x7c\x55\x3c\xa6\x74\xef\xab\xa6\x36\x64\x23\x11\xf3\x78\xf8\xbe\
\x6d\x3e\x38\x17\x28\x70\x9e\x71\x5e\x47\x8a\xbe\x36\x0d\x84\xc6\
\x6d\x88\x94\xab\x2c\x3e\xc1\x36\x16\x03\x4e\x81\x9f\xce\xbd\x0d\
\x2e\xd0\xcf\xee\x3f\xff\xda\x83\xff\x52\x76\x92\x0b\xfd\x03\x86\
\xdd\xbe\x3e\x29\xd8\x7b\x4a\x84\xe1\x34\x49\x83\x3e\xc0\xf0\xa2\
\x65\xb2\x2e\x95\x59\x3f\x23\x3f\xb3\xc3\x54\xc7\x91\x47\x8e\xb5\
\xb5\xc1\xf5\x29\x93\xb5\xad\xb7\xe9\xcc\x40\xce\x65\xd7\xfe\xb2\
\xed\x73\x02\xf6\x39\x26\x0c\x15\xe6\xe1\x60\x5d\xce\x7c\x74\xca\
\x60\x60\x64\xed\x5b\x0a\x6f\x0f\xa5\xa6\xa2\x37\xc4\x69\x89\xa4\
\xeb\x86\x7d\x90\x76\x6e\x57\x08\x76\xc6\xc5\xc6\xbe\x56\x85\x07\
\x4d\xe3\xcd\xab\x9f\x1c\x76\x9d\xbb\x62\xd9\xa3\x0a\xf7\xda\xa8\
\xee\x21\x7c\xf0\xd7\xda\xa7\x9e\x52\x34\x5a\x66\x38\x28\xca\x98\
\xcf\x8c\x38\x17\x1a\xa7\x84\xed\xc0\xce\x53\x20\xcf\xd9\xea\x88\
\x45\x6c\x13\x3b\xeb\x07\xea\x4b\xdb\xfa\xb2\xaa\xc2\x53\x99\xa1\
\x1d\xef\x3c\xa2\x52\x1f\x9c\x3e\xc9\xd4\x86\x77\x4f\xa9\x57\x55\
\x3c\xf7\x13\x98\x99\xec\x0e\xa5\x7a\x7f\x6b\x5c\x73\xed\xeb\x94\
\x17\x33\x3e\x5f\xd1\x39\x39\xcf\x36\xaf\x33\x2a\xbe\x01\xd9\xc2\
\xbc\x17\xf1\x14\x1b\x63\x7b\xb6\x43\xff\xf6\x8c\xc2\x4c\x7f\xee\
\xeb\x43\x10\x48\xd9\xf4\x92\x43\x24\x5d\x85\x07\xbb\xf1\xca\x65\
\xa5\xbd\xd7\xa9\xc3\x9d\x5e\x2e\xa2\xc0\x78\x1a\xd9\xf7\x33\xca\
\x66\x76\x9a\xea\x38\xca\x18\xa4\x33\xd9\x40\x03\x7d\x69\x53\x1d\
\xaf\xf5\xef\x14\x90\xbf\x20\x2d\xc9\xf8\xfe\x6d\xbf\xc4\xa3\x7d\
\xd7\x07\x60\x24\x70\xa1\x42\xe7\x8a\xbf\x8f\x8f\x90\x5d\x6b\x58\
\x7d\x8f\xf4\x9a\x55\x3f\x1b\x36\x6d\x7d\xeb\x6d\xdd\xd2\xae\xdb\
\xd3\x87\x2c\x48\xaf\x5e\xcd\x62\x01\x00\x00\x00\x00\x04\xe9\xe1\
\x73\x55\xfa\xc1\xa5\xf7\xbd\xed\xdf\x0e\xf6\x35\x58\xf9\x94\x4a\
\x26\xb5\xf6\xa9\xa7\x98\xdd\x00\xde\xa6\x6d\xf5\x0d\xa7\xd0\x0b\
\x00\x00\x00\xa3\x28\x48\x3f\xb1\xfc\x11\xa5\x92\xdb\x87\x47\xe8\
\x5f\xbd\xff\xaf\xbd\xda\x30\x04\x0f\x00\x7b\xf8\xfb\xdf\x67\x66\
\x03\x00\x00\x00\x00\x41\x7a\x97\x07\x97\xde\x5b\xf2\x6d\x5c\xb1\
\xec\x51\x6d\x39\xc0\xe7\xa1\x7b\x86\xe0\x73\xd2\x4f\x3c\xb6\x9c\
\x99\x0d\x00\x00\x00\x00\x04\xe9\x3f\x06\xe9\x52\xbf\x2a\xbd\x62\
\xf9\xa3\x07\xfc\x59\xa1\x9f\xdc\xbd\x62\xd9\xa3\xea\xe9\xea\x66\
\x66\x03\x00\x00\x00\x00\x41\x7a\x97\xde\x54\xb2\xa4\xaf\x4a\x6f\
\x68\x59\xa7\x8d\xad\x2d\x07\xfc\x79\x67\x7b\x7b\xc1\x5e\x3b\x95\
\x4c\xea\x96\x1b\xbe\xca\xac\x06\x00\x00\x00\x00\x82\xf4\xbe\x1e\
\x5c\x7a\xaf\x7a\xba\x5e\x29\xc9\xb6\xdd\x75\xe7\x37\x0f\x1e\x76\
\x53\xc9\x02\xf6\xcb\x7d\x43\xf6\x40\x33\x00\x00\x00\x00\x20\x48\
\x0f\x23\xbd\xa9\xa4\xae\xb9\xfa\x8a\x92\x6b\xd7\x43\xf7\xdf\xab\
\x8d\x87\x78\x98\xd8\xc1\xae\x56\x5b\x74\xb6\xb7\xe9\xee\x3b\xbe\
\xc9\x8c\x06\x00\x00\x00\x00\x82\xf4\x81\x02\xe9\x3a\xdd\x75\xc7\
\x6d\x25\xd3\x9e\x9e\xae\x2e\xdd\x7d\xc7\xed\x83\xfe\xdd\x7c\x4a\
\x25\x93\xba\xe6\x0b\x9f\x67\x36\x03\x00\x00\x00\x00\x41\xfa\xe0\
\xee\xbe\xf3\x76\xad\x58\xf6\xa3\x92\x68\xcb\x3f\xfc\xed\x25\xea\
\x1d\xe4\x6d\xdb\xf9\x7e\xe0\xd8\x2d\x37\x7c\x55\x9b\x3b\xda\x99\
\xcd\x00\x00\x00\x79\xf4\xc1\x93\x4f\x38\x85\x5e\x00\x30\xe2\x82\
\xb4\x24\x5d\x7b\xf5\x15\xda\xd0\xf2\x8b\xe2\xb6\xe1\x0b\x57\x68\
\x73\x47\xdb\xa0\x7f\xbf\x33\x8f\xa1\x77\xc5\xb2\x47\xf5\xc4\xf2\
\x65\xcc\x64\x00\x00\x00\x00\x20\x48\x0f\xde\xe7\x3e\x73\x49\xd1\
\xae\x4c\x5f\xfb\x85\x2b\xf4\xe3\xe5\x8f\x1c\x56\x99\x54\x32\x3f\
\x0f\x1c\x5b\xb1\xec\x51\x5d\x7b\x15\xb7\x74\x03\x00\x00\x00\x00\
\x41\xfa\x30\xf5\xa6\x92\xba\xf6\xea\x2b\xf4\xe0\xfd\xdf\x1b\xb2\
\xd7\x4c\x25\x93\x39\x85\x68\x49\xda\x90\x87\x07\x8e\x11\xa2\x01\
\x00\x00\x00\x80\x20\x6d\x76\xeb\x8d\xd7\xeb\x73\x7f\xfb\x09\xa5\
\x92\xdb\x0b\xfa\x3a\x9d\xed\x6d\xba\xe4\xfc\x73\x72\x0a\xd1\x92\
\xfd\x33\xd2\x84\x68\x00\x00\x00\x00\x28\x9e\xe8\x48\xdb\xa0\xe6\
\x55\x4f\xea\x43\xb3\x3f\xa8\x2b\xbf\x74\x8d\x16\x9c\xf5\x91\xbc\
\xd6\x9d\x4a\x26\xf5\xd0\xd2\x7b\xf5\xdd\x41\x3e\x9d\xfb\x40\xb6\
\x74\x77\xe7\x5c\xf6\xae\x3b\xbe\xc1\xd7\x5c\x01\xc3\xdb\xa4\x67\
\x7f\xfc\xa5\xdc\x17\xed\x68\x99\xa2\x65\x65\x96\xd7\x9f\xc6\x10\
\xa0\x00\xa6\x9d\x3a\xb9\x36\xf7\xd2\x91\x88\x14\x8d\x98\x1a\xf0\
\xd4\x2f\x7f\xb3\x76\xb8\x77\xe2\xf4\xfa\x13\xc7\x59\xf7\xd1\x48\
\x24\x22\xe7\x5c\xce\xe5\x5b\x7e\xd9\xbe\x96\xe9\x0c\x00\x43\x18\
\xa4\x3d\x67\x2b\x1f\xca\x29\xb4\x36\x22\x94\x9c\xa4\x9d\xa9\x94\
\xae\xbb\xea\x4a\x7d\xf7\x8e\x6f\xe8\x93\x9f\xbd\x5c\x4d\x73\xe7\
\x2b\x9e\x48\x98\x02\xf4\x8a\xe5\x8f\xe8\xa1\xa5\xf7\x6a\x4b\x77\
\xd7\xae\x17\x39\x00\x27\xa7\x83\xfe\xc2\x6e\x9d\xed\x6d\x9a\x52\
\x3f\xf5\xb0\xda\xf0\xf7\x9f\xf9\xb4\x36\xb6\xb6\x1c\xf2\x0d\xd2\
\x0f\xb2\xf2\x03\xdb\x80\x84\x41\x60\x2a\x1f\xf1\x9c\x22\x11\xe3\
\xf4\x72\xb6\x6d\x70\x61\x28\x17\xda\xb6\x23\xd5\x97\xb6\xb5\x41\
\x52\x79\xd4\xb6\x1d\x97\x7c\xe2\x22\x9d\x70\xfc\xbb\x73\x2e\x1f\
\x8b\x84\x3a\xba\xd2\x37\xce\x07\x5f\x81\x9f\x35\xf4\x43\xa8\x8a\
\xca\xb1\xa6\x36\x94\x97\x57\xaa\xbc\x62\x8c\xa9\x8e\xbe\x74\xca\
\x3c\x27\x9d\x71\xb1\x8b\x47\xdf\x71\xbf\xa5\xbc\xef\x67\xe5\x07\
\xb6\xf1\x9c\x38\xf1\x18\x53\xf9\x20\x0c\x94\xf5\x33\xb6\x35\xa2\
\x4c\x0a\x82\xdc\xeb\xc8\xa4\x07\xb4\x7d\xeb\x1f\x6c\xef\x5b\x63\
\xca\x65\x59\x22\x62\x65\x69\xf9\x59\xdb\x58\x0c\x94\x79\x4a\x1b\
\x03\x64\x6f\xaf\x6d\x5e\xc7\xab\xc6\xaa\xbc\x7c\x9c\xad\x0d\x3b\
\x5f\x34\x9d\x61\x1e\x08\xa4\xb4\xb1\x2f\x07\xf5\xe6\x5b\xe2\x12\
\x55\x55\xd3\x24\x35\x5b\xea\x48\xa7\xd3\x0a\xc2\x70\x78\xf7\xa3\
\x73\xa6\x93\x01\xfb\x1c\x18\x02\xd8\xeb\xfd\x3b\x94\x27\xdb\xb1\
\x71\x18\xee\xfa\x83\x11\x78\x45\x7a\x6f\x5b\xba\xbb\xb4\xe4\xaa\
\x2b\x54\x15\x4f\xa8\x69\xee\x7c\xcd\x68\x9c\xa5\xe9\x0d\xb3\x54\
\x5d\x7b\xe8\xb3\xe6\x3d\x5d\x5d\xda\xd0\xba\x4e\xcd\xab\x9e\x54\
\xf3\xea\x27\xf3\xde\xb6\x54\x72\xf0\x07\x3e\x0f\x2e\xbd\x4f\x77\
\xdf\xf1\x4d\xf5\xa6\x52\xcc\x58\x00\x00\x00\x00\x20\x48\x17\x5e\
\x6f\x2a\xa9\x1f\x2f\x7f\xe4\xcd\xcf\x34\x57\xc5\x13\x07\xbc\x1a\
\x1c\x3a\x69\x63\xeb\xba\x82\xb7\x69\x63\x6b\x8b\x66\x34\x36\x1e\
\xf4\x77\x36\xb4\xb4\xe8\xd6\x1b\xbf\xc6\x77\x44\x03\x00\x00\x00\
\x00\x41\xba\xf8\xc1\x7a\x7f\x61\x39\x94\x86\xec\x86\xa6\x83\x7d\
\x05\xd6\x9e\xef\x86\xde\x98\x87\xa7\x7b\x03\x00\x00\x0c\x27\xff\
\xf5\x7c\xfb\x75\x92\xae\xa3\x27\x00\x10\xa4\xf1\x36\x9d\x6f\xb9\
\xca\xbc\x66\xd5\x4a\x35\xaf\x5a\xa9\x35\xab\x56\x72\x0b\x37\x00\
\x00\x00\x00\x10\xa4\xf1\xb6\x20\xdd\xde\xa6\x07\x97\xde\xa7\x8d\
\x2d\x2d\x6a\x5e\xbd\x8a\x0e\x01\x00\x00\x00\x00\x82\x34\x0e\xa6\
\x37\x95\xd2\x3f\xdd\x78\x03\x1d\x01\x00\x00\x00\x00\xc3\x8c\x47\
\x17\x00\x00\x00\x00\x00\x40\x90\x06\x00\x00\x00\x00\x80\x20\x0d\
\x00\x00\x00\x00\x00\x41\x1a\x00\x00\x00\x00\x00\x82\x34\x00\x00\
\x00\x00\x00\x04\x69\x00\x00\x00\x00\x00\x08\xd2\x74\x01\x00\x00\
\x00\x00\x00\x04\x69\x00\x00\x00\x00\x00\x08\xd2\x00\x00\x00\x00\
\x00\x14\x5b\x54\x72\x92\xdb\xfd\xc7\x20\x34\x37\x25\x94\xb3\x56\
\xe1\x8a\xdf\xa1\x61\x29\x8c\xaa\x73\xe6\xbe\x08\x8d\x1b\x12\xba\
\x40\xa1\xb1\x37\xc2\xc0\x56\xde\x0b\x7d\x39\x05\xa6\x3a\xca\x22\
\xb6\x7e\x38\x62\xdc\x18\x4d\x7f\xef\xbb\x4c\x75\x1c\x3b\x31\xa1\
\xf1\x89\xa8\xa1\x1f\x06\x94\x0d\xfe\x60\x6a\x43\x10\xf8\xa6\xf1\
\x0c\xc3\x50\x81\x8b\xda\xda\xe0\xa2\x0a\x64\x1b\x90\xb2\x8a\xa3\
\x8d\xfb\x77\x68\x9e\xd7\xe5\x63\xc6\x19\xc7\x22\x2b\x3f\xf0\x4d\
\x75\x8c\x31\xb7\xc1\x57\x3a\x93\x36\xd5\x11\x2b\xaf\x90\xc2\xdc\
\xf7\xcf\x6c\x26\xad\xa8\x1b\x6b\x6a\x43\x7f\x6f\x4a\x7e\x36\x9b\
\x73\xf9\x81\x48\x9f\x76\x26\x93\xb6\x39\x59\x29\xb9\x4a\xdb\x78\
\x6e\x7b\x7d\xab\x71\xbd\xaf\x68\x4e\x67\x8e\x68\x1e\x74\x81\x4c\
\x6f\xd3\x5b\xff\x69\xfc\x18\xdb\x79\xf9\xd4\x40\x30\x49\xe9\x60\
\x92\xa5\x8e\xbf\xfa\x93\x77\xad\x19\xd4\xf6\x7a\x5e\xd3\x01\x7e\
\xd4\xfc\x1f\xcf\xff\x76\x76\x31\xdf\xbe\x7d\xdf\x37\xd7\xe1\x9c\
\x93\x57\x0a\x07\x44\x00\x4a\x4f\x98\x87\xa4\x12\x4a\x8e\x35\x66\
\x57\x90\x76\xda\xfd\x3f\x57\xe4\x0e\xb1\x67\x3f\x73\x88\xcd\x47\
\x0f\xec\x3a\x1d\x50\xe4\xbe\xf4\x64\x3f\x31\x62\x0d\xd2\x0a\x14\
\xca\x37\xb6\x21\xc8\x43\x79\xdb\x86\xc4\xa2\xb6\x7e\x3c\x7a\xc2\
\x58\x9d\xfa\xc1\x7a\x5b\x90\xae\x8e\x6b\x6c\x55\x99\x21\x70\xf4\
\x69\x67\xaf\x2d\x48\xfb\x61\x56\xa1\x69\x52\xc4\x24\x6f\x82\x3d\
\x48\x1b\xc3\xb8\x35\x48\x07\x81\xaf\x20\xb4\xcd\xeb\x8a\x2a\x7b\
\x90\x0e\xac\x41\xda\xd8\x06\xdf\xf7\xe5\xf5\xf7\xdb\xc6\x42\x31\
\x79\x2e\xf7\x13\x23\xd9\x6c\x46\xb1\xa8\x6d\x3b\x7a\x5d\xb7\xb2\
\xe9\xdc\xb7\x63\xa7\x22\xda\xe6\x6c\x01\xb2\xa2\x32\x50\x45\x85\
\x6d\x9d\x7a\x25\x6a\x0b\xd2\xb1\xa8\x9a\xaf\x79\x60\xe3\x75\x87\
\x51\xe4\x3a\xe5\xd9\x87\xa6\xd6\x5c\x5b\xee\xb4\xc4\xb8\x73\x34\
\x0d\xea\xbd\x3e\x50\xc9\xf2\x7d\x7b\xe3\x3c\xe7\xe4\x79\x1c\xe4\
\x02\x78\xbb\x67\x9e\xff\xf5\x6c\x7a\x21\xbf\x91\x0b\x00\x00\x00\
\x00\x00\x10\xa4\x01\x00\x00\x00\x00\xc8\x3f\xd3\x7d\x92\x57\x5c\
\xf5\x65\x4d\xa9\x9f\x9a\xb7\xc6\x14\xfb\xd6\xee\xd2\xd8\x8a\xfc\
\xb9\xe5\xe6\x1b\xb5\xb9\xb3\x83\x59\x0e\x00\x00\x00\x00\xa5\x12\
\xa4\xa7\xd4\x4f\xd5\x8c\x86\x59\xf4\x62\x89\x8a\x27\x12\x74\x02\
\x00\x00\x00\x00\xe4\x19\xb7\x76\x03\x00\x00\x94\x80\x88\xc2\x69\
\xf4\x02\x00\x10\xa4\x01\x00\x00\x30\x48\xce\x69\x3c\xbd\x00\x00\
\x04\x69\x00\x00\x00\x00\x00\x08\xd2\x00\x00\x00\x00\x00\x10\xa4\
\x01\x00\x00\x00\x00\x00\x41\x1a\x00\x00\x00\x00\x00\x82\x34\x00\
\x00\x00\x00\x00\x04\x69\x00\x00\x00\x00\x00\x08\xd2\x00\x00\x00\
\x00\x00\x8c\x38\x51\xba\x00\x00\x00\x00\x23\xc9\xa9\xd3\x8e\xbf\
\xd6\x5a\x87\x2f\xb7\xf7\x5f\x9b\x0e\xbb\x82\x30\xdc\xf3\x5f\xf7\
\xaf\x7d\xee\xd7\x4b\x73\x69\xc3\x9f\x9d\x3c\xf9\x14\xcb\x36\x3c\
\xf3\xdc\xe6\xb5\xcc\x06\x80\x20\x0d\x00\x00\x00\x0c\xc6\x92\x12\
\x6a\x4b\x73\x91\xca\x4a\xda\xf7\x6c\x00\x80\x3c\x06\x69\xb7\x7b\
\x0f\x73\x21\x9d\x31\xe2\x84\xbb\xff\xe4\x32\x31\xbc\x88\x6d\xd5\
\x0e\x83\xbd\xcf\xc4\xe6\xd6\x86\x88\xad\x0d\xd9\x4c\xa8\x4c\x26\
\x30\xd5\xf1\x89\xf3\x9b\x4c\xe5\xc7\x8f\x8b\xab\xe6\xb8\x13\x4c\
\x75\xa4\x33\x59\x65\xb6\x6d\xcd\xb9\x7c\xe0\xf7\xca\x4f\xef\x34\
\xb5\x21\x16\xab\x94\x17\xb1\x9c\x77\x2b\x93\x5c\xcc\xd8\x86\x0a\
\xc5\xca\x2b\x6d\x75\x54\x54\x98\xca\x47\xa2\x65\x8a\x46\xcb\x4c\
\x75\xec\xec\x4f\x99\xca\x7b\x91\x88\x22\x51\x5b\x5f\xee\xdc\xb1\
\xc3\xbc\xbc\x44\x8c\xfb\xe7\xc0\xce\x3e\x85\x7e\x68\xea\x87\xf1\
\x13\xde\x61\x6a\x43\xa2\x6a\x8c\x14\x66\x73\xdf\x86\xfe\x9d\xaa\
\x1a\x37\xde\xb6\x4e\xa5\xb7\xc9\xcf\x6c\x33\xd5\x71\x62\xdd\xd4\
\x3c\xbc\x61\x6c\x29\xea\xdb\xd5\x71\xb5\x47\x99\xeb\xf8\x9f\x97\
\xff\x30\xfc\xdf\xb6\xc3\x40\x61\x68\xfb\xd4\x5d\x3a\xf0\x39\xfe\
\x21\x3f\x02\x18\x02\x7c\x46\x1a\x00\x00\x00\x00\x00\x82\x34\x00\
\x00\x00\x00\x00\x04\x69\x00\x00\x00\xe0\xa0\xe6\xfc\xe9\x09\xe3\
\xe8\x05\x00\x04\x69\x00\x00\x00\x60\xf0\xa6\xd1\x05\x00\x08\xd2\
\x00\x00\x00\x00\x00\x10\xa4\x01\x00\x00\x00\x00\x20\x48\x03\x00\
\x00\x00\x00\x40\x90\x06\x00\x00\x00\x00\x00\x04\x69\x00\x00\x00\
\x00\x00\x08\xd2\x00\x00\x00\x00\x00\x14\x5a\xd4\x52\xf8\x92\xc5\
\x1f\x7d\xf3\xbf\x9d\xb3\x36\x25\x94\xb5\x8a\x20\x94\x64\xac\xc5\
\x33\x36\x22\x90\x67\x6a\x43\x18\xe6\x61\x54\x9d\xcb\xc7\x80\x00\
\x00\x00\x00\x00\xf6\x97\x1b\xe9\x02\x00\x00\x00\x00\x00\x08\xd2\
\x00\x00\x00\x00\x00\x10\xa4\x01\x00\x00\x80\xd1\xe0\x94\x93\x8f\
\x3f\x99\x5e\x00\x08\xd2\x00\x00\x00\x00\x06\x6f\x3c\x5d\x00\x94\
\xae\x68\xe9\x34\xc5\x49\x0a\xf3\x50\x87\x4d\x58\xe4\xf2\x72\xa1\
\xf9\x81\x63\xa1\x42\x29\x2c\xee\xc3\xc6\x3c\x85\x72\xc6\xde\xc8\
\xf8\x81\xa9\x7c\x79\x54\x8a\x95\xdb\xce\x15\x4d\x38\xf2\x08\x53\
\xf9\x78\x55\xa5\xa2\x11\x5b\x3f\xf8\xfe\x80\xc2\xc0\x50\x47\x98\
\x95\xbc\x4a\xe3\x80\x56\x4a\x2e\x92\xfb\xb4\x76\x31\x45\xa2\x63\
\x6c\x8b\x55\x74\x8c\xa2\xd1\x4a\xe3\xbc\xf4\x8c\xbb\xa7\xdb\xf3\
\x54\xc3\xdc\xb7\xc3\xb8\x7f\xbb\x20\x90\x33\xd6\xe1\x19\x17\x19\
\x27\xc9\x19\xd7\xdb\x68\x68\x7b\xb8\xa2\x17\x48\x2e\x93\xb1\x6d\
\x87\xef\x4b\x41\xee\xeb\x4c\x24\x90\x2a\x3c\xdb\xdb\x68\xd6\x8b\
\x28\x63\xec\xcb\x72\xe3\xbc\xee\xdf\xe1\x37\x3d\x70\xd9\x5f\x0c\
\x7e\xbb\x23\x6e\xdb\x51\x47\x54\x6c\xda\xfb\xdf\x7e\xf9\xdf\xcf\
\x99\xda\xf0\xfb\xb4\x3f\x29\x1d\x96\x99\xd7\x7c\x8b\x40\xde\xb4\
\xa6\x3f\x39\x7e\x8d\xa4\x6d\x0a\xc3\x4d\x39\x56\x73\x7f\xf3\x0b\
\xbf\x79\xd9\xd0\x8c\x66\x49\x4b\x38\x3c\xb5\x1f\xcd\xe5\xe3\xa8\
\x32\x1f\xc7\x95\xce\x5a\xd6\x78\x3c\xf7\x67\xef\x9b\x12\x5a\x3b\
\xc2\xc9\x97\xb3\xbd\xf1\x34\x3d\xfd\xfc\xaf\xd7\x32\x2f\x51\x2a\
\x4e\x7d\xff\x49\xa1\xf3\x4c\xc7\x32\x4d\xab\x36\xfc\x6a\x6d\xd4\
\x39\x2f\x2f\x8b\x85\xf5\xd2\x76\x98\x8f\x36\xb8\x7c\xb4\xc1\x5e\
\x87\x69\xcd\x0b\xed\x0f\xdc\xf6\x83\xac\xac\xab\xe6\x1f\xe7\x45\
\xae\xe5\x7d\x79\x11\xdb\x76\x24\x7b\xd3\xa6\xf2\xef\x9c\x58\xa6\
\x13\xaa\xcb\x4d\x75\xcc\xfa\x3f\x0d\xc6\xe0\x95\x56\x2c\xdc\x6e\
\xeb\x87\x6d\xaf\xcb\xcf\x18\xfa\xc2\x2b\x93\x57\x51\x6b\x1b\x8c\
\x48\x4c\xf2\x72\x9f\x13\x91\x68\x85\x12\xf1\x89\xa6\x26\xc4\x62\
\x15\x2a\x8f\x55\xd8\x0e\x94\x07\xfa\x8c\x3b\xd7\xee\x3f\x06\x55\
\x81\x6d\x07\x0f\xb2\x59\x05\x81\xad\x11\x31\xcf\xba\x62\xbb\x5d\
\x49\xd6\xb2\xd4\xf9\x4e\x0a\x0d\xed\xc8\xfa\x52\x3a\x65\x6c\x43\
\xd6\xb4\xf2\x47\x03\xa9\xb2\x72\x9c\xa9\x0d\x03\xe1\x80\xd2\x99\
\x5e\xdb\xb4\xf4\x62\xa6\xf2\xa9\x58\xd0\x14\x3b\xaa\xac\xa9\x98\
\x07\x35\x47\x8d\xc9\x2a\x28\xab\xb2\x6d\x47\x95\x6d\xdf\xea\xcb\
\x6a\x7c\xdf\xce\xec\x9e\x7e\x38\xd3\x10\x84\x73\x0e\xd2\x3f\x7f\
\xae\x7d\xad\x24\x02\x87\x51\xc4\x85\xe6\xe3\xa0\x5d\x8b\x84\xf1\
\x40\xc6\x78\xca\x31\x22\xa7\x88\xb5\x0d\x79\xe8\x06\xcf\x79\xe2\
\xbb\x60\x30\x92\x38\xf9\x72\x81\xe4\x5c\x71\xf3\x2f\x00\x00\x00\
\x00\x00\xa3\x0a\x41\x1a\x00\x00\x00\x00\x00\x82\x34\x00\x00\x00\
\x00\x00\x04\x69\x00\x00\x00\x00\x00\x08\xd2\x00\x00\x00\x00\x00\
\x10\xa4\x01\x00\x00\x00\x00\x20\x48\x03\x00\x00\x00\x00\x00\x82\
\x34\x00\x00\x00\x00\x00\x04\x69\x00\x00\x00\x00\x00\x08\xd2\x00\
\x00\x00\x00\x00\x14\x5d\x94\x2e\x38\xb8\xe9\x33\x1b\x35\xb1\xa6\
\x46\xd5\x35\xb5\x9a\x5c\x57\xaf\x78\x22\x21\x49\xaa\xae\xa9\x55\
\x75\x4d\xed\x3e\xbf\xdb\xd9\xde\xa6\x54\x2a\xa5\x50\x52\x4f\x77\
\x97\x7a\x7a\xba\xd5\xd9\xde\xbe\xeb\xff\x77\xb4\xd3\x99\x00\x00\
\x00\x00\x40\x90\x1e\x99\xc1\xb9\x69\xce\x3c\x4d\x6f\x68\xd4\x94\
\xfa\xa9\x87\x55\x76\xdf\xdf\x6f\xdc\xe7\x67\xc9\x64\x52\x9d\x1d\
\xed\x5a\xb3\x7a\xa5\x36\xac\x6f\x25\x58\x03\x00\x00\x00\x00\x41\
\x7a\x78\x87\xe7\xd3\x17\x9e\xad\xa6\x39\xf3\xde\xbc\xe2\x9c\x6f\
\x89\x44\x42\x33\x1b\x1a\x35\xb3\x61\x57\xc0\xee\xee\xee\xd2\x9a\
\xd5\xab\xf4\xe0\x03\xf7\xab\xa7\xa7\x9b\x41\x00\x00\x00\x00\x00\
\x82\x74\x69\xab\x8a\xc7\xd5\x34\x67\x9e\x2e\xb9\xf4\xb2\xb7\xdd\
\xa2\x3d\x14\x6a\x6a\x6a\x75\xfe\xe2\x8b\x74\xfe\xe2\x8b\xb4\xbe\
\xb5\x45\x0f\x3e\x70\xbf\xd6\x3c\xb5\x8a\x19\x09\x00\x00\x00\x00\
\x04\xe9\xd2\x73\xee\xe2\x8b\x74\xc9\x67\x2e\x2b\xd8\xd5\xe7\xc3\
\xb5\xe7\x4a\x75\x77\x77\x97\x6e\xb9\xe9\x06\x35\xaf\x5e\xc9\xcc\
\x04\x00\x60\x98\xf1\x3c\x6f\xda\xfc\xf7\x9d\x70\xa8\x5f\x1b\x2f\
\x69\xda\xfe\x7e\x10\xc8\x69\xd5\xf3\x2f\x5e\x47\x4f\x02\x40\xe9\
\x73\x7f\x3a\xf9\xdd\x6b\x24\x35\xc9\x39\xdb\x9b\x87\x2b\xfe\xc6\
\x84\x87\xf8\xf9\xf4\x99\x8d\x5a\x72\xd3\x3f\x16\xe5\x0a\xf4\xe1\
\x58\xdf\xda\xa2\x5b\x6e\xfa\x5a\xce\x9f\xa3\x0e\x42\xff\x90\x7d\
\x51\x68\x65\x5e\xa0\xa8\xe7\x9b\xea\xf8\xdd\xd6\xb4\xa9\xfc\x87\
\xe7\xbc\x57\xa7\xcf\x79\x9f\xa9\x8e\xf7\x4e\x9b\x69\x2a\xef\x67\
\x76\x68\x60\xeb\x6f\x6c\x75\x04\xbe\x14\xe6\x3e\xa2\x2e\x5a\xae\
\xe8\xd8\x63\x4c\x6d\x28\x8f\x55\xc8\x8b\x44\x72\x2e\x1f\xf1\x62\
\xaa\x88\x4d\xb0\x1e\xa0\xca\x39\xdb\x17\x0d\x04\x03\x7d\xc6\x75\
\xce\x93\xf3\x6c\x6d\xa8\x88\x64\x8c\xab\xb6\x93\x64\x5b\x70\x5d\
\x68\x5c\x21\xc2\x40\xca\xa6\x8d\x63\x11\x48\x41\xee\xed\x08\xc3\
\x40\xa1\x9f\x35\xb5\x21\xd3\x97\x34\xd6\x11\xca\xfa\xd6\x97\x49\
\xbf\xa1\x6c\xfa\x0d\x53\x1d\x5b\x5f\xdd\x62\x2a\xff\x46\x6a\x40\
\x6f\xf4\x0e\x98\xea\xf8\xed\xaf\x5f\xb4\xf5\x83\x4b\x28\xe3\x8d\
\x33\xd5\xd1\xd1\xf9\x52\x93\xa5\x7c\x5f\xd6\x69\xcb\xce\xdc\xd7\
\xb9\x20\x0c\xa7\x55\xc4\x62\xb7\x47\x0c\x6b\x44\xe0\x3c\xfd\xec\
\xbf\x3b\x4c\xd3\x6a\xf6\xfb\xdf\x67\xda\xc3\x9d\x42\x45\x64\x5a\
\xa7\x9a\x57\x3d\xdb\x31\x9b\x43\x6c\x00\x23\x5d\xd4\x39\x57\xf4\
\xd0\x55\x68\x55\xf1\xb8\x96\xdc\xf8\x8f\x9a\x3d\x77\xfe\xb0\x68\
\xef\xcc\x86\x46\xfd\xdb\xf2\x27\xf4\x9d\x3b\xbf\xa9\xbb\xbe\xf5\
\xcd\x9c\x0e\xb4\x8b\x7e\x5e\xc3\x49\xce\x78\x72\x26\x30\x4e\xcc\
\xb1\xf1\x84\x26\xd6\xd4\xd8\x82\x93\x21\x3c\x4a\x52\x90\x91\xb2\
\x59\x5b\x70\x72\x9e\x2d\xbc\x39\x2f\xa2\x48\xc4\x76\xf3\x49\x24\
\x5a\xa6\x88\xa1\x2f\x3c\x17\x95\xe7\xd9\xbf\x6d\x2f\x0c\x03\x63\
\xfe\x33\x96\xf7\xec\xfb\x96\xb3\x9e\x75\x74\x9e\x9c\xb3\xcd\x4b\
\x59\xfb\x21\xd8\x15\x22\xcd\x95\x58\x0e\xf7\x83\x40\x61\x60\x3b\
\x59\x17\x64\xd3\x0a\x7d\xe3\xfe\x69\x3c\xb9\x63\x9d\x93\x92\xe4\
\x79\xc6\xf9\xe0\x9c\x42\xe3\xc9\x95\x88\x71\xad\xf4\xe5\x99\xdf\
\x33\xee\x6d\xe9\x5e\x5b\xcc\xb7\xbd\x3f\x9f\x72\xec\xee\xee\x74\
\x86\xa1\xb0\xbf\x7b\x87\x92\x71\x3c\x43\xfb\x3a\x05\x60\xc4\x9a\
\x37\xbd\xfe\x42\x49\x17\xd9\x8e\xf1\x07\xf5\xde\xb7\x4d\xd2\xa6\
\x03\xfc\xac\x79\xf5\xb3\x9d\x6b\x8b\xdd\x17\x23\xfe\xd6\xee\xe9\
\x33\x1b\xf5\x4f\x77\xde\x55\x32\xb7\x71\x1f\x8e\x4f\x5f\xfa\x77\
\x9a\x3d\x67\xae\xae\xf9\xe2\x17\x78\xca\x37\x00\x00\x00\x80\x62\
\x9b\x24\xa9\x69\x88\x5e\xeb\xcc\x03\xfc\xfb\x12\x49\x45\x0f\xd2\
\xde\x48\x1e\xe5\x73\x17\x5f\xa4\xef\x3e\xf0\xd0\xb0\x0c\xd1\x7b\
\xd4\xd5\x4f\xd5\x3d\x4b\x1f\xd4\xec\x39\x73\xd9\x6d\x01\x00\x00\
\x00\xa0\x04\x8c\xd8\x20\xbd\xe4\xc6\x7f\xd4\x15\x57\x7f\x65\x44\
\x6c\x4b\x22\x91\xd0\xed\x77\xde\xa5\xf3\x16\x5f\xc4\x8c\x05\x00\
\x00\x00\x00\x82\x74\x7e\xed\xf9\x3c\xf4\x87\x17\x9e\x3d\xe2\x06\
\xeb\xf3\x57\x7f\x59\xd7\xdf\xf8\x75\x66\x2d\x00\x00\x00\x00\x14\
\xd1\x88\xfa\x8c\x74\x3c\x1e\xd7\xdd\x4b\x1f\xd2\x94\xfa\xa9\x23\
\x76\xc0\xce\xd8\x7d\x82\xe0\x9a\x2f\x7e\x81\xd9\x0b\x00\x00\x00\
\x00\x45\x30\xa2\xae\x48\xff\xc3\xd5\x5f\x19\xd1\x21\x7a\xef\x30\
\xcd\x95\x69\x00\x00\x00\x00\x20\x48\x9b\x5c\x3b\x42\x6f\xe7\x3e\
\x58\x98\xe6\x33\xd3\x00\x00\x00\x00\x40\x90\xce\xc9\xb9\x8b\x2f\
\x1a\x55\x21\x7a\x8f\xcf\x5f\xfd\x65\x9e\xe6\x0d\x00\x00\x00\x00\
\x04\xe9\xc3\x33\xb9\xae\x5e\xff\x30\x42\x9e\xce\x9d\x8b\xeb\x6f\
\xfc\x47\x4d\xa9\xab\x67\x26\x03\x00\x00\x00\x00\x41\xfa\xd0\xaa\
\xe2\x71\xdd\x7a\xe7\x5d\xa3\x7a\x00\x13\x89\x04\x9f\x97\x06\x00\
\x00\x00\x00\x82\xf4\xe0\x5c\xf2\x99\xcb\x54\x5d\x53\x3b\xea\x07\
\xb1\xae\x7e\xaa\x3e\xf5\x99\xbf\x63\x36\x03\x00\x00\x00\x00\x41\
\xfa\xc0\xa6\xcf\x6c\xd4\x47\x2f\xfc\x18\x23\xb8\xdb\xa7\x2f\xfd\
\x3b\x6e\xf1\x06\x00\x00\x00\x00\x82\xf4\x81\xfd\xfd\xd5\x5f\x66\
\xf4\xde\xe2\x4a\xfa\x04\x00\x00\x00\x00\x0a\x2e\x3a\x1c\x1b\x7d\
\xfa\x99\x67\x8d\x8a\xef\x8b\x3e\x5c\x33\x1b\x1a\xb5\xe0\xcc\xb3\
\xf4\xd8\x63\x8f\xd0\x19\x00\x00\x00\x45\x32\xf7\xfd\x93\xc7\x85\
\x61\x38\xcd\x5a\x4f\xd6\x8f\x99\xca\xaf\x7d\xfe\x85\xb5\xc3\xbd\
\x2f\x9b\xde\x57\x37\x4e\x92\xb5\x2f\x5f\x6a\x7e\xbe\xe3\x65\x66\
\x26\xf2\x1a\xa4\x03\x05\xbb\xff\xd3\x99\x2a\x72\xd6\x96\x84\x52\
\x38\xc8\x5f\xbd\xe4\xd2\xcb\x18\xb9\x03\xf8\xd4\xa5\x7f\xa7\xc7\
\x97\x3f\xaa\xc1\xf7\xe6\x81\x06\xd4\x38\x1f\x02\x29\x0c\x02\x53\
\x1d\x13\xc6\xd8\x6e\x98\x88\x57\xc6\x54\x51\x3e\xc6\xf6\x06\x96\
\xc9\x98\xca\xfb\x7e\xa0\xd0\x8b\xd8\xc7\xc2\x30\x1e\xce\x39\xf3\
\x7c\x08\x43\x5f\x96\xe1\x74\x5e\x44\x9e\x71\x4e\x05\x81\xaf\x20\
\xf0\x8b\x39\xad\xe5\x79\x4e\x5e\xc4\x36\x9e\xa1\xb3\x6e\x83\x27\
\x79\xb6\x7d\xc3\xba\x6f\x4a\x52\x10\x5a\x6b\xf0\x4d\xf3\x32\x94\
\x2f\x3f\xdb\x6f\x7c\xdf\xe9\x97\xc2\xb4\xb1\x2f\xad\x1d\xd9\x2f\
\x17\xda\xd6\x19\xcf\xd9\x1a\x51\xe6\xb2\x8a\x39\x5b\x1b\xca\x42\
\xdb\xbc\xce\x84\x59\xf9\x1a\x18\xd6\xef\xbf\x95\x31\xc9\xc9\x57\
\xc1\x26\x1e\xf5\x00\x00\x20\x00\x49\x44\x41\x54\x60\xd8\x39\x42\
\x67\xbf\xbe\x11\x86\xb6\xfd\xd3\x73\x52\xe8\x02\xc1\xb8\x6b\x4b\
\xd3\x42\xa7\x66\xeb\xe1\x58\xc4\xde\x14\x37\xec\x3b\xd3\x85\xd3\
\x24\xd7\x6c\xac\xe5\x31\x49\x0b\x99\x99\x76\x61\x18\xe6\xa1\x0e\
\x29\x54\x38\xec\xfb\x22\x9a\x56\x56\x9e\x73\xf2\x8c\x07\x66\xd1\
\xc0\xb6\x9f\x86\x0a\x15\x0c\x62\x60\xfe\x7a\xe1\x22\x1e\x30\x76\
\x10\x35\x35\xb5\x3a\x73\xe1\x22\x3d\xb1\x7c\x99\xf1\xc0\xcc\x36\
\x1f\x5c\x26\x2b\x65\xb2\xa6\x3a\x1a\x8f\x2f\x37\x95\xaf\xab\x39\
\x52\xd5\xc7\x4c\x32\xd5\xb1\x65\xcb\x4b\xc6\x85\x22\x2d\x19\xc3\
\x7c\x60\x5d\xb0\x22\x65\x72\x9e\xed\xa0\x28\xeb\x0f\xc8\x19\xf6\
\x71\x17\x75\xaa\x8c\xd9\xce\xaa\xf7\xf5\xf5\x2a\xdd\xdf\x6b\xaa\
\x63\x4c\x45\x85\x6d\x9d\x8b\x95\xa9\x2c\x66\x1b\xcf\x8c\xf1\x64\
\x40\x24\x12\x95\x17\x2d\xb3\x45\xd8\x1d\xb6\x36\x04\x92\x6c\xb1\
\x4b\x8a\xba\xb4\x3c\x2f\xf7\x76\x84\xfe\x80\xfa\xfb\x5e\xb3\xf5\
\xa5\xbf\x55\x9e\x21\x48\x87\x41\x20\x3f\x6b\x5b\xe7\x14\xf8\x8a\
\x18\x43\x68\x65\xcc\xd6\x86\x20\xda\xa7\x48\x24\x69\xaa\x23\x29\
\xdb\x09\x89\x81\x6c\x4a\x7d\x19\xe3\x89\x91\x62\xbf\xff\x1e\xe9\
\xf4\xea\xb6\x01\x0d\x64\x72\x5f\xb3\x03\x17\x33\xb7\x23\x13\x7a\
\xc6\xfd\xdb\x97\x17\xf1\x05\xe3\x38\x44\xdc\xee\xb0\x60\x33\x9e\
\xa1\x90\x8b\xec\x39\x23\x60\xca\x1a\xe3\xe9\xc9\xfc\xc8\xc7\x94\
\xf4\x83\x40\x23\x20\x47\x0f\xbf\xcf\x48\x9f\xbe\x70\x11\x33\xf8\
\x10\x16\x2c\x3c\x8b\x4e\x00\x00\x00\x00\x80\x02\x19\x56\x9f\x91\
\x3e\xb1\x6e\xaa\xa6\x37\x7e\xa0\xa8\x6d\xe8\xee\xee\x52\x4f\x77\
\xb7\x24\x29\x95\x4a\xaa\xb3\xa3\x5d\x92\x34\x63\x66\xa3\xa4\x5d\
\xf7\xcf\x4c\xa9\xab\x57\x3c\x91\x28\x5a\x1b\x67\x34\x34\x6a\x72\
\x5d\xbd\x36\xef\x6e\x1b\x00\x00\x00\x00\x60\x94\x06\xe9\xd3\xcf\
\x1a\xfa\xab\xd1\x4f\xad\x5e\xa9\x0d\xeb\x5b\xd4\xd9\xd1\xae\x0d\
\xeb\x5b\x0e\xf9\xfb\x11\xdf\xbd\x79\xeb\xc9\xf4\x86\x06\x4d\xae\
\xab\xd7\xf4\x86\x06\xcd\x9e\x3b\x6f\x48\xdb\xbd\x60\xe1\x59\xba\
\xf5\xa6\x1b\x98\xe1\x00\x00\x00\x00\x46\x92\x4d\x04\xe9\xc3\x74\
\xca\x9c\xf9\x43\xf2\x3a\xdd\xdd\x5d\x7a\xf0\xfb\xf7\x6b\xc5\x63\
\x8f\x2a\x95\x4a\xe5\x5c\xcf\xc6\xd6\x56\x6d\x6c\x6d\xd5\x0f\x1e\
\x58\xaa\xaa\x78\x5c\x1f\x5e\x78\x96\x3e\x7a\xe1\x85\x43\xf2\x19\
\xef\xd9\x73\xe7\x12\xa4\x01\x00\x00\x00\x8c\x34\xdb\x4a\xa1\x11\
\xc3\xe6\x33\xd2\x27\xd6\x4d\x55\x75\xed\xb1\x05\x7d\x8d\x64\x32\
\xa9\xef\x7c\xeb\x9b\xfa\xd0\xfc\x26\x3d\xf8\xfd\xfb\x4d\x21\xfa\
\xad\x7a\x53\x29\xfd\xe0\x81\xa5\xfa\xf0\x9c\x53\x75\xeb\x8d\x37\
\x28\x95\x4c\x16\x74\x5b\xaa\x6b\x6a\x35\xb9\xae\x9e\xdd\x0c\x00\
\x00\x00\x00\x46\x6b\x90\x9e\xde\x30\xab\xa0\xf5\x77\xb4\xb7\xe9\
\x23\x67\x9d\xae\xbb\xbe\xfd\xcd\x82\x6f\xcb\x0f\x1e\x58\xaa\x73\
\x17\x9e\xa1\xce\xf6\xc2\x7e\x86\x79\xf6\xdc\xb9\xcc\x70\x00\x00\
\x00\x00\x18\xad\x41\xfa\xfd\x8d\x85\x0b\xd2\x1d\xed\x6d\xba\xf8\
\xc2\x73\xd5\xd3\xdd\x35\x64\xdb\xb3\xa5\xbb\x5b\x1f\x5d\x78\x86\
\xf9\x6b\xaa\x0e\x66\x46\x43\x23\x33\x1c\x00\x00\x00\x00\x46\x6b\
\x90\x2e\xd4\x15\xe9\x3d\x21\x3a\x9f\xb7\x71\x1f\x8e\x25\x57\x5f\
\xa5\x35\xab\x56\x12\xa4\x01\x00\x00\x00\x80\x20\x9d\x3f\x13\x6b\
\x6a\x15\x4f\x8c\xcb\x7b\xbd\xdd\xdd\x5d\x45\x0d\xd1\x7b\x87\xe9\
\x42\xdd\xe6\x3d\xbd\xa1\x81\x59\x0e\x00\x00\x00\x00\xa3\x2d\x48\
\x4f\xae\x9b\x5a\x90\x7a\xbf\x7c\xf5\x95\x45\x0f\xd1\xd2\xae\x07\
\x91\x2d\xb9\xfa\x0b\x05\xa9\x7b\x28\x9e\x10\x0e\x00\x00\x00\x00\
\x04\xe9\x52\x0b\xd2\xf5\xf9\x0f\xd2\x8f\x2d\x7f\x64\x50\xdf\x0b\
\x3d\x54\x36\x77\x74\x14\xe4\xf3\xd2\xd5\x35\x35\xcc\x72\x00\x00\
\x00\x8c\x5a\xa1\xc2\x69\xf4\x02\x46\x65\x90\xae\x4a\x24\xf2\x5e\
\xe7\x77\xee\xfc\x46\xc9\x6d\xe7\xdd\x77\xde\x91\xf7\x3a\xf9\x9c\
\x34\x00\x00\x00\x46\xb9\xf1\x74\x01\x46\x65\x90\xce\xf7\xad\xdd\
\x1d\xed\x6d\xea\xe9\xe9\x2e\xb9\xed\xdc\xd2\xdd\x5d\xb0\x07\x8f\
\x01\x00\x00\x00\x00\xf2\x23\x3a\x1a\x37\xfa\xa9\xd5\xa5\x1b\x56\
\x9b\x57\xaf\xd2\xec\xb9\xf3\xf2\x56\x1f\xb7\x76\x03\x00\x00\x00\
\xc8\x93\x97\x24\x35\x17\xb9\x0d\xdb\x08\xd2\x45\xb2\xbe\x75\x5d\
\xc9\xb6\x6d\x73\x9e\x9f\xde\xcd\xc3\xc6\x00\x00\x18\x55\x96\x94\
\xc0\x41\x36\x80\x11\x6a\xcd\xb3\x1d\x4b\x25\x2d\xa5\x27\xa4\xa8\
\x93\x93\x73\xce\x7e\x8f\xb7\x73\xb6\xe2\x92\x14\x86\xfb\xfd\xd9\
\xf4\xc6\x0f\xe4\x75\xa3\x3b\x3b\x0f\x1c\x56\xc3\x03\xb4\x61\xb0\
\x42\x39\xc9\x50\x45\x67\x7b\xc7\x88\x98\x58\x7e\x20\x85\xbe\xad\
\x8e\x99\x33\x6d\xcf\x85\x38\xe6\x98\x23\x35\x30\xd0\x67\xaa\x23\
\x12\xb1\x9d\x6b\xca\x66\x33\xea\xdb\xd1\x6b\xaa\xa3\xbc\xa2\x52\
\x9e\xa1\x1d\xce\x79\x92\xb3\xed\xe1\xce\xf3\xe4\x94\xfb\x3e\xee\
\x79\x11\x79\x91\x32\xe3\x58\x94\x29\x62\xac\xc3\x73\x11\xdb\x78\
\x0e\xf4\x6b\xa0\x6f\xa7\xa9\x8e\xca\x44\xa5\x6d\xdf\xca\xa4\x95\
\xee\xb7\xb5\x21\x12\x18\x57\xfc\x30\x90\x17\xb1\xf5\x65\x66\x60\
\xa7\xc2\x4c\x7f\xee\xfd\x90\x4d\x2b\x3d\x60\xeb\x87\x58\x38\xa0\
\x50\x19\x43\x37\x84\x0a\xfc\xc0\x38\xaf\x3d\xf3\x3a\xe3\xfa\x6d\
\xeb\x5c\x28\xc9\x0f\x8c\x0b\xb6\x51\x18\x86\xf2\x03\xdb\xfb\xef\
\x17\x17\x1c\xbb\xc6\xd4\x06\xaf\x4c\xaa\x98\x90\x73\xf9\x20\x08\
\xc6\xf7\x67\x5e\x57\xdf\x40\xee\x73\x2a\x13\x3a\x73\x5f\x3e\xb3\
\x69\xd3\x75\x1c\xde\x16\x5f\x28\xd3\xe1\x60\xde\x8e\x4b\x01\x14\
\x32\x48\x3b\xa7\x3d\x61\xda\x16\x84\x6d\xe5\x43\xc9\xdc\x86\xc1\
\xea\x4d\xa5\x0a\xf7\x5a\x25\xb8\xde\xe5\xb4\xad\x79\xe8\x1f\xeb\
\xda\x3f\x61\x82\xed\xb9\x10\x15\x15\xe5\x0a\x02\xdb\x41\xae\xe7\
\xd9\x1f\x23\xe0\xfb\xd9\xe2\xee\x1b\x2e\x3f\xfb\xb7\xa5\x0e\xe7\
\x9c\x9c\x97\x87\x30\x6f\xad\xc3\x78\x42\x21\x08\xb2\xf2\xb3\x69\
\x63\x1b\xc6\x18\xf7\xab\x40\x81\x71\x4e\x45\x5c\x59\x1e\xe6\xa4\
\xb5\x2f\x7d\x85\x7e\xc6\xb4\x5f\x05\xc6\xf0\x17\x2a\xb0\x2d\xda\
\x61\x68\x5e\xe8\x9c\x73\xe6\x93\x12\x43\xf5\xde\x39\x0c\x42\x47\
\x53\x31\xb7\xc1\xf3\x3c\x95\x45\x3d\x65\xb3\xce\xb0\x5f\x70\x60\
\x3a\x62\xb8\xd2\x3d\x2e\x1c\xbe\x9d\x09\x94\x16\x8f\x2e\x00\x00\
\x00\x00\x00\x80\x20\x0d\x00\x00\x00\x00\x00\x41\x3a\x5f\xe2\xf1\
\x38\x23\x0f\x00\x00\x00\x00\x18\xb9\x41\x7a\x63\x9e\x9f\xb2\x3d\
\x25\xcf\xdf\x4b\x9d\x4f\x93\xeb\xea\x98\x95\x00\x00\x00\x00\x40\
\x90\x2e\x2d\x33\x1b\x1a\x4b\xb6\x6d\x53\xea\xeb\xf3\x5a\x5f\x67\
\x9e\xbf\x4e\x0b\x00\x00\x00\x00\x08\xd2\xa3\xd0\xec\x53\xe7\x95\
\x6c\xdb\x9a\xe6\xce\xcd\x6b\x7d\xa9\x54\x92\x59\x0e\x00\x00\x80\
\x51\x6d\xf6\xfb\xeb\xde\x45\x2f\x60\xd4\x05\xe9\x17\xdb\xdb\xf2\
\x5a\x5f\x5d\xfd\x54\x4d\xa9\xab\x2f\xb9\xed\x9c\x58\x53\xa3\xd9\
\x73\xf3\x1b\xf2\x7b\xba\xbb\x99\xe5\x00\x00\x00\x18\xed\x26\xd1\
\x05\x18\x75\x41\xba\x10\x57\x55\xcf\xbf\xe0\x63\x25\xb7\x9d\x9f\
\xbc\xf4\xb3\x79\xaf\x73\x0b\x41\x1a\x00\x00\x00\x00\x46\x5f\x90\
\x7e\x36\xcf\x0f\x1b\x93\xa4\x33\x16\x9e\xad\x19\x33\x4b\xe7\xb3\
\xd2\x93\xeb\xea\xb4\xe0\xac\xb3\xf2\x5e\x6f\x67\x07\x9f\x91\x06\
\x00\x00\x00\x80\x51\x17\xa4\xb7\x74\x77\x15\xa4\xde\xaf\xde\xf8\
\x8f\x25\xf1\x55\x58\x55\xf1\xb8\xae\xbb\xf9\xeb\x05\xa9\x9b\x87\
\x8d\x01\x00\x00\x00\xc0\x28\x0d\xd2\xa9\x64\xfe\x6f\xef\xae\xa9\
\xa9\xd5\xf7\xee\x7f\xa8\xe8\x61\xfa\xba\x9b\x6f\xce\xfb\xd3\xba\
\x25\x29\x95\x4c\x6a\x4b\x0f\xb7\x76\x03\x00\x00\x00\xc0\xa8\x0b\
\xd2\x52\x61\x6e\xef\x96\x76\x3d\x78\xac\x98\x61\x7a\xc9\x4d\x37\
\xe7\xfd\x01\x63\x7b\x6c\x68\x6d\x61\x86\x03\x00\x00\x00\xc0\x68\
\x0d\xd2\x1b\x0b\x14\xa4\xf7\x0e\xd3\xd5\xd5\x35\x43\xb6\x3d\x55\
\xf1\xb8\x7e\xf0\xd8\xe3\x05\xf9\x5c\xf4\x9b\x7d\xb6\xbe\x95\x19\
\x0e\x00\x00\x00\x00\xa3\x35\x48\x3f\x5b\xc0\x20\xbd\x27\x4c\xff\
\xdb\xb2\x1f\xeb\xbc\x0b\x2e\x2a\xf8\xb6\x7c\x78\xe1\x42\xfd\xe4\
\xa9\x35\x05\xb9\x9d\x7b\x6f\x6b\x56\xad\x62\x86\x03\x00\x00\x00\
\x40\x9e\x45\x15\x4a\x72\x92\x42\x5b\x45\xa1\xb5\xfc\x21\xea\xd8\
\xdc\xde\xa6\x9e\xae\x2e\x55\xd7\xd6\x16\xac\x33\x12\x89\x84\xbe\
\x70\xf5\x57\x74\xfe\xe2\x8f\xe9\x3b\xdf\xfa\x86\x9e\x5a\xbd\xf2\
\xb0\x3f\x9b\x1d\x2a\xdc\x6f\x5f\xc6\x13\x09\xcd\x9e\x3b\x57\x9f\
\xbc\xf4\xb3\x05\xdd\x86\x3d\x7a\xba\xba\xd4\xd3\xfd\x8a\x6d\x40\
\x2c\x5c\x28\xcf\x7c\x9a\xc6\xd6\x08\xe7\x9c\x3c\x63\x23\x9c\x73\
\xa6\xf2\x9e\xe7\x29\x12\x89\x9a\xbb\x21\x08\x82\xdc\xb7\xc1\x0b\
\xe5\x9c\xb5\x1f\xec\xe7\xdc\xc2\x30\x6b\x2a\x1f\xf8\x69\xf9\xd9\
\x01\x5b\x23\x22\xb6\xe2\x9e\xb2\x8a\x38\xe3\xce\xe1\x67\x8d\xbb\
\x56\x28\xcf\x38\x2f\x15\x18\xf7\x2d\x85\x0a\x0d\x73\x72\xcf\xbe\
\x11\x46\x72\x1f\x10\x2f\xf4\xcd\x6f\x3c\x41\x18\x4a\x0a\x0c\x73\
\x5a\x0a\x65\x1b\x8b\x40\x11\x05\x2a\xb3\x8d\x47\x74\x8c\x6d\xdf\
\xf4\x76\x28\xab\x98\xa9\x8e\x8c\x71\xb7\x08\xe4\xc9\x39\xdb\x5a\
\xe9\x5b\xe7\x64\x24\xa2\xf2\x72\xdb\x58\x54\x96\x47\xa5\xc0\xcf\
\x7d\x2c\x7d\x4f\xf3\xde\xfb\xee\x53\xf6\xf7\xb3\xac\x2b\x9f\x16\
\x3a\x37\x7e\x10\xd5\xdc\xdf\xfc\x5c\xfb\xcb\xb9\xb6\xe1\xc3\x0d\
\x53\xde\xe5\xa2\x6e\x92\xf9\xdd\xdb\x1d\x72\xff\x1b\xef\x2b\x9c\
\x76\xa0\x9f\xff\xc7\x33\x9b\xaf\x1b\xe6\xc7\xd8\x2f\x49\x5a\x42\
\xd4\x28\xa9\xbe\x7c\x89\xae\x2c\x0d\x7f\xf1\xbe\x13\xaf\x0d\x0d\
\xc7\xf9\xa1\x06\xb1\xc8\x1c\xc2\xd3\xcf\xbf\x68\x5e\x63\xa2\x6e\
\x57\xe6\x31\x07\x06\x6b\xee\x1a\xcc\xf1\xd0\xda\xd5\x4f\xea\xdc\
\x0b\x2f\x2e\xf8\xe0\xd6\xd4\xd4\xea\x6b\x37\xde\x22\x49\x7a\x6a\
\xd5\x93\x5a\xbf\x7e\x9d\xd6\xb7\xae\x1b\xdc\x57\x49\x85\xc1\x9b\
\x03\x3b\xb9\xae\x5e\x53\xea\xeb\x35\x7b\xee\x3c\xcd\x68\x9c\xa5\
\x78\x22\x31\x64\x13\xf4\xa9\x55\x4f\xca\x37\x1c\xb0\xbb\xd0\x36\
\x1f\xca\x5c\xa0\x58\xcc\x1a\x42\x6d\xb3\xaa\x2c\x1a\x51\x79\x79\
\xb9\xa9\x8e\x81\x7e\xe3\x01\xae\x2b\xd7\x98\xb1\xb6\x71\xcf\xa4\
\xd3\xca\xfa\x69\x43\xe8\x89\x28\x1a\x89\x19\x67\x94\x33\xad\x11\
\x9e\x73\x92\xbf\xc3\x76\x90\x3c\xb0\x5d\xe9\x1d\x5b\x8d\x49\x78\
\xac\x6d\xc1\xf4\x22\x8a\xc5\x8c\x27\x46\x06\xfa\x6c\xe7\x02\x3c\
\xfb\x78\x06\x99\x8c\x71\xbd\x0e\xe4\x0c\x61\x41\x92\xca\x2b\x2a\
\xe4\xca\x73\x0f\xd2\xe9\xfe\x9d\xda\xb9\xdd\xd6\x86\x74\x26\x2b\
\x59\x4e\xf0\x38\xa7\x48\xd4\xb8\x6f\xb9\x31\x92\xb3\xad\x11\x65\
\xf1\x09\xb6\xf9\xd0\x1b\x55\x9f\x71\xbd\x4d\x06\xbf\xb3\xad\x73\
\xae\x42\xd1\xb2\x2a\x53\x1d\x3b\xfb\x52\xb6\xb1\xf0\xd5\x7c\xe3\
\xf2\x5f\xcc\xb6\x54\x71\xfd\x47\xff\x34\xec\xef\xcf\x7d\x8d\x48\
\xee\x0c\xf4\x46\x2a\xdd\xbc\xdf\xf5\x27\x1c\x18\xec\xc1\x56\xb3\
\xa4\x97\x0d\x9b\x71\xd1\x50\x04\x40\xcf\x39\x79\x07\x3f\x10\x1e\
\xd6\x41\xfa\xe9\xd6\xce\x97\x87\xfb\x36\x94\x8a\x35\xcf\x76\xd0\
\x97\x23\xcf\x92\x12\x68\x83\x3d\x48\x0f\xa7\x1e\x7f\x78\xe9\xbd\
\x43\x12\xa4\xf7\x76\xea\xdc\xf9\x3a\x75\xee\xfc\x37\xff\xde\xd1\
\xde\xa6\x54\x2a\xa9\x54\x32\xa9\x8e\x8e\xb6\x7d\x7e\xb7\xae\x6e\
\xaa\x12\xf1\x84\xe2\x89\x84\xa6\xd4\x4f\x2d\x6a\x5f\xfd\xeb\xfd\
\xf7\xb2\x8b\x02\x00\x00\x00\x40\x01\x0c\xab\x20\xbd\xa5\xbb\x4b\
\x1b\x5b\xd6\x69\x7a\xe3\xac\xa2\xb5\xa1\x6e\xaf\x80\xbc\x77\xc0\
\x2e\x25\x1d\x6d\x6d\xea\x29\xd0\x77\x6f\x03\x00\x00\x00\xc0\x68\
\xe7\x0d\xb7\x06\xff\x78\xf9\x23\x8c\xda\x21\xfc\xeb\x52\xae\x46\
\x03\x00\x00\x00\x00\x41\x7a\xb7\x9f\x2c\x7f\x44\x3d\x5d\x5c\x6d\
\x3d\x90\x54\x32\xa9\x15\xcb\x38\xd9\x00\x00\x00\x00\x00\x04\xe9\
\xbd\xfc\xcb\x9d\xb7\x33\x72\x07\xf0\xe0\xd2\xfb\xe8\x04\x00\x00\
\x00\x00\x20\x48\xef\x8b\xab\xd2\xfb\x97\x4a\x26\xf5\x20\xb7\x75\
\x03\x00\x00\x00\x00\x41\x7a\x7f\x6e\xbb\xf1\x7a\x46\xef\x2d\x1e\
\x5c\x7a\x9f\x7a\x53\x29\x3a\x02\x00\x00\x00\x00\x08\xd2\x6f\xb7\
\x76\xf5\x93\xda\xd8\xb2\x8e\x11\xdc\xad\xa7\xab\x4b\x77\xdf\xf9\
\x0d\x3a\x02\x00\x00\x00\x00\x08\xd2\x07\x76\xfd\xd5\x57\x28\x95\
\x4c\x32\x8a\x92\xae\xb9\xfa\x4a\x3a\x01\x00\x00\x00\x00\x08\xd2\
\x07\xb7\xa5\xbb\x4b\xff\xcc\x2d\xde\x7a\x70\xe9\xbd\xda\xd8\xda\
\xc2\x6c\x06\x00\x00\x00\x00\x82\xf4\xa1\xfd\x64\xf9\x23\xfa\xf1\
\x28\xfe\xba\xa7\xce\xf6\x36\xdd\x75\x07\xb7\x74\x03\x00\x00\x00\
\x00\x41\xfa\x30\xfc\xf3\x8d\xd7\x6b\x73\x7b\xdb\xa8\x1b\xbc\x54\
\x32\xa9\x6b\xae\xba\x92\x07\x8c\x01\x00\x00\x00\x00\x41\xfa\xf0\
\xf4\xa6\x92\xfa\xd4\x05\xe7\xa8\x73\x94\x85\xe9\x6b\xae\xba\x52\
\x9b\x3b\xda\x99\xc5\x00\x00\x00\x00\x30\x84\xa2\x23\x65\x43\x7a\
\x53\x49\x7d\x7c\xf1\x39\xba\xe7\x81\x87\x55\x57\x3f\x75\x54\x84\
\xe8\xe6\xd5\x2b\x99\xc1\x00\x00\x00\x23\xd0\x9f\x37\xd6\x9d\x32\
\x61\xc0\x6b\xb2\xd4\x11\xda\x9b\x71\xff\x8a\x4d\x6d\x2f\x33\x1a\
\xc0\x08\x0e\xd2\x92\x94\x4a\x25\x75\xf1\x85\xe7\xe8\xde\xa5\x23\
\x3b\x4c\x5f\x73\xd5\x95\x7a\x62\xf9\xa3\xcc\x5e\x00\x00\x80\x91\
\xab\x49\xd2\x92\x22\xb7\xa1\x59\x92\x29\x48\xcf\x9d\x51\x7f\x6d\
\x0e\xc5\x5e\xda\xfd\x47\x92\xb4\x6a\x43\xfb\x5a\xa6\x03\x4a\x2e\
\x48\x87\xa1\x14\x3a\x29\x30\x9e\xb2\x0a\x43\x73\x05\x32\x57\xe1\
\xa4\x64\x32\xa5\x8f\x2d\x3e\x47\xf7\x8d\xd0\x2b\xd3\x83\x09\xd1\
\x11\xcf\x93\x9c\xed\x75\xd2\x99\x8c\xa9\x7c\x55\x79\xa8\x23\x62\
\xb6\x36\x54\x54\x54\xda\xe6\x83\x02\xed\xdc\xd9\x6b\xec\x71\x63\
\x47\x86\x52\xe0\xfb\xa6\x2a\x22\x91\x88\xa4\x88\x69\x0b\x76\xee\
\xb0\x7d\x8e\xbe\xb2\xb2\x4a\x5e\xd4\x70\xde\xcd\xb9\x5d\x7f\x4c\
\x5d\x19\x2a\x08\x02\xe3\x70\xda\x3f\xcd\x12\x04\xbe\x71\x4e\xd8\
\xf6\x2d\x4f\x92\xf3\x6c\xdb\xe1\x55\x56\xd9\x36\x21\x08\x24\xdf\
\xb6\x1d\x61\x5f\xaf\xc2\x30\x6b\x18\xca\x88\x62\x15\x63\x6d\xeb\
\x9c\xbf\x43\xa1\x61\xff\x0c\x25\xf9\x59\xe3\x78\x7a\x81\x79\x4e\
\x66\x32\x03\xf6\x39\x6d\x5c\xea\x7c\xdf\xf6\x06\x1e\x84\xa1\xf9\
\x38\xc2\xba\x3e\x8c\x19\x53\xd9\xf4\xdd\xbf\x3f\x6d\x77\x23\xc2\
\xe6\xc3\x38\x7c\xd9\x26\x85\x9b\x24\xa9\xaf\xaf\x5f\x63\xc6\xe6\
\xfe\xde\x15\x2d\xcf\x2a\xfe\xc6\x8e\xa2\x1e\x67\x38\xe7\xcc\xf3\
\xc1\xe5\xe1\xfd\xf3\xc3\x7f\x3e\x75\x8d\xa5\xfc\x13\xff\xd9\x36\
\x7b\xb8\x1f\xf3\x79\x6e\xf7\x78\x0c\x73\xce\x39\xf3\xc9\x80\xd3\
\x1a\x4e\x1a\xff\xb3\xd6\x17\xb6\x13\xdd\x50\x52\x41\x7a\xf7\x9b\
\x80\x42\xeb\x7e\x6a\xcf\xd1\x76\xe1\xae\x75\x3b\x95\x4a\x69\xd1\
\xc2\xbf\xd6\x17\xae\xfe\x8a\x2e\xb8\xf0\xe2\x11\x31\x50\xa9\x64\
\x52\x7f\x73\xc1\x47\x77\x7f\x26\xfa\xe0\x83\xe5\x45\xec\x0b\x6f\
\xb6\xdf\x16\x16\xca\xa3\xa1\x26\xc4\x6d\x6d\xa8\xa8\x34\x06\xe9\
\x30\x54\x5f\x9f\xed\x80\x24\x56\x56\x5e\xf4\xe0\x15\x8d\xc6\xe4\
\x19\x82\x53\x10\x4a\x7d\x3b\x6d\x41\xba\xbc\xa2\x52\x51\x57\x66\
\x3c\x30\xf3\xcc\x6b\x44\x68\x3c\x50\x76\x2e\x62\x6c\x43\x20\x85\
\xb6\xf1\x34\xc7\x26\xcf\x93\x67\xbc\x99\xc8\xab\x8c\x1b\x83\xb4\
\x2f\x65\xd2\xb6\xe0\x35\x10\x91\x82\xdc\xd7\x08\xe7\x45\x55\x6e\
\x0c\xd2\xfe\x40\x54\xbe\xe1\xc4\x46\x18\x04\xf2\xb3\x59\x53\x1b\
\x22\x51\x7b\x90\xce\x1a\xc7\x22\x08\x7c\xf3\x7b\x86\xf9\xfc\xd2\
\xee\xff\xd9\xb6\xc3\x1a\xe6\x83\x5d\xfb\xf8\x2e\x4d\x87\x59\xfc\
\x4c\x49\x8a\x27\xaa\x4c\xeb\x75\xa4\x2c\xad\xc4\xd8\x7c\x1c\x10\
\x59\xd6\x49\x99\x4f\x7c\xee\x8a\xd1\xc6\x39\xe5\x5c\x93\x46\x39\
\xcf\x73\x72\xc6\xf7\xce\x52\x88\xe1\x5e\x7e\x4e\x06\x4c\x93\xc4\
\x55\x69\x94\xd6\x3e\x3a\x92\x37\xee\xeb\x37\x7d\x55\x7f\xf7\x99\
\x4b\x94\x4c\x26\x87\xf5\x76\x6c\x68\x59\xa7\x0f\x9d\xfa\x17\x3c\
\x58\x0c\x00\x00\x00\x00\x08\xd2\x85\xf7\xd4\xea\x95\x3a\x6d\xce\
\x07\xb5\x7a\xd5\x93\xc3\xae\xed\xa9\x64\x52\xb7\xdc\xf0\x55\x7d\
\x62\xf1\x79\x7c\xc5\x15\x00\x00\x00\x00\x10\xa4\x87\x30\x90\xa6\
\x52\xba\xec\xd2\x4f\xea\x63\x8b\xcf\xd1\xfa\xd6\x75\xc3\xa2\xcd\
\x2b\x96\x3d\xaa\xff\x77\xe6\xe9\x7a\xe8\x81\xfb\x99\xa5\x00\x00\
\x00\x00\x50\x42\xa2\xa3\x69\x63\xd7\xb7\xb6\xe8\x63\x8b\xcf\xd5\
\x19\x0b\xcf\xd6\xdf\x5e\x7a\xb9\x6a\x6a\x6a\x4b\xae\x8d\x6b\x56\
\x3d\xa9\x07\x97\xde\xaf\x8d\xad\x2d\xcc\x4e\x00\x00\x00\x00\x20\
\x48\x97\x86\xc7\x97\x3f\xaa\xc7\x97\x3f\xaa\x99\x0d\x8d\x3a\x7f\
\xf1\xc5\x9a\x33\x77\x7e\x51\xdb\x93\x4a\x26\xb5\x66\xd5\x4a\xdd\
\x75\xc7\x37\xd4\xd3\xdd\xad\x11\xf0\x80\x46\x00\x00\x00\x00\x20\
\x48\x8f\x44\xeb\x5b\x5b\xb4\xbe\xb5\x45\xd5\x35\x35\x3a\x75\xce\
\x7c\x9d\xb9\x70\xd1\x90\x7d\x65\x56\x2a\x99\xd4\x86\x96\x75\x5a\
\xb3\x6a\xa5\x56\x2c\x5f\xc6\x4c\x04\x00\x00\x00\x00\x82\xf4\xf0\
\xd1\xd3\xdd\xad\x7f\x7d\xe0\x3e\xfd\xeb\x03\xf7\xbd\x19\xaa\x67\
\x36\xcc\xd2\xcc\x86\x59\x4a\x24\x12\x79\x0b\xce\x9d\xed\x6d\xda\
\xd0\xda\xa2\x0d\x2d\x2d\xda\xc0\xad\xdb\x00\x00\x00\x00\x40\x90\
\x1e\x69\xa1\x5a\x92\xaa\x6b\x6a\x54\x57\x37\x55\x75\xf5\x53\x15\
\x8f\x27\x0e\x7d\xc5\x3a\x94\x36\xb7\xb7\x2b\x95\x4a\xee\x0e\xcf\
\xed\xea\x6c\x6f\x53\x8a\xa7\x6e\x03\x00\x00\x00\x00\x41\x7a\xb4\
\x04\xeb\x9e\xee\x6e\x3d\xb5\x7a\xe5\xa0\x7e\x3f\x12\x38\x39\xf1\
\x21\x67\x00\x00\x00\x00\x18\xa9\x3c\xba\x00\x00\x00\x00\x00\x00\
\x82\x34\x00\x00\x00\x00\x00\x05\xc1\xad\xdd\x00\x00\x00\x00\x80\
\xa1\xb2\xa4\xc0\xf5\xbf\xb4\xfb\x0f\x41\x1a\x00\x00\x00\x00\x30\
\xfc\xfd\xfc\xf9\x17\xaf\x1b\x09\xdb\xc1\xad\xdd\x00\x00\x00\x00\
\x00\x10\xa4\x01\x00\x00\x00\x00\x28\x8c\xe8\xae\x2f\x6b\x72\x92\
\xf1\x2b\x9b\xf2\xf2\x85\x4f\xce\x56\x8b\xe7\x42\x53\x15\xe1\xee\
\x3f\xb6\x4d\x08\xcc\x67\x27\x3c\xcf\xd6\x0f\x7e\xe0\x2b\x34\x6e\
\x49\xbc\x2a\x66\x2a\x3f\x77\x5e\x83\xce\xfa\xcb\x46\x53\x1d\x03\
\xfd\x3b\x4c\xe5\xc7\x1d\x71\xa4\xc6\x8d\x3b\xc2\x54\xc7\xaf\x3b\
\x37\x99\xca\x97\x57\x56\xa8\xba\xf6\x78\x53\x1d\x3d\x5d\x2f\xaa\
\xbf\xaf\xd7\xb8\x77\x46\x8d\xf3\x61\x9c\xc2\x48\xee\x75\x64\x32\
\xfd\xda\x96\xdc\x62\x6a\x43\x7f\xdf\x0e\x65\x8d\x73\xa2\x7f\xeb\
\x56\xdb\xbe\x19\x89\x2a\x12\xb1\xf5\xa5\x53\x95\x6d\xff\x0e\x03\
\x65\x43\xdb\xfe\x1d\x2b\xb7\xf5\x63\x18\x5a\x57\x4a\x49\x61\xbf\
\x9c\xfc\xdc\x8b\x67\xd2\x4a\xf7\x6d\x37\x35\x21\xed\x3b\xf9\x61\
\xee\x6b\x5d\x10\xfa\xca\xfa\xb6\xbe\x18\xe8\x8f\x28\x95\xb1\xcd\
\xa9\x2d\x2f\x6f\xb3\xed\x17\xd9\x40\x03\xd9\xb1\xa6\x3a\x26\x1c\
\xf7\x5e\xdb\x7e\x91\xca\x2a\x9b\xf2\x4d\x75\xfc\xfe\xf7\xaf\x99\
\xca\x1f\x7d\x74\xb9\x8e\x3c\xc2\xb6\x7f\xa6\x92\x29\x65\xd3\xd9\
\xdc\xe7\x75\xba\x5f\x95\xc1\xeb\x45\x3d\x30\x8c\xf9\x69\x39\xaf\
\x22\x0f\x87\x74\xb6\x63\x99\x4c\x50\x3e\xea\x0f\xd2\x9d\x02\x79\
\x2e\xb0\x2d\xb5\x79\x38\xb6\xb5\x6f\x48\x28\x05\xa1\x80\x91\x86\
\x2b\xd2\x00\x00\x00\x00\x00\x10\xa4\x01\x00\x00\x00\x00\x20\x48\
\x03\x00\x00\x00\x00\x40\x90\x06\x00\x00\x00\x30\x62\x35\xd3\x05\
\x18\x89\xf8\x1e\xe9\x41\xaa\xae\xae\x51\x75\x4d\xad\xe2\x89\x84\
\xea\xea\xa6\x1e\xf0\xf7\xbc\x50\xda\xd8\xba\x4e\x92\xd4\xd9\xde\
\xa6\xde\x54\x92\xce\x03\x00\x00\x00\x00\x82\xf4\xc8\x0f\xcd\x33\
\x1b\x66\x69\x46\xc3\x2c\xd5\xd5\x4d\x55\x5d\xfd\xd4\x9c\xeb\x4a\
\x25\x93\xea\x6c\x6f\x53\x67\x47\x9b\x36\xb6\xac\xd3\x86\xd6\x75\
\x84\x6b\x00\x00\x00\x00\x20\x48\x0f\x7f\x53\xea\xea\xb5\xe0\xcc\
\x45\x9a\x3d\x77\xbe\x6a\x6a\x6a\xf3\x56\x6f\x3c\x91\xd0\x8c\xc6\
\x59\x9a\xd1\x38\x4b\xe7\x5d\x78\xb1\xa4\x5d\x57\xaa\x9f\x58\xf6\
\x88\xd6\xac\x7e\x52\x5b\xba\xbb\xe8\x7c\x00\x00\x00\x00\x20\x48\
\x0f\x0f\xf1\x78\x5c\x0b\x16\x2e\xd2\x79\x8b\x2f\xce\x6b\x78\x3e\
\x64\x68\xaf\x9f\xaa\x29\x5f\xba\x46\x57\x7c\xe9\x1a\x6d\x68\x59\
\xa7\x27\x96\x3f\xa2\x27\x96\x3f\xc2\x6c\x04\x00\x00\x00\x00\x82\
\x74\xe9\x06\xe8\xf3\x16\x5f\xac\xf3\x16\x5f\xac\x44\x22\x51\xd4\
\xb6\xec\xb9\x5a\xfd\xc9\x4b\x2f\xd7\xdd\x77\xde\x4e\xa0\x06\x00\
\x00\x00\x80\x12\x37\xea\x9e\xda\xfd\xa9\xcf\x5c\xa6\x9f\xae\x7a\
\x5a\x9f\xbe\xf4\xf2\xa2\x87\xe8\xbd\x55\xd7\xd6\xea\xba\x9b\x6f\
\xd5\x8f\x9f\x7a\x5a\xa7\x9f\x79\x36\x33\x13\x00\x00\x00\x00\x08\
\xd2\xc5\x35\x63\x66\xa3\x7e\xba\xea\x3f\x4b\x2e\x40\xbf\x2d\x50\
\xd7\xd4\x6a\xc9\x4d\xb7\xea\xee\xa5\x3f\xd0\xc4\xea\x1a\x66\x28\
\x00\x00\x00\x00\x10\xa4\x87\x56\x3c\x1e\xd7\x95\x57\x7d\x45\xdf\
\x7b\xe0\xe1\x21\xfd\x1c\xb4\xd5\xf4\x86\x59\x7a\x68\xf9\x4f\x75\
\xee\xe2\x8f\x31\x4b\x01\x00\x00\x00\x80\x20\x3d\x34\xaa\xab\x6b\
\x74\xcf\xd2\x87\x75\xfe\xee\xa7\x65\x0f\xbb\x93\x00\x89\x84\xfe\
\xe1\xea\x6b\x74\xeb\x1d\x77\xab\x2a\x1e\x67\xb6\x02\x00\x00\x00\
\x00\x41\xba\x70\xa6\xd4\xd5\xeb\x87\xcb\x7f\x6a\xfa\x0e\xe8\x52\
\xd1\x34\x77\xbe\xee\x5e\xfa\xb0\x26\xd7\xd5\x33\x63\x01\x00\x00\
\x00\x80\x20\x9d\x7f\x0b\xce\x3c\x5b\xff\xb6\xfc\xa7\x25\xfd\x59\
\xe8\xc3\x3e\x31\x50\x3f\x95\x30\x0d\x00\x00\x00\x00\x25\x60\xc4\
\x7d\xfd\xd5\x82\x33\xcf\xd6\x57\x6f\xba\x75\x44\x0e\x56\x3c\x91\
\xd0\xdd\x4b\x1f\xd6\x25\x17\x9e\xa3\xcd\xed\xed\x07\xfc\xbd\x30\
\x0c\x15\x2a\x34\xbd\x56\x45\x79\xcc\x54\x3e\x9b\x19\xd0\xb6\xad\
\xaf\x9a\xea\x78\xf5\xf7\xbf\x33\x95\x9f\x90\x4c\x69\xc7\x8e\x94\
\xa9\x8e\x74\x7a\xc0\x54\xde\x45\xa4\xfe\xbe\x5e\xf3\xd8\x7b\x91\
\xdc\x77\xd5\x30\x08\xe5\x67\x7d\x63\x0b\x42\x39\x4b\xe9\xc0\x57\
\xff\x4e\x5b\x3f\x04\x81\xaf\x68\xb4\xcc\x56\x87\x9f\x35\x96\xf7\
\x95\x75\xb6\x39\xf1\x87\x9e\x1e\xf3\x9c\x4c\x0f\xd8\xda\xf0\xaa\
\x6d\xd7\x94\x73\x52\x34\xe2\x8c\x6b\x4c\x5a\x91\x48\x90\x73\xf9\
\x88\x17\xaa\x32\x66\x5b\xe7\xa2\xe5\x51\xb9\x48\xee\xe7\x93\xfd\
\xac\xaf\xfe\xbe\x9d\xa6\x36\xa4\x7a\x77\x2a\xb5\xc3\xb6\xd6\x75\
\xfd\xaf\x6d\x4e\xf9\xf2\x15\xb8\xc0\xb6\x42\x04\xb6\xb1\xe8\xed\
\x77\xea\xed\xb7\xcd\xa9\xd0\xd6\x04\xf5\xf7\x0f\xe8\x95\xff\x7d\
\xc5\xd6\x97\x59\x5f\xa1\xa1\x21\x7e\xe0\xf4\x8e\x77\x1c\x95\x87\
\x23\x86\xdf\x58\x0a\x37\x4b\x5a\x72\x80\x7f\x3f\xf4\xfb\x95\xf3\
\x9a\xe5\x24\x27\xfb\x3a\x33\xda\x39\x97\x8f\x8e\x08\x55\xf4\xae\
\x0c\xc3\x4d\xd6\xe3\x52\x49\xdb\x8a\xbd\x19\xf3\x66\xd4\x87\xd6\
\xf1\x30\xae\x95\x4d\xab\x36\xb6\xaf\x65\xcf\x20\x48\x17\x26\x44\
\x2f\x3c\x5b\xd7\x8f\xd0\x10\xbd\x77\x98\xfe\xee\xd2\x87\xf5\x89\
\xc5\xe7\x68\x73\x47\xfb\x01\x0f\x26\xac\xcb\x55\x45\x79\xb9\x31\
\x48\xf7\x6b\xdb\x1b\x7f\x30\xd5\xf1\xbf\x2f\x99\x0e\x04\xb4\x73\
\x47\x4a\xfd\xfd\xb6\x20\x5d\x16\xab\xb0\xbd\x09\x7a\xa1\xfa\xfb\
\xed\x41\x3a\x62\x08\xd2\x81\x7c\x65\x83\xb4\x6d\x3b\x24\x39\xc3\
\x9b\x47\x10\xf8\xe6\x13\x0a\xd1\xb2\x98\xca\xca\x6c\xf3\x32\xc8\
\xda\x02\xa8\xef\x67\x15\x04\xb6\x93\x12\xaf\xfc\x76\xb3\xa9\xfc\
\x8e\xde\x5e\xed\xec\xb5\xf5\xe5\xc6\x0d\xb6\x24\xed\x79\x52\x65\
\xb9\xed\x86\xa6\xf1\xe3\xa4\x58\x2c\xf7\x39\x55\x59\x19\xd3\xb1\
\xb5\xb6\xc0\x31\xe1\x9d\xef\x50\xac\x22\xf7\x7d\x3c\x93\xc9\x68\
\x47\xaf\x6d\x8d\xf9\x5d\xcf\x0e\xf5\xf4\xec\x30\xd5\xf1\xf2\x2b\
\xaf\xdb\xc6\xb3\x4c\x8a\x94\xd9\x0e\x0e\x2b\x2b\x2b\x6d\x21\xd6\
\x8f\xa9\xdf\xb7\x9d\xc0\xb5\x1a\xe8\xef\x37\x07\xe9\x58\xac\x5c\
\x91\x48\x24\xf7\xf2\xe5\x63\x74\xcc\x31\x13\x8b\xda\x0f\x3f\x5a\
\xff\x9b\xb5\x92\x72\x3e\x58\xff\xe8\x9f\xbf\x2f\x2f\x41\xd8\x91\
\xa4\x77\xf5\x81\xb1\x1f\x4a\xa1\x17\x7f\xd6\xda\xfe\x39\x22\x57\
\xe9\x8c\x07\xf2\x67\xc4\xdc\xda\xfd\xfe\x86\xc6\x11\x1f\xa2\xf7\
\x0e\xd3\xff\xf2\x00\xb7\x79\x03\x00\x00\x00\x00\x41\x3a\x47\x27\
\xd6\xd5\xeb\x96\x6f\xdd\x3d\xaa\x06\x6e\x4f\x98\xe6\x69\xde\x00\
\x00\x00\x00\x40\x90\x3e\x2c\x55\xf1\xb8\xae\xbd\xf9\x16\xc5\x47\
\xd0\x83\xc5\x0e\x37\x4c\x03\x00\x00\x00\x00\x08\xd2\x83\x76\xcd\
\xcd\xb7\x68\xf2\x08\xf8\x8a\xab\x5c\x4d\xa9\x9f\xaa\x7f\xb8\xfa\
\x2b\xcc\x64\x00\x00\x50\x0a\x36\xd1\x05\x00\x08\xd2\x25\xee\x94\
\x39\xf3\xd4\x34\x77\xfe\xa8\x1f\xc4\xf3\x2e\xbc\x58\xd3\x1b\x1a\
\x99\xcd\x00\x00\xa0\xd8\xb6\xd1\x05\x00\x08\xd2\x25\xac\x2a\x1e\
\xd7\x35\x37\xdf\xc2\x08\xee\x76\xdd\x4d\xb7\xf2\x79\x69\x00\x00\
\x00\x00\x20\x48\x1f\xd8\xdf\x7f\xf1\x2b\xa3\xf2\x73\xd1\x07\x52\
\x5d\x53\xab\xf3\x2e\xbc\x98\x8e\x00\x00\x00\x00\x00\x82\xf4\xdb\
\x4d\xac\xa9\xd1\xe9\x67\x2d\x62\xf4\xde\xe2\x93\x97\x5e\xae\x89\
\x35\x35\x74\x04\x00\x00\x00\x00\x10\xa4\xf7\xf5\x89\x4b\x2f\x63\
\xe4\x0e\x12\xa6\x01\x00\x00\x00\x00\x04\xe9\x37\x71\x35\xfa\xe0\
\x16\x2c\x5c\xa4\x89\x35\xb5\x74\x04\x00\x00\x00\x00\x10\xa4\x77\
\xe1\x6a\xf4\xa1\x7d\xfa\xb3\x9f\xa3\x13\x00\x00\x00\x00\x80\x20\
\xbd\xeb\x49\xdd\xa7\xf0\x75\x57\x87\x34\x7b\xee\x69\x8a\xc7\x79\
\x10\x1b\x00\x00\x00\x00\x14\x42\x74\x38\x35\xf6\x94\xb9\xf3\x8b\
\xf2\xa4\xee\xee\xee\x2e\xad\x6f\x5d\xa7\x8e\xf6\x36\x75\x76\xb4\
\x49\x92\xd6\xb7\xae\xdb\xef\xef\x36\xce\x68\x94\x93\x34\xa3\x71\
\x96\xaa\x6b\x6a\x35\xa3\x61\x96\xaa\x6b\x8f\x1d\xd2\xf6\x26\x12\
\xe3\x34\x7b\xee\x69\x5a\xb1\xfc\x47\xcc\x70\x00\x00\x00\x00\x18\
\xdd\x41\x7a\xde\x90\x86\xe7\xef\x2f\xbd\x57\x4f\xad\x7e\x52\x3d\
\xdd\x5d\x83\x2e\xb7\xa1\x75\x9d\x3c\x49\x1b\xf7\x0a\xda\x13\x6b\
\x6a\x35\x7b\xee\x7c\x9d\x77\xe1\xc5\x43\x16\xaa\xcf\xbf\xe8\x6f\
\x08\xd2\x00\x00\x00\x00\x30\x9a\x83\x74\x55\x3c\xae\xa6\x21\xb8\
\xad\xbb\xbb\xbb\x4b\x5f\xbf\xf1\x7a\x3d\xb5\xfa\xc9\xbc\xd5\xb9\
\xa5\xbb\x4b\x0f\x2d\xbd\x57\x0f\x2d\xbd\x57\xd3\x1b\x66\xe9\xca\
\x2f\x5d\xa3\x29\xf5\x27\x15\x74\x3b\xea\xea\x4f\x52\x75\x4d\xed\
\x61\x9d\x04\x00\x00\x00\x40\xc9\x68\x96\xb4\xe4\x00\x3f\x9b\xb4\
\xfb\x4f\xa1\x34\xd1\xfd\xc0\x21\x82\x74\x18\xee\xfe\xaf\x20\x34\
\x55\x14\x84\xce\xd6\x92\x43\xbc\xfc\x29\x73\x0a\x1f\xa2\xbf\x7d\
\xe7\xed\xfa\xf6\x9d\xb7\x9b\xea\x70\x2e\xd0\xc1\x7a\xe2\xd9\xf5\
\xcf\xe8\xdc\x33\xff\x52\x1f\x5d\xfc\x71\x5d\xf1\xa5\x25\x05\xdd\
\x9e\xc6\x0f\x7c\x40\x4f\x3c\x96\xdb\x55\xe9\xee\xdf\xbd\x66\x7a\
\xed\x9e\xa3\xa5\x2d\x47\xa6\x8d\xed\x9f\x69\x2a\x9f\xcd\x06\xf2\
\xb3\x81\xa9\x8e\xea\x77\x9d\x60\x2a\xff\x87\xdf\x77\xeb\xb1\x1f\
\x2c\x35\xd5\xb1\xf0\x9c\xbf\x51\xcd\x71\xef\xc9\xb9\xfc\xf6\x37\
\x5e\xd5\x0b\x1b\xd7\xda\xe6\x75\xf6\x38\x45\x35\x26\xe7\xf2\xfd\
\x3b\x92\xfa\x6d\xdb\x73\xa6\x36\x1c\x75\x4c\xb5\x8e\x3e\xa6\xda\
\x54\xc7\x58\xe3\xb3\x03\x5e\xff\x7d\x97\xb6\xbe\x6a\x3b\x39\x75\
\xfc\x09\xc7\x9b\xca\xbf\xf6\xfb\xdf\xe9\xb5\x57\x6d\x6b\xc3\x45\
\x1f\x6b\x34\x95\xef\xef\xeb\xd3\x1f\x7a\x7a\x4c\x75\x44\xbc\x7e\
\x39\x97\xfb\xfe\x19\x86\x81\xfc\xb4\x6f\x6a\xc3\x84\x09\xc7\x29\
\x3e\xfe\xc8\x9c\xcb\xbf\xf1\xda\xab\x7a\xf1\xf9\x0e\x53\x1b\xba\
\xb6\x0c\xa8\x6b\xcb\x80\xa9\x8e\xc9\xef\xb1\x7d\x53\x43\x6a\x47\
\x52\xa9\x9d\x29\x53\x1d\xef\x1c\x17\x37\x95\xdf\x31\x50\xa6\x9d\
\xe9\x32\xdb\xfb\xce\xc0\xeb\xb6\xc3\x90\x68\x54\xe5\xf1\x71\xa6\
\x3a\xb6\xbe\xd1\xab\x74\xa6\x3f\xe7\xf2\xf1\x2a\x4f\xef\x38\xa6\
\x5f\xc3\x59\x59\x64\xcf\xe3\x77\x6c\xc7\x85\x6e\x78\x7e\x43\x6b\
\x5e\xad\x7a\xba\x63\xad\xa4\xb5\x42\x49\x58\xb9\xa1\xdd\xd1\x0b\
\xd8\xdb\xb0\x59\xa5\xa6\x37\x36\x16\xac\xee\x64\x32\xa9\x8f\x2d\
\x3e\xc7\x1c\xa2\x0f\xc7\x43\x0f\x7c\x4f\xe7\x9c\x71\x9a\x52\xc9\
\xed\x05\x7b\x8d\xa6\x39\xa7\x31\xc3\x01\x00\x00\x00\x60\xb4\x06\
\xe9\xf7\x37\xcc\x2a\x58\x88\xbe\xf8\xc2\x73\xb4\x61\x7d\xcb\x90\
\x6f\xd3\xe6\x8e\x36\x7d\xe2\x82\xff\x5b\xb0\x30\x3d\x63\xe6\x07\
\x98\xe1\x00\x00\x00\x00\x30\x1a\x83\x74\x55\x3c\xae\xea\xda\xda\
\x82\xd4\xfd\xe5\x2f\x5e\xa1\xce\x8e\xf6\xa2\x6d\xdb\x9e\x30\x5d\
\x08\xf1\xc4\x38\x4d\xac\xae\x65\x96\x03\x00\x00\x00\xc0\x68\x0b\
\xd2\x93\xeb\xa7\x16\xa4\xde\x6f\xdf\x79\xbb\xd6\xac\x5e\x59\xf4\
\xed\xdb\xdc\xd1\xa6\x5b\x6f\x58\x52\x90\xba\xa7\xd4\x9d\xc4\x2c\
\x07\x00\x00\x43\x65\x13\x5d\x00\x80\x20\x3d\x82\x83\x74\x77\x77\
\x97\xbe\xf3\xad\x6f\x94\xcc\x36\x3e\xf4\xc0\xf7\xb4\xa1\xe5\x17\
\xf9\x0f\xd2\xf5\x04\x69\x00\x00\x30\x64\xb6\xd1\x05\x00\x08\xd2\
\x25\x22\x9e\x48\xe4\xbd\xce\xef\x0c\xe1\x83\xc5\x06\xeb\xee\x3b\
\xff\x39\xef\x75\x72\x6b\x37\x00\x00\x00\x00\x8c\xc2\x20\x7d\x62\
\x5d\x7d\x5e\xeb\x4b\x26\x93\x7a\xfc\xb1\x47\x4b\x6e\x3b\x37\xb6\
\xae\x53\x4f\xd7\x2b\x79\xad\xb3\xba\xe6\x58\x66\x39\x00\x00\x00\
\x00\x8c\xb6\x20\x9d\xef\x2b\xd2\x4f\xad\x7e\xb2\x64\xb7\x75\xcd\
\xea\x9f\xe5\xb7\xef\xe2\x09\x66\x39\x00\x00\x00\x00\x8c\xb6\x20\
\x9d\x6f\xa5\x1c\xa4\x9b\x57\xe5\x37\x48\xf3\x19\x69\x00\x00\x00\
\x00\x18\x85\x41\x3a\xdf\x0f\x1b\xeb\xe9\xee\x2a\xd9\x6d\xdd\xdc\
\xde\xc6\xac\x04\x00\x00\x00\x00\x82\xb4\x4d\xbe\x6f\xed\x2e\xe6\
\xf7\x46\x1f\x4a\x2a\x95\x64\x56\x02\x00\x00\x00\x00\x41\x1a\x00\
\x00\x00\x00\x00\x82\x34\x00\x00\x00\x00\x00\x04\x69\x00\x00\x00\
\x00\x00\x30\xcc\x83\x74\x4f\x57\x7e\x1f\x0e\x36\x63\x66\x63\xc9\
\x6e\x6b\x75\x4d\x2d\xb3\x12\x00\x00\x00\x00\x4a\x58\x34\x0c\xf3\
\x54\x53\x58\xb8\x46\x6e\xe9\xee\x52\x75\x6d\xfe\x02\x66\x4d\x4d\
\xad\x36\xae\x6f\x79\xdb\xbf\x3b\xe7\x14\x1a\x37\xc4\x85\x4e\xce\
\x50\x3e\xdf\x5f\x57\xd5\xd5\xf5\x8a\xd2\x99\xe0\xb0\xcb\x9d\x78\
\xbc\xad\xbf\x4f\x9c\x7c\xac\x4e\xac\x3f\xd6\x54\x47\x55\xe2\x08\
\xe3\x9c\xf4\x14\x2a\x52\xd4\x89\x5d\x51\x59\xa9\x77\x9f\x30\xd9\
\x54\xc7\x6b\xaf\x76\x6b\xe7\x8e\xed\x39\x97\x4f\x0f\xf4\x49\xce\
\x99\xda\xb0\xf5\xf5\xdf\xa9\xb7\x37\xf7\x36\x64\x76\xa6\x14\x8d\
\x46\x4d\x6d\xf0\x3c\xfb\x79\xbf\x4c\x7a\xc0\xd8\x86\x88\x2a\xc7\
\x54\x99\xea\xd8\xbe\x6d\xab\xa9\x7c\xdf\xce\x1d\xca\x66\xd2\xa6\
\x3a\x9e\xfc\xf9\x66\x53\xf9\xf2\x48\x56\x47\x55\xf6\xd9\xd6\x4a\
\x0d\xc8\x29\x30\xed\x5b\x13\x8f\xad\x31\xb5\x61\xec\x51\xb5\xaa\
\x18\x37\x21\xe7\xf2\x63\x14\xd5\x11\x47\x1e\x65\x6a\xc3\xef\xb7\
\xbe\xa1\x4c\xb6\xdf\x36\xa7\xb6\xdb\x1e\x52\xb9\xb5\x77\x40\x5b\
\x77\xd8\xf6\xad\xea\x63\x8c\xef\x9d\x4e\x72\x9e\x6d\x9d\x8a\x18\
\xd7\x39\x85\x81\xfa\xfa\x6c\x63\x31\x7e\x7c\x95\xbc\x48\xee\xef\
\x3b\xe5\x65\x65\xf2\x7d\xdf\xd8\x97\xae\xf9\xdb\x97\xce\xce\xb9\
\x7c\xb2\x37\xa3\xf6\xdf\xf6\xda\xdf\x36\x8d\xc3\x01\x00\x25\x1f\
\xa4\x4b\x67\xa5\x73\x43\xd6\x94\x39\x73\xe7\xeb\xc7\x8f\x2f\xdb\
\xcf\xda\x1f\x9a\x57\x7e\xcf\x39\xd3\x65\xfe\x19\x0d\x1f\xc8\xeb\
\xb6\x76\x77\xbd\xa2\x4c\x2e\x41\xfa\x04\x63\x90\x9e\x72\xa2\x26\
\x4f\x9d\x62\xaa\x23\xdd\xbf\xd3\x36\x16\x91\x72\x45\xa2\xe5\xa6\
\x3a\x76\x18\xc2\xa3\x24\x55\x56\x56\xea\x3d\xc6\x20\xbd\xa5\xfb\
\x7f\xd5\xfd\xbf\xb9\xf7\x45\x34\x1a\x51\x55\x95\x2d\xfc\x6d\x7d\
\xfd\x77\x72\x86\x83\x54\xe7\x67\x15\x2b\xb3\x05\xe9\x48\xc4\x33\
\xb5\x41\x92\xb2\xe9\xb4\xb1\x0d\x11\x55\x8e\x8d\xdb\xc6\xb3\xeb\
\xb7\xc6\x20\xdd\x2b\x3f\x9b\x31\xd5\xb1\xf2\x3f\x6d\x41\xfa\xa8\
\x84\xa7\xbf\x78\xaf\x6d\xdf\x92\x9f\x96\x0c\x41\xfa\x08\x2f\xaa\
\xa3\xdf\x69\x0c\xd2\x47\xd7\xa8\x3c\x71\x64\xce\xe5\x33\x8a\xe8\
\x88\xa3\x8e\x36\xb5\x21\xf6\xca\x80\x32\x59\xdb\xc9\x95\xed\xdb\
\x53\xa6\xf2\xaf\xf5\x4a\xaf\xf6\xca\xc8\x18\xa4\x3d\xc9\x8b\x18\
\x83\xb4\x67\x0d\xd2\xa1\xfa\xfa\x6d\x41\xfa\x98\x77\x1e\xad\xb1\
\x63\xc7\x18\xb2\x7c\x28\x3f\x1b\x98\xda\x90\x4a\xa6\x94\xcd\x66\
\x73\x5f\x63\xd2\x4e\x32\x9f\x84\x56\xd3\xd2\xe6\xff\x5e\xcb\x61\
\xf6\xe0\xfd\xf5\xec\xba\x93\x25\x8d\x7f\xdb\x3a\x95\xae\xb0\x54\
\xfb\xd2\xbf\xfd\xd7\xa6\x97\x2d\x15\xfc\xdf\x0f\x9e\x3c\x6e\x20\
\xf4\xa7\x19\x66\xe5\x4b\x4f\xfc\xd7\xaf\x5e\x66\x84\x31\x42\x83\
\x74\xe9\xdb\xd2\xdd\x9d\xd7\xfa\x66\xcf\x99\xaf\x78\x3c\xae\x54\
\x2a\x55\x72\xdb\x7a\xfa\xc2\x45\xcc\x4a\x00\x00\x80\xe1\x1f\x8e\
\xaf\x95\xb4\xa4\x88\x4d\x58\x22\xe9\x3a\x63\x1d\xd3\x24\x35\x17\
\xb9\x0d\x40\x49\x1a\x16\x9f\x91\xde\xd2\xdd\x95\xf7\x3a\xcf\x5b\
\x7c\x71\x49\x86\xe8\x78\x62\x5c\x5e\xeb\x6c\x5d\xf7\x0c\xb3\x1c\
\x00\x00\x00\x00\x46\x5b\x90\xee\x29\x44\x90\xbe\xe0\x63\x8a\xc7\
\xe3\x25\xb3\x8d\x55\xf1\x84\x3e\x71\xe9\xe5\x79\xaf\x37\x99\xdc\
\xce\x2c\x07\x00\x00\x00\x80\xd1\x16\xa4\xf3\x7d\x6b\xb7\x24\xc5\
\x13\x09\x5d\x7f\xe3\x2d\x25\xb3\x8d\x97\x5c\x7a\xb9\xaa\x6b\x8e\
\xcd\x7b\xbd\x1d\x6d\x2f\x30\xcb\x01\x00\x00\x86\xde\x78\xba\x00\
\x20\x48\x17\xd5\xb3\xad\x2d\x05\xa9\x77\xf6\x9c\xf9\x3a\xef\x82\
\x8f\x15\x7d\xfb\x4e\x5f\xb8\x48\xe7\x5e\xf8\xf1\x82\xd4\xcd\xad\
\xdd\x00\x00\x00\x45\x31\x8d\x2e\x00\x08\xd2\x45\xb7\xb9\xbd\xad\
\x20\xf5\x5e\x79\xf5\x57\xb4\xe0\xcc\xb3\x8b\x1a\xa2\xaf\xbd\xe9\
\x9f\x0a\x52\x77\x7b\xdb\xaf\x98\xe1\x00\x00\x00\x00\x30\x5a\x83\
\xf4\xc6\x02\x5d\x95\x96\xa4\xeb\x6f\xbc\xa5\x28\x57\xa6\x0b\x19\
\xa2\x25\xae\x46\x03\x00\x80\xa2\xd8\x44\x17\x00\x20\x48\x97\x88\
\x67\x5b\x5a\x0a\x5a\xff\x95\x57\x7f\x45\xb7\xdd\x71\xf7\x90\x3c\
\x80\xac\x2a\x9e\xd0\x2d\x77\x7e\xb7\xa0\x21\x5a\x92\x5a\x08\xd2\
\x00\x00\x60\x88\x2d\x5d\xbb\x89\x27\x9d\x02\x20\x48\x97\x8a\xb5\
\xab\x57\x2a\x95\x4c\x16\xf4\x35\x4e\x9d\x33\x5f\xff\xbe\xf2\x69\
\x7d\xfa\x33\x97\x15\x24\x50\xef\x79\x32\xf7\x8a\xd5\x4f\xab\x69\
\xee\x69\x05\xdd\x96\x64\x72\xbb\x56\x3f\xf9\x1f\xcc\x70\x00\x00\
\x00\x00\xc8\xb3\xe8\x70\x6a\xec\xc6\xd6\x75\x6a\x9a\x3b\xbf\xa0\
\xaf\x91\x48\x24\xf4\xe9\xcf\x5c\xae\xf3\x2e\xb8\x58\x6b\x56\x3f\
\xa9\xa7\x56\x3f\xa9\x35\x4f\xad\x34\xd5\x79\xca\x9c\xf9\x3a\x65\
\xee\x7c\x35\xcd\x99\x9f\xf7\xef\x89\x3e\x90\x55\x84\x68\x00\x00\
\x00\x00\x20\x48\xff\x64\xd9\xb2\x82\x07\xe9\xbd\x03\xf5\x19\x0b\
\x17\xe9\x8c\x85\x8b\x24\x49\x1d\xed\x6d\xea\xec\x68\x53\x4f\x4f\
\x97\x3a\xda\xdb\x94\x4a\xed\xff\xea\x78\x34\x0c\x35\xa3\x61\x96\
\xe2\xf1\x84\x26\xd7\x4f\xd5\xf4\x86\x0f\x14\xa5\xaf\x56\x3d\xf9\
\xef\xcc\x6e\x00\x00\x00\x00\x18\xed\x41\x7a\xcf\xed\xdd\xf1\x44\
\x62\xc8\x5f\xbb\xae\x7e\xaa\xea\xea\xa7\x0e\x8b\x7e\xe2\xb6\x6e\
\x00\x00\x00\x00\x28\x1c\x6f\xb8\x35\xf8\xe1\xa5\xf7\x31\x6a\x87\
\xb0\xfc\x91\x1f\xd2\x09\x00\x00\x00\x00\x40\x90\xde\xe5\xc7\xcb\
\x1f\x65\xd4\x0e\xe1\xfb\xf7\xdd\x43\x27\x00\x00\x00\x00\x40\x81\
\x44\x87\x5b\x83\xb7\x74\x77\xeb\xc7\xcb\x1e\xd5\xe9\x67\x9d\xcd\
\xe8\xed\xc7\x8f\x1f\x7b\x44\x5b\x7a\xba\xe8\x08\x00\x00\x00\x49\
\xe7\x9e\x32\xfd\x64\x49\xe3\x0f\xb3\xd8\x4b\x3f\x58\xbb\xf1\x65\
\x7a\x0f\xc0\x01\x83\xb4\xe7\x49\xce\x39\x79\x9e\xf1\xe2\x74\x36\
\x34\x37\xc6\xc9\x0d\xea\xf7\xee\xb9\xf3\x9b\x04\xe9\x03\xf8\xde\
\x9d\xb7\x69\x47\xbf\xaf\xfe\x6c\x60\xaa\xe7\x8c\x05\x67\x98\xca\
\xc7\x23\x29\xa5\xde\xf8\x9d\xa9\x8e\x37\x5e\xdb\x62\x2a\x5f\x31\
\x66\xbc\x2a\xc7\x1c\x61\xaa\xe3\xb5\xdf\xbf\x62\x2a\x5f\x5e\x51\
\xa1\x63\x26\x1e\x67\xeb\xcb\xaa\xf1\xf2\xfd\x6c\xce\xe5\xfb\x76\
\x24\xd5\xf3\x72\x87\xa9\x0d\x55\x63\xab\x14\x8d\x96\xe5\x5c\x7e\
\xe7\xce\x3e\xbd\xd4\xf1\x1b\x53\x1b\xea\x4f\x3e\x52\xb5\x93\x6a\
\x6c\x0b\x5e\xa6\xd7\x54\x7e\x47\x6a\x8b\xb6\xbe\x66\xab\x23\x1b\
\xf8\xb6\x6d\x28\x2f\x57\x55\x2c\x66\xaa\xe3\xaf\x1b\x5e\x33\x95\
\x1f\x1b\x8f\xeb\x84\x29\x53\x4c\x75\x6c\xed\xee\x56\xa6\xaf\x3f\
\xe7\xf2\x47\x1e\x7d\xac\xde\x39\xe5\x14\x53\x1b\xc2\x9d\x29\x65\
\x7b\x73\xdf\xc7\x2b\x9d\xd3\xfb\x3e\xb0\xc0\xd4\x86\xdf\xbf\xb6\
\x5a\xed\xcf\x75\x9b\xea\xb8\xf8\xc2\xb3\x4c\xe5\x83\x6c\xaf\xc2\
\xac\x6d\x5e\xaf\xfb\xf9\x3a\x53\xf9\x74\x5f\x85\xfc\xfe\x4a\x53\
\x1d\xc7\x8d\xaf\x30\x95\x4f\xfa\xbe\xda\xfe\x30\x60\x9b\xd7\xfe\
\x56\x55\x94\xe7\xfe\x55\x9d\x65\x5e\xa8\xf1\xe5\xe6\xe3\xa9\xa6\
\x7f\x7e\x7c\xf3\xda\x62\x1d\x87\x7c\xfc\x2f\x67\x9c\xf2\xf1\xbf\
\x9a\x19\x3a\xe7\x6c\xfb\x67\x5f\xc6\x76\x4c\xe9\x9c\x9c\x67\x6a\
\xc3\x12\x49\xd7\x59\x2a\x88\x45\x7d\xf9\xbe\xed\x78\x2c\xe3\xc5\
\x54\x4c\x59\x4f\x52\x30\x0c\x6f\x61\xc5\x7e\xcd\x9f\x79\xd2\x29\
\xbe\x9f\x6d\x36\x27\x36\x67\x9b\x11\xab\x36\xb6\xb9\x91\xd0\x9f\
\xc3\x72\xbf\xd8\xd2\xdd\xcd\x67\xa5\xf7\xe3\x27\xcb\x7f\xc4\xd5\
\x68\x00\x00\x00\x00\x20\x48\xef\xdf\xbf\xdc\xf1\x4d\xa5\x92\x49\
\x46\x70\x2f\xf7\x7c\xeb\x76\x3a\x01\x00\x00\x00\x00\x08\xd2\xfb\
\xd7\x9b\x4a\xe9\xfa\xab\x3e\xcf\x08\xbe\x19\xa2\x6f\xe3\x6a\x34\
\x00\x00\x00\x00\x10\xa4\x0f\xee\xe7\xab\x57\x69\xed\xaa\x95\xa3\
\x7e\x10\xb7\x74\xbf\xc2\xd5\x68\x00\x00\x00\x00\x20\x48\x0f\xce\
\xf5\x57\x7d\x5e\x3d\x5d\xa3\xfb\x4a\xec\xe7\x3f\x7b\x09\x33\x19\
\x00\x00\x00\x00\x08\xd2\x83\xd3\x9b\x4a\xe9\xf3\x9f\xf9\xf4\xa8\
\xfd\xbc\xf4\x6d\x37\x5d\xa7\x17\x3b\xda\x98\xc9\x00\x00\x00\x00\
\x40\x90\x1e\xbc\x17\x3b\xda\x75\xdb\x8d\x5f\x1b\x75\x83\xf7\x93\
\xe5\x3f\xd2\x0f\xbf\x7f\x2f\xb3\x18\x00\x00\x00\x00\x08\xd2\xb9\
\x84\xca\x65\xba\xf6\xaa\x2b\x47\xcd\xc0\x3d\xdb\xfa\x0b\x7d\xf5\
\x4b\x57\x30\x83\x01\x00\x00\x00\x80\x20\x9d\xbb\xc7\x97\x3f\xa2\
\x2f\x5f\x35\xf2\xc3\xe5\xe6\xf6\x17\xf8\x5c\x34\x00\x00\x00\x00\
\x10\xa4\xf3\x63\xc5\xee\x30\x9d\x1c\xa1\x9f\x99\x7e\xb6\xf5\x17\
\xfa\xdb\x8b\xce\x51\x6f\x8a\xef\xd0\x06\x00\x00\xce\xea\x9f\xb7\
\x00\x00\x20\x00\x49\x44\x41\x54\x25\x67\x1b\x5d\x00\x80\x20\x3d\
\x8c\xc3\xf4\xc7\x2f\x38\x67\xc4\x85\xe9\x9f\x2c\xff\x11\x21\x1a\
\x00\x00\x94\xac\xef\xfd\xc7\x86\xe7\xe8\x05\x00\x04\xe9\x61\xac\
\xb3\xa3\x4d\x7f\x75\xea\x07\xb5\xbe\x65\xdd\x88\xd8\x9e\xdb\x6e\
\xba\x8e\xcf\x44\x03\x00\x00\x00\x00\x41\xba\xb0\x52\xa9\xa4\x3e\
\xbe\xf8\x1c\x7d\xfd\x86\xeb\x87\xed\xd5\xe9\xcd\xed\x2f\xe8\x82\
\xb3\xfe\x8a\xa7\x73\x03\x00\x80\x43\xfa\xc3\x1b\x03\x4d\xf4\x02\
\x00\x10\xa4\xf3\xe2\xc1\x07\xee\xd5\x5f\x9d\xfa\x41\x3d\xbe\xec\
\x91\xe1\x73\x12\x20\xb9\x5d\xf7\x7c\xeb\x36\x2d\x3e\xfb\x43\x7c\
\x4f\x34\x00\x00\x00\x00\x94\x90\xe8\x68\xd9\xd0\x54\x2a\xa9\xaf\
\x5c\x7d\x85\x1e\x5f\xfe\x88\x3e\x7d\xe9\xe5\x9a\xd9\x38\xab\x64\
\xdb\xfa\x93\xe5\x3f\xd2\x6d\x37\x5f\xcf\x67\xa1\x01\x00\x00\x86\
\xaf\xcb\x25\x8d\x2f\xe2\xeb\xbf\xc4\x10\xe0\x2d\x26\xd1\x05\x79\
\x0c\xd2\x61\x18\x4a\xce\x29\x0c\x43\x53\x45\xd6\xf2\xce\xb9\x21\
\xd9\xe0\x0d\xad\xeb\xf4\xf1\xc5\xe7\x68\x46\xc3\x2c\x9d\xb1\x70\
\x91\xce\x38\x6b\x51\x69\x04\xfd\xe4\x76\x3d\xb1\xec\x47\xfa\xc1\
\x03\xdf\xd3\xab\x5b\xba\x6d\x95\x39\xc9\xda\x9b\x99\x4c\xda\x54\
\x3e\x1b\xa4\x95\x09\x07\x4c\x75\x24\x93\xdb\x4d\xe5\x77\xee\xcc\
\x2a\x5a\xd6\x67\xaa\x23\xdd\xbf\xc3\x54\xde\xf7\xb3\xda\xbe\xed\
\x75\x5b\x1b\x06\xfa\x14\x04\x7e\xce\xe5\x07\xfa\x76\xca\xf7\x7d\
\x53\x1b\xfa\xfa\xfa\xe4\x79\x69\xc3\x36\xf4\xcb\x73\xb6\x1b\x60\
\x3c\xe7\xc9\x19\xeb\x90\x71\x9d\x71\x9e\x27\xcf\xb3\xb5\x61\xdc\
\x84\x77\xd8\xd6\xda\x37\xff\x4f\xee\x8e\x7e\x67\xaf\xa9\x7c\x59\
\x59\x99\x06\xfa\x6d\xfb\xb7\x93\x93\x17\x89\xe4\x3e\x1f\x22\x51\
\x29\x12\x35\xee\x9f\x69\x85\x99\xdc\xb7\xc3\x45\xa2\x8a\xc6\x2a\
\x4c\x6d\x88\x44\x9c\xca\x8c\xa7\xb4\xb7\x6f\xb3\x3d\x24\xb9\x2c\
\x92\x51\x2c\x12\x18\x77\x2d\xdb\xa4\x8c\x46\x23\x2a\x2f\x8f\xd9\
\xd6\xa9\x01\xdb\x9c\xcc\xcb\x41\x55\x34\xa2\x32\xc3\x80\xc6\x22\
\x52\x45\x85\x6d\x8d\x19\x3b\xc6\x15\xbd\x1f\xac\xc7\x84\x79\x6b\
\x87\x8a\xdb\x8e\xe5\x2b\x5f\xe4\xc1\x6b\x28\x31\xe1\xa4\x91\xb4\
\x8f\x17\x7d\xcd\x0f\x14\xca\x0b\x03\x85\xae\xb8\x77\x79\x87\x61\
\x38\x64\x61\x7a\x4f\xa0\xde\xd0\xba\x4e\xdf\xb9\xf3\x76\x9d\xb1\
\x70\x91\x16\x2c\x5c\xa4\x9a\xda\xda\x21\xdf\xee\x35\x2b\xff\x43\
\xcd\xab\x7e\xa6\x35\xab\x7e\xf6\xe6\x15\xe8\x48\xc4\x1a\x38\x9c\
\x22\x9e\xad\x2f\x93\xdb\x8d\xdf\x5e\x11\xd9\x2e\x17\xb5\x05\xe1\
\x8e\xb6\x17\x6c\x07\x55\x3b\x06\xd4\xb7\xd3\x76\x42\xe0\xf8\x13\
\xde\x63\x0c\x5e\x52\x77\xf7\x8b\xc6\x03\xb3\x98\x29\xbc\x05\x41\
\x56\x7e\xda\x76\x80\xb9\xf5\xb5\xd7\x94\xcd\x66\x73\x9f\x93\x81\
\x53\x65\xac\xdc\xd4\x86\x58\xac\x5c\x31\x63\x1d\x32\x9e\xdc\x89\
\x96\x95\x2b\x56\x5e\x69\xaa\xa3\x6e\xc6\x4c\xe3\xbe\x15\x95\x8b\
\x94\x99\xaa\x38\xf6\xb8\x5f\x9b\xca\x6f\x7b\xfd\x35\x6d\x6a\x79\
\xc6\x54\xc7\x98\x68\x99\x2a\xc7\x8c\xcd\xb9\x7c\xf9\x98\xb1\x8a\
\x8c\xad\x32\xb5\xa1\x77\x4b\xa7\xb2\x3b\x72\x5f\xeb\xa2\x15\x55\
\x8a\xc7\x8f\x32\xb5\xa1\xb2\x22\xaa\x09\x09\xdb\x9a\xff\xc2\xa6\
\x4d\xa6\xf2\xd5\x13\x8f\x50\x75\xf5\x11\xc6\x30\x6e\x9b\xd6\xf1\
\x78\xa5\xc6\x94\x1d\x69\x7b\xdf\x4a\xa5\x6c\xeb\xb5\x76\x9d\xe0\
\xb1\xa8\xaa\x1a\xab\x78\x55\xee\x27\x57\x2a\xca\x22\xaa\x99\x30\
\xc6\xd4\x86\x09\x13\xfa\x25\x75\x16\xf5\x98\xce\xf7\x7d\x45\xa3\
\xb6\x49\xe1\x19\x8f\x85\x8a\x1d\xa2\x47\x0c\xa7\x21\x3d\x3e\xc7\
\x10\x0d\xaa\x29\xb3\xb1\x7f\xbd\x79\x1c\x30\xda\x3b\xa0\xa7\xbb\
\x4b\xdf\xb9\xf3\x76\x7d\xe7\xce\xdb\x35\xa5\x7e\xaa\xce\x58\xb8\
\x48\x33\x1a\x66\xa9\xae\x7e\x6a\x61\x5e\xaf\xeb\x15\x6d\x68\xfd\
\x85\x36\xb6\xfc\x62\x9f\xf0\x0c\x00\x00\x00\x00\x20\x48\x0f\x3b\
\x9d\xed\x6d\xba\xa5\xf3\x6b\x92\xa4\x78\x3c\xae\x19\x0d\xb3\x34\
\xa5\x6e\xaa\x66\x34\x34\xaa\xba\xa6\x56\x35\x35\x83\xbf\x62\x9d\
\x4a\x6e\x57\x67\x7b\x9b\x52\xc9\xed\xda\xdc\xd1\xa6\xce\xf6\x17\
\xd4\xd9\xfe\x82\xb6\x74\x77\xd1\xd1\x00\x00\x00\x00\x46\xa5\xd9\
\x7f\x5a\xf7\xae\x35\xff\xdd\xf1\xf2\xa8\x0e\xd2\xf7\x2c\x7d\x48\
\x33\x1b\xf2\xfb\xd0\xae\x4f\x5f\x70\x9e\x9e\x6d\x6d\x29\x7a\xc7\
\xa4\x52\x29\xad\x59\xbd\x52\x6b\x56\xaf\x94\xbe\xb5\xef\xcf\x66\
\xcc\x6c\x3c\x60\xb9\x67\xd7\x3d\x2d\xc7\xed\x0e\x00\x00\x00\x00\
\xb0\x3f\x93\x24\x8d\xee\x20\x3d\x5a\x6d\x58\x7f\xe0\xa0\xef\xd1\
\x3d\x00\x00\x00\x00\x30\xa2\x91\xfb\x00\x00\x00\x00\x00\x20\x48\
\x03\x00\x00\x00\x00\x40\x90\x06\x00\x00\x00\x00\x80\x20\x0d\x00\
\x00\x00\x00\x00\x41\x1a\x00\x00\x00\x00\x00\x82\x34\x00\x00\x00\
\x00\x00\x20\x48\x03\x00\x00\x00\x00\x40\x90\x06\x00\x00\x00\x00\
\x80\x20\x0d\x00\x00\x00\x00\x00\x41\x1a\x00\x00\x00\x23\x87\x73\
\x6e\x13\xbd\x00\x80\x20\x0d\x00\x00\x00\x0c\xde\x36\xba\x00\xc0\
\x48\x17\x95\x02\x85\xf2\x14\x2a\x28\x89\x06\xb9\xdd\x7f\x72\x2b\
\x6b\x29\x2d\x39\x97\xa7\x2d\x08\x6d\x35\x84\xc6\xa1\x88\x45\xa4\
\x88\x71\x5b\x7e\xf9\xfc\x73\xa6\xf2\xef\x79\x47\x44\x95\xc7\x44\
\x4d\x75\xec\x4c\xbd\x61\x2a\xff\xce\xea\x49\x9a\x58\x3d\xc9\x54\
\xc7\x31\xef\xac\x35\x95\x0f\x42\x5f\xfe\xff\x67\xef\xbe\xe3\xec\
\xa8\xea\xff\x8f\xbf\xcf\xcc\xbd\x77\xeb\xdd\x4d\x23\x24\xbb\x01\
\x22\x2d\x05\x85\x28\xa4\x60\x4b\x42\xb3\xa3\x62\x01\x45\x69\xa2\
\xa2\x5f\x51\x44\xfd\x89\x28\x92\x00\xa2\x58\xbe\x20\x8a\x8a\x52\
\xa2\x80\x5f\x51\xa4\x09\x4a\x27\x51\x91\x24\x14\x83\x42\x0a\x52\
\x12\x49\xaf\xbb\xf7\xee\xee\x6d\x33\x73\x7e\x7f\x24\x08\x2a\x81\
\xe4\x7e\x76\xb3\xed\xf5\xe4\x91\xc7\xf7\x0b\xe6\x7c\xee\x99\x33\
\x67\x66\xce\x7b\xe6\x16\x5f\x36\xd5\xc8\xb7\x6d\x50\xa5\x52\xaa\
\xba\x7d\x67\x3e\xaf\x67\x9f\x5d\x65\xea\xc3\xf8\x03\x5e\xa3\x6c\
\xd3\x90\xaa\xdb\xe7\x36\x6d\xd1\x92\xbf\xd8\x1e\x50\x8c\x1a\xd3\
\xa1\x72\x31\x36\xd5\xa8\x49\x37\x9a\xda\x67\x47\xd4\xaa\x6e\x48\
\xab\xed\xe0\x0a\x42\xe3\x09\xc2\xcb\x47\xb6\x39\xd5\xbe\x79\x83\
\xf1\x1c\x15\x69\xdc\x6b\x5e\x6d\xaa\x31\x6c\xc4\x9e\xca\xd4\x34\
\x54\x7f\xf1\xca\xd4\x2a\xee\xc8\xd9\x2e\x80\x2e\x94\x4b\xd5\x54\
\xbf\x2b\x5d\xa0\xa4\x60\xeb\xc3\x90\xc6\xb4\xf6\x79\xd5\x28\x53\
\x8d\x65\x4f\xd9\xf6\x67\x4d\xe8\x35\xb4\xae\x62\xaa\x31\xed\x8d\
\x87\x9a\xda\xaf\xdb\xec\xb5\x6e\x93\xed\xe2\xd7\x90\xb1\x3d\x1b\
\xe8\xf2\x5e\x6d\x05\xdb\x05\x7c\x4b\x97\x54\x31\xed\x8b\x48\x41\
\x64\xbb\xf6\xf5\x09\xa1\xdf\xfa\xc7\x20\x9d\xd8\xe6\x43\xe2\xbd\
\x92\xc4\x0b\xc6\x5d\x19\x6e\xbb\xee\x78\xc6\x72\x20\x70\x72\x73\
\x9d\x73\xb3\xba\x23\xaf\x19\x2d\x1f\x20\x41\x5a\xda\x9a\xfc\x5c\
\x5f\xd9\xc3\x72\xce\x16\xa5\x7b\x77\x62\xb8\xee\x19\x04\xcb\x49\
\xcf\x39\x29\xb0\xd5\x68\x6f\x6f\x37\xb5\x2f\x36\xd5\xc9\x27\xf5\
\xa6\x1a\x71\x64\x5b\xd8\xd5\xd6\xd6\x68\xf8\x88\x11\xa6\x1a\xcd\
\x43\x86\xd9\x2e\xe4\x49\xac\x4a\x5c\x30\xd5\x28\x75\xb5\x4b\x3e\
\x36\xcd\xa7\x42\x57\xc1\x38\x96\x0d\x6a\x6a\x1e\x5a\x75\xfb\x72\
\x67\x45\x85\x82\x2d\xfc\x55\xca\x91\x79\x51\xe4\x82\xb4\x6d\x61\
\x17\x66\x94\xae\x35\x06\x61\x67\xdb\x17\xf2\x89\xf9\x6e\x5b\x64\
\xb8\x31\xb3\x75\x1c\x03\x65\x9b\x9b\x6d\x01\x72\xc4\x28\xd5\xd4\
\x65\x6d\x63\x11\x45\xe6\x33\x6d\x60\xb8\xb1\x11\xc8\x49\xb1\xad\
\x0f\x99\x74\xa0\xc6\xc6\x5a\x53\x8d\x42\xc1\xd6\x87\x72\xa9\xac\
\xd8\x38\x27\x86\xef\x66\x3b\xd7\x76\x96\xbb\xb4\x25\x67\x3b\x36\
\x52\xc6\x3b\xc8\xce\x49\x15\xe3\x8d\xec\x72\x24\x95\x63\x67\x3a\
\xbe\x8b\x25\xdb\xb5\x2f\x0c\xfb\xc0\x9b\x0d\x03\x99\xdf\xf3\x18\
\x18\xdb\xfb\xa4\xbb\x1e\x90\x0c\xf2\xe0\xe5\xdc\x72\x27\xcd\x92\
\x34\x76\xdb\x9f\x9d\xc5\xbb\x13\xfa\x90\x3b\x1f\x7a\x62\x9e\xa4\
\x79\x8c\x44\xb7\x06\x69\x00\x00\x00\x00\x78\xc1\xaf\xef\x5d\xb4\
\x42\xd2\xec\x6a\xdb\x1f\xf3\xa6\x03\xa6\x33\x8a\x18\xa8\xf8\x8c\
\x34\x00\x00\x00\x00\x00\x04\x69\x00\x00\x00\x00\x00\x08\xd2\x00\
\x00\x00\x00\x00\x10\xa4\x01\x00\x00\x00\x00\x20\x48\x03\x00\x00\
\x00\x00\x40\x90\x06\x00\x00\x00\x00\x00\x04\x69\x00\x00\x00\x00\
\x00\x08\xd2\x00\x00\x00\x00\x00\x10\xa4\x01\x00\x00\x80\x5d\x61\
\x06\x43\x00\x80\x20\x0d\x00\x00\x00\x00\x00\x41\x1a\x00\x00\x00\
\x00\x00\x82\x34\x00\x00\x00\x00\x00\x04\x69\x00\x00\x00\x00\x83\
\xce\x72\x86\x00\x03\x55\x8a\x21\xe8\x5e\xae\x97\xdb\x4b\x52\x10\
\x38\xc9\xdb\x2a\x6d\xda\x9c\x33\xb5\xdf\xdc\x50\xd6\x96\x86\xa2\
\xa9\xc6\xc8\xdd\x5b\x4d\xed\xb3\xd9\x21\x0a\x43\xdb\x14\x8f\xe3\
\xc8\xb8\x37\xbc\xc2\x30\x34\x55\x48\x92\x44\x51\x54\x7d\x3f\xbc\
\xf7\xca\x64\x6a\x4c\x7d\x28\x16\x0b\xea\xc8\x57\x3f\x27\x3a\x3b\
\x3b\x55\x2a\x27\xa6\x3e\x54\xa2\x44\x49\x12\xdb\xf6\x86\x4f\x8c\
\xbb\x33\x91\x37\xf6\x41\xae\x64\xec\x42\x22\x79\x5b\x1f\x52\xe9\
\x8c\xf1\x1c\x13\x2a\x9d\xa9\xb5\xcd\xeb\xb8\xa2\xa8\xd4\x55\xfd\
\x30\xba\x40\xce\x78\x7c\x3b\x39\xb9\xc0\x70\x3f\xd9\x39\x25\x71\
\xc5\xd4\x87\x74\x3a\xad\x86\x6c\x53\xaf\x5e\xb7\x92\x24\x56\x54\
\x29\xdb\xce\x11\x5d\x9d\xa6\xf6\xe5\x62\x49\x95\xb2\xad\x0f\x71\
\x9c\x18\xcf\x0f\x5e\xce\x78\x11\x8e\xe2\x58\xe5\x4a\xf5\x73\xc2\
\x05\x89\x92\x94\x6d\x3b\xba\x0a\x95\x19\x27\x1d\x31\xce\x30\xaf\
\x03\xf9\x54\xcd\x4b\x8d\xcf\x8c\x9d\x58\xcb\x4c\x72\xce\xbc\xa2\
\x99\xd3\xcb\x21\x8c\x00\xd8\x0d\x6e\xfc\xd3\x13\x2b\x18\x05\x0c\
\xdc\x20\xed\x9c\x82\x20\x50\x58\xc5\x62\xc2\xf5\x40\x87\xce\xf8\
\xca\xd7\xaa\x5e\xb0\x27\x7d\x60\x40\x9d\xf7\x92\xbc\xb1\x88\x75\
\x64\xb7\xbe\xfe\xff\x7e\xeb\x5c\x3d\xb9\x74\x71\x55\x15\xe6\x3f\
\xbc\xcc\xd4\x83\xce\x75\x4e\xc5\x75\xb6\x37\x3c\x9c\xf8\x89\xcf\
\x19\x17\x87\x5b\xff\x58\x94\x4a\x05\x53\xfb\x30\x95\x52\x63\x53\
\xa3\xb1\x0f\x15\x75\x74\x54\xbf\x48\x8d\xa2\x58\x23\x76\x1b\x69\
\xea\xc3\xfa\xb5\x6b\xb4\x61\xdd\xda\xaa\xdb\xb7\x6f\xee\xd2\xc6\
\x36\xdb\x4d\x89\x8e\xce\x8a\x79\xa1\xad\x1a\xdb\x9c\x8c\x2b\x65\
\xc5\x91\x2d\x38\xc5\xbe\xc3\x18\x16\x22\xf3\x0d\x85\xa6\xa1\x23\
\x6c\x41\x3a\x0c\x55\x57\x67\x9b\xd7\xe5\x7c\xbb\xa2\x68\x93\x29\
\xcc\x67\xea\xea\x8d\xdb\xe1\x14\x86\x75\xa6\x9b\x1a\x51\x31\x6f\
\xea\x43\xf3\x90\x26\xd5\x4e\x98\x68\x9b\xd7\x77\x3d\x66\xdb\x17\
\xa5\xa2\x3a\x72\xb6\x1b\x9f\xeb\x9f\x7b\xd6\xd4\x7e\xd3\x66\xa7\
\xf6\x36\xdb\xf1\x59\x32\x9e\x1f\xa2\xc8\x2b\x93\xb6\xf5\xa1\xb3\
\xab\x53\xe5\x72\xf5\x37\xcb\xea\xd3\xd2\xd0\xd0\xd6\x87\xd5\x6b\
\xf3\x33\x0a\xa5\x68\x46\xb5\xed\x6b\x6a\x33\x1a\x39\xba\xc1\x76\
\x6c\x05\x4e\x81\x71\x3b\x52\x49\x30\xe7\x92\xdf\x2d\x9c\xc7\x52\
\x1d\xef\x7f\xf3\x6b\xa6\xcb\x05\x73\x2d\x37\x67\x7c\xe2\x15\xc7\
\xc6\x9b\xf1\x72\xf2\x72\xba\xe5\x81\xbf\x39\xf6\x4a\xff\x36\x73\
\xd2\xf8\x66\x2f\x4d\x32\x94\x58\x34\x77\xd1\xd2\xf6\x3e\xf7\x44\
\x7a\xff\x09\x13\xd8\xbb\xdd\xa4\x31\xdb\xcc\x20\x00\x00\x00\x00\
\xc0\x0b\x26\x49\x9a\x6b\x68\x3f\x43\xd2\x3c\x3e\x23\x0d\x00\x00\
\x00\x00\xc0\x4e\x20\x48\x03\x00\x00\x00\x00\x40\x90\x06\x00\x00\
\x00\x00\x80\x20\x0d\x00\x00\x00\x00\x00\x41\x1a\x00\x00\x00\x00\
\x00\x82\x34\x00\x00\x00\x00\x00\x04\x69\x00\x00\x00\x00\x00\x40\
\x90\x06\x00\x00\x00\x00\x80\x20\x0d\x00\x00\x00\x00\x00\x41\x1a\
\x00\x00\x00\x83\xc3\x58\x86\x00\x00\x41\x1a\x00\x00\x00\x20\x48\
\x03\x20\x48\x03\x00\x00\x00\x00\x40\x90\x06\x00\x00\x00\x00\x00\
\x04\x69\x00\x00\x00\x00\x00\xba\x47\x4a\x4a\x18\x85\x01\xca\x27\
\x89\xe2\x38\xae\xaa\x6d\x6d\xca\x99\x5e\x7b\xcf\x3d\xf6\xd0\xe4\
\x29\x63\x4c\x35\xea\x1b\xb2\xa6\xf6\x4f\x2f\x5b\xaa\xa7\x96\x2d\
\x31\xd5\x68\xca\xda\xfa\x50\x89\xca\xca\xe7\x36\x9b\x6a\xb8\xc0\
\xc9\xb2\x37\x4a\xe5\x44\x1b\x37\x96\x4c\x7d\x28\x97\x2b\x4a\x92\
\xea\xcf\x15\x95\x42\x45\xa1\x6d\x4a\xa9\xd4\xd5\xa9\xcd\xeb\xd7\
\x9b\x6a\x0c\xa9\x6f\x31\xb5\x4f\xa2\xb2\xe2\x72\xd1\x78\x64\x56\
\x4c\xad\x43\x17\x28\x15\x66\x6c\xdb\x91\xb6\xed\x8c\x24\x8e\xd5\
\xb1\x65\xa3\xa9\xc6\xfa\x7f\x3e\xa3\x52\x57\x67\xd5\xed\x6b\xea\
\xea\xb5\x7b\x4b\xab\xa9\x0f\x0d\x43\x76\x53\x98\xa9\xa9\xfe\xd8\
\x94\x94\x96\x6d\x5f\x14\x93\x94\x2a\x95\xd0\x36\xa5\xd2\xb6\xe6\
\xf9\xb2\xb4\x7a\xb3\x6d\x4e\x0c\xdd\xb3\xce\x76\x7c\xc7\x15\x95\
\xca\xb6\x63\xa3\x12\x7b\xdb\x79\x2e\xf2\x2a\x96\x6d\x63\x59\x17\
\x65\x14\xb8\x94\x61\x55\xe6\x54\x67\x3c\x59\x8e\x1e\x52\xaf\x28\
\xaa\xfe\x7c\xed\x32\x29\xa5\xeb\x6c\xcf\x59\xbc\xf7\x92\x62\x53\
\x0d\x17\x18\x2f\x1a\xe8\x16\x27\x1f\xf5\xda\xbd\xca\x89\x4e\x4a\
\x8c\xf3\x61\xeb\x9c\xa8\xba\xfd\x58\xc9\x49\xc6\x29\xe1\xac\x91\
\xc7\x4b\x9e\x29\x31\x30\x38\xa7\xee\x38\xc3\xa4\x9c\x93\x9e\xff\
\x53\xd5\x2a\x02\x7d\x37\x48\xfb\xea\x8f\xf8\xd0\x78\x01\x6b\xa8\
\xaf\xd3\xb0\xe1\xc3\x6d\x93\x33\x65\x5b\x1d\x16\x0b\x05\x6d\xde\
\x60\x0b\x5e\xce\xdb\x16\x02\xc5\x62\x97\x36\xac\x5f\x65\xaa\xd1\
\x3c\x64\x98\x32\x99\xea\x17\xeb\xe5\x52\xa2\x62\xc9\x76\xf5\x28\
\x14\x2a\x4a\xe2\xea\x6b\x24\xe5\x48\xd6\x35\x51\x12\x47\xaa\x94\
\x4a\xd6\x83\xc2\xd8\x3e\x91\x8c\x73\xc2\x7a\x19\x0e\x9c\x14\x38\
\xdb\x22\xd7\x05\xc6\x45\x72\x1c\x2b\xae\xd8\x12\x47\xa1\x33\xaf\
\x42\x47\xde\x34\x1f\xa2\xca\x08\xe3\x9e\xf0\xe6\xb1\x08\x8c\xed\
\x5d\x18\xc9\x5b\x82\x97\x64\x7e\x6f\x59\x94\x38\x15\x2b\xc6\x9b\
\x2b\xce\x76\x33\x20\x56\xa4\xc4\x78\x7c\x9a\x0f\x6f\x2f\x25\x89\
\x33\xd6\x70\x92\xaa\x1f\x0b\xe7\xb7\x2d\xcc\x0c\x6a\xd3\x29\x25\
\x61\xf5\xe7\x6b\x9f\x0e\x25\xe3\xcd\xf4\x24\xf1\xf2\xc6\xd0\xe2\
\xfa\xc0\x1a\xf3\xd4\x77\xbc\xee\x5c\x49\xb3\x2c\xe7\x18\x83\x59\
\x57\xde\xfe\xd7\xd9\x7d\x60\x39\x39\xd6\x32\x06\xdd\x93\x79\x9c\
\x7d\x52\x38\x6f\x9e\x53\x7e\xdb\x31\x8a\x81\x90\xa3\xbb\xe7\x04\
\xc3\x5b\xbb\x01\x00\x00\x00\x00\x20\x48\x03\x00\x00\x00\x00\x40\
\x90\x06\x00\x00\x00\x00\x80\x20\x0d\x00\x00\x00\x00\x00\x41\x1a\
\x00\x00\x00\x00\x00\x82\x34\x00\x00\x00\x00\x00\x20\x48\x03\x00\
\x00\x00\x00\xb0\x13\x52\x7d\xad\x43\x97\x7c\xf3\x02\xfd\x63\xc9\
\x92\xaa\xda\x96\x25\x59\x7f\x6b\x3d\x30\xfe\x38\x76\xe0\x63\x39\
\xe3\x8f\x59\x3a\xe3\x0f\xee\xc6\x49\x45\x5e\x89\x96\x2d\x79\x82\
\x19\x0e\x00\x00\x00\x00\x03\x3d\x48\xff\x63\xc9\x12\xfd\xf5\xa1\
\x05\x55\xb5\x2d\x78\x7b\x90\x0e\x9d\xed\x21\x7d\x18\x47\x72\xea\
\xdd\x20\x1d\x25\x25\x79\xf3\x48\x00\x00\x00\x00\x00\x5e\x0a\x6f\
\xed\x06\x00\x00\x00\x00\x80\x20\x0d\x00\x00\x00\x00\x00\x41\x1a\
\x00\x00\x00\x00\x00\x82\x34\x00\x00\x00\x00\x00\xfd\x49\x8a\x21\
\x00\x00\x00\x00\xd0\xc7\xcd\x91\xb4\x9c\x61\x40\x9f\x0a\xd2\x7e\
\xdb\x9f\xbe\xc1\xcb\x57\xfb\xf3\x51\xde\xb6\x1d\x4e\x4e\xde\x79\
\x63\xef\x65\x1a\x4d\x27\x67\xde\x19\x71\xe2\x95\x18\x7f\x82\xab\
\x65\xf7\x61\xa6\xf6\x4d\xcd\xcd\xaa\xad\x6b\x30\xd5\xe8\xea\x68\
\x37\xb5\xaf\x94\x8b\xd5\xcf\xa5\x6d\x0a\x85\x2e\xf3\x8c\xde\x6d\
\xe4\x28\x53\xfb\x4c\x4d\x8d\x82\xc0\xf0\xe6\x11\x17\x2b\x0c\x8b\
\xb6\x3e\xa4\xd3\x4a\xc2\xea\xbf\x09\xbe\x12\x4b\xf9\x8a\x6d\x1c\
\xcb\x95\x44\x51\x64\x2b\x12\x47\x65\xdb\xf1\x9d\xc4\x92\xf1\x27\
\xf2\x7c\x62\xfb\x46\xfd\x64\xeb\x59\xd2\x36\x0e\x15\x67\x3c\xb6\
\x4a\x2a\x74\x76\x98\x6a\x38\x49\xa9\x54\xf5\xf7\x72\xc3\x30\x34\
\x1f\xdf\x1b\xd7\xaf\x97\x37\xfc\x52\x43\x18\x04\xaa\xad\xab\x31\
\xf5\xa1\xbd\xbd\xa8\xf6\x9c\xed\xf8\x2c\x47\xb6\x71\x28\x96\xa5\
\xd0\x78\x9e\x2b\x16\x0b\xc6\x63\xd3\xfe\x4b\x13\x71\x6c\x3c\xb6\
\x12\xb7\xf5\x1a\x6c\x10\x04\x81\x02\x57\x7d\x0d\x17\xc8\x3c\xaf\
\xbd\xf7\x4a\x0c\xe7\x19\xe7\x43\xd3\x36\x48\x92\x77\xce\x7c\x9e\
\xea\x0b\x9c\x71\x1c\x64\x5c\x13\xe2\xbf\x26\xf7\x9c\xeb\xef\x5b\
\x34\x8f\x81\xe8\x5d\x47\x1d\xf2\xea\xbd\x24\x9d\x64\xb9\x21\x72\
\xd7\xc3\x8f\xaf\xe8\xe5\xcd\x68\x93\x34\xd7\xd8\xfe\x45\x4f\xa4\
\x5d\x5f\x39\x46\xb6\xfe\xa9\xb6\xad\x31\xc2\xcb\x5b\x17\xc9\xc6\
\x0a\x5b\xdb\xdb\xfa\x50\x2a\x7b\x45\xc6\xc5\xfa\x8c\x37\x4f\x31\
\xb5\x7f\xf5\xf8\xd1\x1a\x35\xa6\xc5\x54\xe3\x99\x65\x7f\x35\xb5\
\xdf\xb2\x69\x9d\xe2\x38\x36\xd5\x58\xb3\x6a\x95\xa9\xfd\xc8\x51\
\xa3\x74\xf8\xdb\xde\x61\xaa\xb1\x61\xed\x73\x2a\x95\xaa\x5f\xa4\
\xe6\xf3\x25\xb5\xe7\x37\xd8\xe6\x75\x5d\xad\xed\x6c\xb5\xa5\xa0\
\x75\xb9\x9c\xad\x46\x47\x59\x85\xce\xbc\x6d\xb1\xdf\x69\xbb\x39\
\x13\x84\xa1\xc2\x30\x65\x3c\x3e\x6d\x61\x3e\xf1\x89\x79\x81\x5a\
\xee\xb2\x9d\x1f\x0a\x9d\x1d\x5a\xb3\xfc\x19\x53\x8d\xfa\xba\x8c\
\x1a\xb3\x8d\x55\xb7\x4f\xa5\x33\x4a\x12\xdb\xf1\xfd\xe0\xbc\x7b\
\xb5\x71\xc3\xa6\xaa\xdb\xd7\xd5\xd5\xa8\x75\x8f\x91\xb6\xf3\x54\
\x5b\x59\x5b\xda\x6c\x37\x88\xda\x3b\x6d\xfb\xb3\xa3\x43\x0a\x8d\
\xd7\x9d\xbd\xd6\xae\xb5\x1d\x9b\x95\x06\x85\xa1\xed\xe6\x6b\xa1\
\x64\x9b\x0f\xe5\x38\x50\x2a\xcc\x98\x6a\x64\x52\x69\x65\x32\xd5\
\xd7\x48\x85\x89\x24\xdb\x7c\x88\xa2\xd8\x74\xed\x0b\x53\xa1\x6a\
\x33\xb6\x71\xa8\x54\x22\x45\x3e\x32\xde\x94\xe8\xfd\x85\x69\x2a\
\x65\xbb\xc5\xe4\xbd\xef\xf7\x37\x14\x9c\xdb\xba\x2a\xb5\xee\x0d\
\xf3\x38\x78\xdf\x77\xc2\xca\x60\xbf\x9f\x91\xf8\xb1\x92\x66\x19\
\x4a\xcc\x95\xd4\xab\x41\xfa\xbe\x47\x17\x3f\x26\x69\xa6\xb5\x0e\
\x9f\x91\x06\x00\x00\x00\x00\x80\x20\x0d\x00\x00\x00\x00\x00\x41\
\x1a\x00\x00\x00\x00\x00\x82\x34\x00\x00\x00\x00\x00\x04\x69\x00\
\x00\x00\x00\x00\x08\xd2\x00\x00\x00\x00\x00\x80\x20\x0d\x00\x00\
\x00\x00\x00\x41\x1a\x00\x00\x00\x00\x00\x82\x34\x00\x00\x00\x00\
\x00\x04\x69\x00\x00\x00\x00\x00\x08\xd2\x00\x00\x00\x00\x00\x10\
\xa4\x01\x00\x00\x00\x00\x00\x41\x1a\x00\x00\x00\x00\x00\x82\x34\
\x00\x00\x00\x00\x00\x3d\x23\xc5\x10\x00\x00\x00\x00\x00\x76\x40\
\x9b\xa4\xb9\xc6\xf6\x03\x25\x48\x7b\x39\xe7\x25\xf9\x2a\x9a\xfb\
\x6e\xef\x90\xdf\xf6\x4f\x75\x9c\xf1\xd5\x9d\x9c\x77\xd6\x0a\xf6\
\x61\x71\xdd\x30\x8e\xc6\x3e\xa4\x52\x69\x53\xfb\x52\xa1\x4b\x9b\
\x37\xac\x36\xd5\x58\xbb\xc6\xd6\xbe\xa6\xa6\x56\xfb\x8d\x9b\x60\
\xaa\xb1\xf8\x6f\x7f\x35\xb5\xcf\xa4\x33\x4a\xa7\x33\xc6\xf9\xe0\
\xe4\x93\xa4\xea\xe6\x71\x9c\xa8\x50\xb0\x4d\x88\x42\xa1\xa4\x24\
\xae\xbe\x0f\xc5\xae\x92\xb2\xb5\xb6\x3e\xd4\x65\x42\xa5\x8c\x63\
\xe9\x93\xb2\x6d\x5e\x17\xcb\x8a\x2a\xb6\x1a\x75\xb5\x35\xa6\xf6\
\x61\x98\x96\x0b\x43\x53\x8d\xc8\x77\xd8\xc6\x31\x8a\xd4\x95\xcb\
\x99\x6a\x64\xb3\x23\x55\x53\x57\xfd\x58\x64\x1a\xb2\x6a\xda\x73\
\x3f\x53\x1f\x0e\x38\x34\xa5\xae\xce\xce\xea\xc7\xb1\xdc\xa5\x8e\
\xcd\xab\x4c\x7d\xe8\xac\x94\xb4\xae\xad\x64\x3b\x47\x84\xd6\x7b\
\xe2\x89\xf9\x7a\xbe\xb9\x33\x31\xce\xeb\x40\xa1\xf1\xf8\x2e\xc5\
\xb6\x51\xa8\x24\x32\xaf\x01\x7c\x22\x79\x43\x3f\xa2\x24\x56\xdb\
\x66\xdb\xf1\x99\x49\x05\x4a\x07\xa1\x65\x3a\x2c\x97\x34\xa7\xca\
\xd6\x8b\x24\xb5\x39\x97\x5c\xe2\x9c\x9f\x64\xba\xf4\x05\xe1\x49\
\x5f\x7a\xff\xa1\x33\xaa\x5f\x07\x79\x79\xd9\xe6\x65\x21\x0e\xe4\
\x95\xcc\xea\xa5\x35\xfa\x5c\xf5\x0d\xcb\x25\xcd\xea\x43\x7d\x41\
\x2f\xbb\xfb\xd1\x27\x1e\x93\x34\x93\x91\x90\x52\xce\xfd\x6b\xad\
\x3e\x40\x38\x53\x4b\x67\x4d\xb1\xde\x75\xc3\x16\xf4\xfe\xce\xb0\
\x86\xbf\x72\xb1\x4b\x9b\x37\xb4\x9b\x6a\xac\x5b\xb3\xc6\xd4\x7e\
\xec\xab\xc6\x69\xec\xde\xe3\x4c\x35\x9e\x5a\xf2\x84\x31\x48\xd7\
\x28\x93\xa9\x31\xcf\x68\x6f\xb8\x33\x12\xc7\x5e\xc5\xa2\x6d\x3e\
\xb4\xb5\x97\x55\xa9\x54\x0c\xab\xc3\x8a\x9a\x6a\x6d\x7d\xa8\xab\
\x09\xed\x37\x25\xac\x41\xba\xab\x5d\x5d\x79\xdb\xbc\x6e\x18\xbd\
\x97\xed\xa4\x1d\xa4\x95\xca\xd8\x06\xb3\x60\x0d\xd2\x95\x58\x5d\
\xb9\xbc\x2d\x38\xed\x35\x4a\x35\xf5\xd5\x1f\x1b\xb5\xcd\xcd\xf6\
\x20\x3d\x72\x8c\x64\xb8\x49\xb5\x65\xfd\x6a\x3d\x3a\xef\x36\x63\
\x90\xf6\x5a\xd7\x6e\x9b\x97\x4a\x59\x83\x74\x24\x39\x5b\x0a\xb5\
\x06\xe9\x6c\x43\xa0\xa6\x3a\xdb\xb9\xb2\x64\xeb\x42\xb7\x04\x69\
\x25\x6e\xeb\x9f\x6a\xf7\x44\x9c\xa8\xbd\xd8\x69\xea\xc2\xa8\x61\
\x8d\xaa\xb5\xdc\x0c\x4f\xb4\xfc\x9b\x57\xfd\x71\xb6\xa5\x0f\x5f\
\x3c\x69\x6a\x5b\x10\xd8\x6e\xce\xb8\x20\x18\x2b\x69\xac\xed\xae\
\x86\x6d\x7f\x06\x0a\xe6\xfe\xf0\xe6\xf9\xb3\x35\x88\x5d\x75\xe7\
\xa3\x2b\x24\x0d\xea\x31\x00\xb6\x7f\x8e\x00\x00\x00\x00\x00\x00\
\x04\x69\x00\x00\x00\x00\x00\x08\xd2\x00\x00\x00\xe8\x39\xb5\xa9\
\x19\x0c\x02\x00\x10\xa4\x01\x00\x00\x00\x00\xe8\x56\xa6\x6f\x28\
\x59\xb6\x6c\xf1\x0b\x89\xdc\xfa\x05\x1d\x7e\xeb\x77\x86\xe6\x8d\
\xdf\x04\x0b\x00\x00\x80\xde\xe3\x9c\x1b\xcb\x28\x00\x20\x48\xbf\
\x8c\xef\x7d\xfb\xbc\x7f\xfd\xff\x35\x65\xdb\xcf\xb1\x78\xdf\x13\
\x3f\xa6\x05\x00\x00\x00\x82\x34\x00\x74\x2f\xde\xda\x0d\x00\x00\
\x00\x00\x00\x41\x1a\x00\x00\x00\x00\x00\x82\x34\x00\x00\x00\x00\
\x00\x04\x69\x00\x00\x00\x00\x00\x08\xd2\x00\x00\x00\x00\x00\x10\
\xa4\x01\x00\x00\x00\x00\x00\x41\x1a\x00\x00\x00\x00\x00\x82\x34\
\x00\x00\x00\x00\x00\x3d\x23\xc5\x10\xec\xb8\xc6\x6c\x56\xe3\x26\
\x4c\x78\xd9\xbf\x13\x24\xb1\xe4\xbd\x1e\x5d\xb8\x80\x01\x03\x00\
\x00\x00\x80\x81\x18\xa4\x9d\x73\x72\xce\xc9\xc9\x99\x0a\x39\x17\
\x18\xdb\xdb\x37\x26\x48\x24\x59\xb7\x23\xd8\xda\xfe\xe0\xc9\x53\
\x74\xf0\x94\x29\xda\x7f\xfc\x78\xb5\xb4\xb4\xbe\x62\x80\xde\x9e\
\x47\x16\xcc\xd7\x9a\x55\xab\xf4\xc8\x82\xf9\x7a\x72\xc9\x12\xfd\
\x63\xe9\x92\x57\x6c\xe3\x8d\xdb\x50\x57\x13\xa8\xd6\x38\x96\x7f\
\x79\x60\xbe\xa9\xfd\x81\xfb\x34\xaa\x6e\x9f\x46\x53\x8d\xc6\x46\
\x5b\xfb\x62\xb1\x53\xab\x9e\x7b\xc6\x54\x63\xda\x9b\xde\x64\x6a\
\x5f\x2e\x17\xb5\xf0\x81\xbb\x4d\x35\xd6\xaf\x5b\xa7\x52\xa9\x54\
\x75\xfb\xae\x82\x53\x5b\x5b\x68\xea\xc3\x73\xeb\xda\x55\x28\x45\
\xd5\xef\xcb\x94\xd7\xbe\xcd\xb6\x79\x5d\x5b\x13\x2a\x95\xce\x98\
\x6a\x34\x34\xef\x6e\x6a\xdf\xd5\xd1\xa5\x42\x47\xde\x54\x23\xb7\
\x65\xbd\xa9\x7d\x7d\xb6\x59\x0d\xa1\x6d\x2c\x9f\x7b\x72\x89\xa9\
\x7d\x2a\x9d\xd6\x81\x93\x0f\x36\xd5\x18\xb9\xd7\x5e\xaa\x6d\x68\
\xa8\xbe\x40\x98\x56\xdc\xbe\xc9\x76\xcd\x68\x1c\x26\x97\xaa\x7e\
\x4e\x35\x8d\x0a\x75\xc8\x9b\x8e\x34\xf5\x61\xdc\xc1\x29\x1d\x59\
\x48\x9b\x6a\x5c\xf9\xa3\x9f\xd8\x8e\xad\x54\xa4\xba\x74\x6c\xaa\
\x31\x6a\xb4\xed\xd8\x0a\x5d\xbd\x52\xce\x76\x6f\x3f\x31\x5e\xf7\
\xbc\x73\x0a\x03\xdb\xb9\xb2\x5c\xae\x28\x89\x7d\xf5\xe3\x10\x97\
\xe5\xcb\xb6\x2d\xd9\xb7\xb9\x49\x43\x9b\xea\xab\x6e\x1f\x85\x32\
\x7b\x7e\x6d\xd9\x9b\xeb\xc2\x24\xf1\x8a\x0d\xfb\x42\x92\x92\x28\
\x11\x00\x6c\x77\x3d\xc4\x10\x6c\x95\xcd\x66\x35\xf3\x88\x23\x35\
\xf3\xc8\x23\x35\xf3\xf0\x23\xba\xad\xee\xc1\x53\xa7\x49\x92\xde\
\x79\xcc\xfb\x24\x49\xf9\x5c\x4e\xf3\xee\xb9\xfb\x5f\x7f\x00\x00\
\x00\x00\x00\x04\xe9\x7e\x65\xe6\xe1\x47\xe8\xe8\x63\x8e\xd1\xcc\
\x23\x8e\xdc\x25\xaf\x97\x6d\x6a\xd2\x3b\x8f\x79\x9f\xde\x79\xcc\
\xfb\xfe\x15\xaa\xff\x6f\xce\xd5\x3b\xf4\xa4\x1a\x00\x00\x00\x00\
\x40\x90\xee\x35\x47\xbf\xf7\x18\x9d\xf6\x99\xd3\xd5\x32\x66\x4c\
\xaf\xf5\xe1\xc5\xa1\xfa\x91\x05\xf3\xf5\xb3\x1f\x5c\xca\x67\xab\
\x01\x00\x00\x00\x80\x20\xdd\xb7\xcc\x3c\xfc\x08\x7d\xe9\xec\xaf\
\xf6\x6a\x80\x7e\x29\x07\x4f\x9d\xa6\x83\xa7\x4e\xd3\x23\x0b\xe6\
\xeb\x8a\x1f\xfe\x80\x40\x0d\x00\x00\x00\x00\x04\xe9\xde\xd5\xd2\
\xda\xaa\xf3\xbe\x79\x91\x0e\x99\x3a\xb5\x4f\xf7\xf3\xf9\x40\xfd\
\xab\x9f\x5f\xad\x9f\xfd\xe0\x52\x75\xe4\xf3\xcc\x52\x00\x00\x00\
\x00\xe8\x43\x06\xc5\xef\x48\x1f\x7f\xc2\x89\xba\xfe\xe6\x5b\xfb\
\x7c\x88\x7e\xb1\xe3\x4e\x3c\x59\x37\xdf\x37\x4f\xaf\x9b\x32\x95\
\x59\x0a\x00\x00\x00\x00\x04\xe9\x5d\x23\x9b\xcd\xea\xe2\xcb\x7e\
\xa4\x2f\x7d\xf5\x6b\xca\x36\x35\xf5\xbf\xfe\x37\x35\xe9\xc7\xd7\
\x5c\xa7\xcf\x9f\xfd\x55\x66\x2a\x00\x00\x00\x00\x10\xa4\x7b\xd6\
\xb8\xf1\x13\x74\xc5\x35\xd7\xee\xb2\x6f\xe3\xee\x49\xc7\x9d\x78\
\xb2\x7e\xf4\x8b\xeb\xd4\x98\xcd\x32\x63\x01\x00\x00\x00\x80\x20\
\xdd\x73\x21\x7a\xdc\x84\x89\x03\x66\x9b\x0e\x9e\x3a\x55\x3f\xbe\
\xe6\x3a\x8d\x6e\x6d\x65\xd6\x02\x00\x00\x00\x00\x41\xba\xfb\x43\
\x74\x7f\x7c\x2b\xf7\x2b\xd9\x7f\xc2\x44\x5d\x73\xf3\xef\xb4\xdf\
\xf8\x09\xcc\x5c\x00\x00\x00\x00\x20\x48\x77\x43\x88\x9e\x30\x70\
\x43\xf4\xf3\x9e\xff\xdc\x34\x61\x1a\x00\x00\x00\x00\x08\xd2\x26\
\xfb\x8d\x9f\xa0\x9f\xfe\xe2\xba\x01\x1d\xa2\x5f\x1c\xa6\xbf\x7d\
\xd9\x8f\xf9\xcc\x34\x00\x00\x00\x00\x10\xa4\xab\xd3\x98\xcd\xea\
\x87\x3f\x1f\x1c\x21\xfa\x79\x2d\x63\xc6\xe8\xc7\xd7\xf0\x05\x64\
\x00\x00\x00\x00\x40\x90\xae\xc2\x60\x0b\xd1\xcf\xdb\x7f\xc2\x44\
\x7d\xfd\x5b\xdf\x66\x16\x03\x00\x00\x00\xc0\x2e\x94\xea\xef\x1b\
\xf0\xb9\xb3\xbe\xaa\xfd\x07\xd0\xb7\x73\xef\xac\xe9\x47\x1c\xa9\
\x63\x4f\x38\x49\xd7\xff\x62\x0e\xb3\x19\x00\x00\x00\x18\xa0\xde\
\x36\x65\xe2\xb9\xd6\xe7\xa0\xde\x7b\x53\xfb\x24\x91\xbc\xd7\x9c\
\xbb\x1f\x7d\x62\x05\x41\x3a\x96\xdc\xb6\x7f\x2c\x4a\x89\x6d\xa7\
\x38\x27\x05\xc1\xce\x4d\x8c\x83\x27\x4f\xd1\xb1\x27\x9e\x3c\xe8\
\x0f\xaa\x33\xbf\xfa\x35\x3d\xbc\xf0\x2f\x5a\xb6\xe4\x89\xad\x3b\
\xd5\x3b\x39\x85\xa6\x9a\x1b\xd7\xe7\x4c\xed\x9f\x71\x25\x25\x5d\
\x1d\xa6\x1a\xaf\x9d\xf4\x6a\x53\xfb\x7c\x6e\x93\xd6\x6f\x78\xd6\
\x54\x63\xfc\x01\xe3\x6c\x3b\x27\x0c\xd4\xd8\xbc\xbb\xa9\xc4\xb3\
\xcb\xd7\xaa\xbd\xad\x50\x75\xfb\xce\x72\xa8\x35\xa5\x3a\x53\x1f\
\x36\x55\xbc\x8a\x51\x52\xfd\x49\x3b\x94\x52\x19\xdb\x50\x06\xa9\
\x44\x0a\x2a\xb6\x93\x7f\x2a\xb2\x9d\xa7\x6a\x03\x85\xd9\x1a\x53\
\x8d\x72\x64\xeb\x43\xaa\x5c\x51\x58\x2a\x99\x6a\x34\x0e\xb1\x7d\
\x24\x24\x8e\x63\xe5\xb6\x6c\xb2\x5d\x33\xa2\x76\x85\xa9\xea\x17\
\x03\xde\x85\xf2\xa1\x6d\x5e\xd7\x64\xb2\x0a\x83\x74\xf5\x73\xd2\
\x27\x5b\x2f\xa2\x96\x63\x6b\x7d\xa7\xd6\xae\xef\x32\xd5\x68\xf6\
\x65\xdb\xbc\x56\x22\x29\x31\xd5\x78\xd5\xbe\xc3\x4d\xed\xd7\xae\
\x8b\xb5\x6e\xbd\x6d\x3b\x3a\x13\xdb\x3a\xa6\xac\x40\xe9\xc0\x76\
\xed\x4c\xc9\x29\x54\xf5\xeb\xa1\x20\x94\x5c\x9d\xad\x0f\x49\x63\
\x9d\xe2\xc6\xfa\xea\xdb\x2b\xd6\xec\x4f\xbc\xe1\xfe\x1d\x3f\x16\
\xdd\x8c\xff\xfc\x6f\x95\x38\x39\xa3\x2c\x2d\x1a\x00\x4b\xac\x36\
\xa2\x1b\x5e\xec\x3d\x6f\x3c\xd0\x14\x78\xa2\x28\x9a\x75\xdb\xfc\
\xc5\xb3\xab\x3e\x47\x04\x6e\x96\x37\x66\x36\x67\x1c\x03\x2f\xaf\
\x38\xf6\x73\x25\x11\xa4\x95\x38\x39\xe7\x14\x38\xdb\xdd\x8d\x82\
\xf1\xee\x86\x93\x53\x6a\x27\xfa\xd0\x98\xcd\xea\x9c\x0b\x2f\xe2\
\x88\xde\xe6\xdc\x6f\x7e\x47\xc7\xbe\xfb\xa8\xad\x8b\x43\x1f\x2a\
\x65\x3c\x4c\x36\x6d\xc8\xdb\x2e\xe4\x5d\x1d\x6a\xdb\x60\x9b\x53\
\x33\x8f\x7c\x8f\xa9\xfd\xba\x8d\x5b\xf4\xf4\xb3\xb6\x20\xbd\xef\
\xc4\xbd\x6d\x39\x3a\xcc\x28\xdb\xb8\x9b\x6d\x71\x58\x58\xa4\xcd\
\x5b\xaa\x0f\xd2\xf9\x28\xad\xb5\xe5\x5a\xdb\x7c\x88\xbc\xca\x51\
\xf5\xc7\x78\x3a\x23\xa5\x6a\x6c\x73\x32\x48\x27\x52\x60\x0b\xa1\
\x49\xda\x16\x7a\x54\x17\x28\xcc\xda\xc6\xb2\x92\xb3\xf5\xa1\x54\
\xa9\x28\x28\xdb\x02\x47\xe3\x10\xdb\x47\x61\x0a\x9d\x1d\xda\xb8\
\x76\xa5\x6d\x3b\xd6\xaf\x53\x92\x54\x7f\x43\x20\x49\xa4\xa8\x62\
\x9b\x53\x59\xd5\x29\x6d\xb8\xe9\x58\x53\x5b\xa7\x91\x2d\x7b\x9a\
\xfa\xb0\xf9\xe9\x35\x5a\xf1\xcc\x1a\x63\x90\xb6\x4d\xeb\xb2\xbc\
\xca\xc6\x95\xd5\xde\xc6\x20\xbd\xa5\xab\x5d\x1b\x96\xb7\x9b\x6a\
\x74\x79\xdb\x35\x27\x76\x81\x32\xa1\x31\x48\x3b\xdb\xb3\xa2\x20\
\x70\x72\xb5\xb6\x3e\xf8\xc6\x5a\x25\xd9\x86\xea\xdb\x47\x25\x05\
\x1d\x1d\x33\x4c\xd7\x3e\x69\xd1\x37\xae\x79\x68\x1e\xab\xb3\xde\
\xf7\xb1\xb7\x1d\x78\xae\xf7\x7e\x96\xe9\xba\x15\x3b\x55\x19\xde\
\xe6\x4a\x5b\x9f\x80\x5e\x77\xcf\xdf\x66\x0e\x84\xf1\x0c\x8c\x1f\
\x8a\x0d\x43\xe3\x5a\x28\xa8\x7a\x5f\xbc\x90\xb9\x9c\xad\x7d\x9c\
\xc4\xf2\xf2\x1c\x5c\xea\xc7\x9f\x91\x3e\xfe\xa3\x27\xaa\xa5\x75\
\x0c\x7b\x70\x9b\x71\x13\x0f\xd0\xf1\x27\x9e\xca\x40\x00\x00\x80\
\xde\xc6\x93\x5c\x48\xd2\x8c\x17\xfd\x01\x08\xd2\x7d\xc1\xe8\x96\
\x56\x7d\xf8\xa3\x27\xb2\xf7\xfe\xc3\x69\x9f\x3d\x53\xd9\x6c\x13\
\x03\x01\x00\x00\x7a\xcd\x39\x57\x3c\xf8\x18\xa3\x00\x80\x20\xdd\
\x07\x7d\xf2\x7f\x3e\x33\x28\xbf\xa5\xfb\x95\x64\x9b\x9a\x75\xda\
\x67\xcf\x64\x20\x00\x00\x00\x00\x80\x20\xfd\x82\xd1\x2d\xad\x3a\
\xfa\x3d\xc7\xb0\xe7\xb6\xe3\xf8\x93\x3e\xce\x5b\xde\x01\x00\x00\
\x00\x80\x20\xfd\x82\xa3\xdf\xf3\x5e\xf6\xda\x2b\x78\xc7\xfb\x3e\
\xc0\x20\x00\x00\x00\x00\x00\x41\x7a\x2b\x3e\x1b\xfd\xca\xde\x7f\
\xf2\x29\x0c\x02\x00\x00\x00\x00\xf4\x90\x54\x7f\xea\xec\xbb\xde\
\xfd\xde\x5e\xfb\x6c\xf4\xc2\x85\x0f\x6a\xe9\x92\x27\x94\xcf\xe7\
\xf4\xd0\xc2\x07\xb7\xfb\xf7\x6a\xe4\x74\xc8\x94\x43\x95\xcd\x36\
\x69\xbf\x09\x13\x75\xf0\x94\x43\x77\x79\x5f\xb3\x4d\xcd\x7a\xeb\
\x31\xef\xd7\x1d\x37\xde\xc0\x0c\x07\x00\x00\x00\x80\xc1\x1c\xa4\
\x67\x1c\x7e\xc4\x2e\x7b\xad\x5c\xae\x5d\xf7\xdd\x7b\xa7\xee\xbd\
\xe7\x4e\xdd\x77\xef\x5d\x3b\xdc\xae\x4e\x4e\x8b\x1e\x5a\xf0\x6f\
\xff\xed\xcd\x87\x1f\xa5\xe9\xdb\xfe\x64\x9b\x9a\x77\x49\xff\xdf\
\x74\xe4\x51\x04\x69\x00\x00\x00\x00\x18\xcc\x41\xba\x31\x9b\xd5\
\xcc\x5d\x10\xa4\x73\xb9\x76\x5d\xf3\x8b\x2b\x75\xcd\xcf\xaf\x54\
\x3e\x9f\xeb\x96\x9a\x7f\xbc\xf7\x2e\xfd\xf1\xde\xbb\x74\x71\xb6\
\x49\xc7\x9d\x70\x8a\x8e\x3b\xe1\x94\x1e\x0f\xd4\x6f\x3a\xea\x2d\
\x6a\xcc\x36\xa9\xa3\x9b\xb6\x01\x00\x00\x00\x40\xaf\x5a\x24\x69\
\x12\xc3\xd0\x37\xf4\x9b\xcf\x48\x1f\x32\x79\x4a\x8f\xbf\xc6\xbd\
\xf7\xdc\xa9\xa3\x0e\x7f\xbd\x7e\xf4\xc3\x8b\xbb\x2d\x44\xbf\x58\
\x47\x3e\xa7\x2b\x2e\xbb\x44\xef\x39\xe2\x8d\xfa\xd5\xcf\xaf\xec\
\xf1\xed\x79\xe3\x91\x47\x31\xc3\x01\x00\x00\xd0\x6b\x9c\x73\x73\
\x19\x85\x6e\x1b\xcd\x36\xc6\x80\x20\xbd\xd3\x0e\x9e\x3c\xb5\x47\
\xeb\x7f\xf5\x2b\x67\xea\xb3\x9f\x39\xb5\x47\x02\xf4\x4b\x05\xea\
\x8b\xbf\x75\x9e\xce\xfb\xca\x17\x7a\xf4\x75\x5e\x3b\x6d\x1a\x33\
\x1c\x00\x00\x00\x00\x06\x6b\x90\x3e\x64\x4a\xcf\x3d\x91\xfe\xea\
\x57\xce\xd4\x2d\x37\xfd\x66\x97\x6f\xd3\xed\x37\xdf\xa0\x4f\x9d\
\x70\x6c\x8f\xd5\x9f\x34\x95\x20\x0d\x00\x00\x00\x00\x83\x36\x48\
\x8f\x1b\x3f\x61\x40\x85\xe8\xe7\x3d\xfa\xd0\xfc\x1e\x7b\x32\x3d\
\x7a\xcc\x1e\x1a\xd5\x3a\x86\x59\x0e\x00\x00\x00\x00\x83\x2d\x48\
\x1f\xdc\x43\x9f\x8f\xbe\xf9\xa6\x5f\xf7\x6a\x88\x7e\xde\xed\x37\
\xdf\xd0\x63\x9f\x99\x1e\x35\x86\x20\x0d\x00\x00\x00\x00\xdd\xa9\
\x5f\x7c\x6b\x77\x4b\x4b\x6b\xb7\xd7\xcc\xe5\xda\x75\xd1\x85\xb3\
\xfb\xcc\x36\x5e\xfc\xad\xf3\xf4\xe6\x23\x8e\x52\x4b\xeb\x1e\xdd\
\x5a\xf7\xb5\x53\xa7\x69\xd1\x82\xf9\xcc\x74\x00\x00\xb0\xa3\x66\
\x19\xda\x8e\x3d\xff\xd4\x43\xef\xb7\x76\xa0\x5c\x0c\xad\x25\xe6\
\x9c\x7f\xed\x9f\x7f\xce\xae\x04\xd0\x63\x41\x3a\x93\x4a\x49\x4e\
\x4a\xe4\x7b\xb5\x23\xde\x7b\xc5\x71\xfc\x92\xff\xdb\xa8\x96\x96\
\x6e\x7f\xbd\xeb\xae\xb9\x4a\x9d\x9d\x79\x05\x81\xfb\xb7\xff\xee\
\xe4\x4c\x75\xa3\x38\x56\x9c\x54\xd7\xf6\x27\x97\xfe\xaf\xce\xbb\
\xe8\xe2\x6e\xdd\xce\x96\x3d\xf7\x54\x26\x9d\xde\xf9\x89\x51\x89\
\x4c\xaf\x3b\xb4\xb9\x56\x7b\xee\x5e\x67\xaa\x91\x6f\xdf\x62\x6a\
\x3f\xf1\xd5\x07\xe8\x0d\xd3\x0f\x36\xd5\xb8\xf7\x8e\x5b\x6c\xf3\
\xa1\x92\xa8\x23\x67\x1b\xcb\x7f\xae\x6a\x57\x57\xc1\x30\x8e\x51\
\xa4\xb6\x0e\xe3\x97\xe8\xf9\x44\xe9\x54\xf5\x8b\x1a\x27\xaf\xce\
\xce\xd8\xd6\x05\xa5\x55\xdb\xd0\x60\xaa\xd1\x91\xb3\x7d\xd9\x65\
\x3a\x53\xab\x91\x2d\x63\x4d\x35\x36\x75\xfc\xd3\xd4\xbe\x52\x29\
\x29\xe9\xb0\x8d\x65\x6d\x68\xbb\x87\x5a\x53\x5b\xa7\x11\xbb\x8f\
\x34\xd5\xd8\x73\xd2\xbb\x55\x3f\x74\x78\xf5\xc7\x56\xb1\x43\x85\
\x75\x4f\x99\xfa\x50\x5a\xb7\x45\x49\xa9\x52\x75\xfb\x42\x67\xa7\
\xfe\xf9\xd4\x93\xa6\x3e\x34\x0f\x19\xad\x37\xcd\x9c\x6e\xaa\x31\
\xf7\x9e\x79\xa6\xf6\x0d\xc3\xa4\xda\xdd\x6c\x6b\x80\x67\x9f\x5e\
\x6c\x6a\xbf\x7e\x9d\x53\x67\x87\xf1\xfa\x9b\x24\xa6\xf6\xb1\x62\
\x95\x7d\xc5\x54\xa3\x5c\x29\x9b\x56\x11\x99\x8c\x57\x43\xd6\xfa\
\x8c\xc3\xc9\x7b\xc3\xfe\xf4\xd2\x39\x57\x3c\x58\xf5\x93\x86\x6f\
\x7c\xe2\x0d\xd3\x93\x24\x99\x9b\x24\xb6\x39\xe5\x7d\x62\x1c\x07\
\xcd\x65\x99\x2f\xa5\xd3\xa1\xbc\x71\x89\x1f\x7b\xaf\xc4\x33\x96\
\x5b\xe7\xa5\x66\x58\xda\x07\x72\xcb\x8d\x3d\x30\x6f\x43\x92\x38\
\x63\x05\xf7\x5f\xf9\x69\xd0\x06\xe9\xfe\xd0\xc9\xee\xfe\x7c\x74\
\x2e\xd7\xae\x6b\x7f\x71\x65\x9f\xdb\xce\xdf\xdd\xf4\x1b\x9d\x76\
\xfa\x99\x6a\x19\xd3\x7d\x4f\xa5\xf9\x8c\x34\x00\x00\x00\x60\x77\
\xd3\x9f\xfe\x36\x8f\x51\xc0\xf3\xfa\xc5\x67\xa4\xb3\x4d\x4d\xdd\
\x5a\xef\xfe\x7b\xef\xda\x25\x3f\x73\x55\x55\xdf\xee\xb9\x93\x59\
\x09\x00\x00\x00\x00\x04\xe9\xbe\xe5\xa1\x87\x1e\xec\xb3\x7d\x7b\
\x78\x61\xf7\xf6\xed\xa0\x29\x53\x99\xe5\x00\x00\x00\x00\x30\xd8\
\x82\x74\x4b\x6b\xf7\x7e\xd9\xd8\xea\x55\x2b\xfb\xec\xb6\x3e\xb2\
\xf0\x41\x66\x25\x00\x00\x00\x00\x10\xa4\x6d\x5a\xbb\xf9\x73\xbe\
\x0f\x3f\xd4\x77\xbf\xc5\x3a\x9f\xcb\x31\x2b\x01\x00\x00\x00\x80\
\x20\x0d\x00\x00\x00\x00\x00\x41\x1a\x00\x00\x00\x00\x00\x82\x34\
\x00\x00\x00\x00\x00\xe8\xe7\x41\x7a\x55\x37\x7f\x39\xd8\xb8\xf1\
\x13\xfb\xec\xb6\x76\xf7\x4f\x7d\x01\x00\x00\x00\x00\x06\x61\x90\
\x5e\xbd\x6a\xd5\xa0\x09\xd2\xfb\x8f\x3f\xa0\x5b\xeb\x75\xf0\xe5\
\x65\x00\x00\x00\x00\x30\xf8\x82\x74\x77\x9b\x3c\xf9\xd0\x3e\xdb\
\xb7\x99\x47\xbc\xa5\x5b\xeb\x3d\xbd\x74\x09\xb3\x1c\x00\x00\x00\
\x00\x06\x5b\x90\xee\xee\x9f\x84\x9a\x79\xf8\x51\x83\x26\x48\x03\
\x00\x00\x00\x00\x06\x61\x90\x5e\xd6\xcd\x4f\x55\x9b\x9a\x9a\x75\
\xf4\x7b\xde\xdf\xe7\xb6\x73\xc6\x11\x6f\x51\xcb\x98\x3d\xba\xb5\
\xe6\x63\x0b\x17\x30\xcb\x01\x00\x00\x00\x60\xb0\x05\xe9\xd5\xdd\
\xfc\x65\x63\x92\xf4\xa9\xff\xf9\xbc\xb2\xd9\xbe\xf5\xc5\x5e\xa7\
\x9d\x7e\x66\xb7\xd7\xe4\x33\xd2\x00\x00\x00\x00\x30\x28\x83\xf4\
\xaa\x6e\xaf\xd9\xda\xba\x87\x3e\xf5\x3f\x9f\xef\x33\xdb\xf8\xc9\
\xd3\xcf\xd4\xb8\x09\x07\x74\x7b\x5d\x3e\x23\x0d\x00\x00\x00\x00\
\xdd\x2b\x55\x8e\x9d\xe4\x9c\x9c\x73\xa6\x42\x35\xa9\xc4\xd4\xde\
\x7b\x49\xfe\xa5\x6b\x2c\x5a\xf8\x60\x8f\x6c\xfc\x47\x4e\xf8\x98\
\x96\x2e\x7e\x42\xb7\xdc\xf8\x1b\x49\x92\x73\x4e\x61\x68\xbb\xb7\
\x50\x76\x29\x79\xed\xdc\x58\x4e\x99\x32\xa5\x47\x9e\x46\x4b\xd2\
\x63\x4f\xfc\x4d\x1d\x49\xb4\xd3\xed\x5c\x4d\xca\xf4\xba\x75\x0d\
\x69\x0d\x69\xce\x98\x6a\xa4\xd3\xb1\xa9\x7d\x5c\x2a\xaa\x63\x53\
\xc9\x54\x23\xea\xb4\xcd\xeb\x62\x49\xda\xb4\xc9\x36\xa7\x3a\x3b\
\x52\x2a\x95\x0d\x05\x92\x40\xbb\x05\x69\x53\x1f\x2a\x41\xa4\x24\
\xf1\x55\xb7\xaf\xf7\x89\x36\x15\xbd\xa9\x0f\x1d\x71\xad\xca\x41\
\xb3\xed\x3c\x93\x6c\x32\xb5\x77\x41\x28\x79\xdb\xb9\x32\x55\xe3\
\x8c\x47\x75\x22\xaf\x8a\xed\x3c\xe5\xeb\x64\x3c\x38\xd5\x34\x32\
\x6b\xbc\xfa\x64\x14\xc5\xb1\x61\x14\x02\xf9\xda\x21\xa6\x2e\x14\
\xe2\x8d\x8a\x4a\x5d\xd5\x8f\x63\x5c\x56\x58\x5f\x6b\x9b\x93\xe9\
\x48\x15\x6d\x31\xd5\x68\x1c\x6a\x3b\xb6\x6a\x86\x34\xa9\xc6\xf8\
\xd3\x8b\x1b\x37\xd9\xce\x95\x5b\xda\x23\xe5\xba\x6c\xe7\xfc\x28\
\xb1\x8d\x83\x0f\xbc\xd2\x29\x5b\x1f\xc2\x20\x30\xad\xa7\x82\x20\
\x51\xa1\x64\x3b\xbe\x9d\x8b\x94\x0a\x0d\xc7\x96\x8f\x8d\xaf\xef\
\x25\xe7\x25\x19\xd7\x85\x2e\x64\x95\xde\x0d\xc2\x20\x94\xf7\xb6\
\x63\x23\x0c\xbd\x75\x77\xa2\xdb\x78\x19\x77\xa7\x12\x6b\x01\x79\
\x76\xc3\x0b\x41\x7a\xeb\x49\x3f\x08\x6c\x8b\xfd\xc6\x8c\xf1\x02\
\x96\x78\xc5\xf1\xf6\x8f\xd2\x27\x97\x2c\xd6\xfe\x13\xba\xff\x67\
\xab\xfe\xdf\xd9\xe7\x6a\xc9\xe3\x8f\x6b\xd9\x92\xc5\x72\x81\x14\
\xa6\x6c\xe3\x10\xbb\x8c\xa2\x9d\x38\xf9\x4f\x18\x3f\x4e\xdf\xbf\
\xec\x27\x3d\xb2\x73\x97\x2e\x7e\x42\xeb\xda\xab\x5b\xa0\xd5\xd7\
\xd6\x18\x83\x74\x46\x43\x87\xd8\x6a\x64\xd2\xb6\xb3\x76\x5c\x2e\
\xa9\xa3\x33\x32\xd5\x88\xba\x6c\xf3\xba\x58\x90\x36\x6f\xb2\x2d\
\x06\xba\x3a\xd3\x8a\xa2\xea\xe7\x65\xe0\x9c\x46\xa6\x6d\x37\x35\
\x8a\x4e\x4a\x02\x6f\x39\xc0\xb5\xb9\x68\xdb\x9f\x1d\x71\x9d\x2a\
\xe1\x10\xe3\x79\x66\xa3\x71\x61\x27\x49\xd6\x20\x6d\x3c\xc7\x44\
\xb1\x92\xd8\x36\xaf\x2b\xde\x76\x63\x25\x9d\xae\x51\xd3\xb0\x91\
\xb6\xc5\x76\x2a\x54\x9c\x54\x3f\x27\x12\x05\x92\x31\x48\x17\xe3\
\x58\xa5\x52\xa1\xfa\x3e\xc4\xb1\x39\x48\x2b\x5d\x51\x64\x0c\xd2\
\xd9\x61\xb6\x2e\x64\x86\x34\x2b\xd3\x64\xfb\x7e\x8e\x15\xcf\x2e\
\xb7\x05\xe9\x5c\xa4\x5c\x97\xf1\xc6\xa7\x71\x6d\xe7\xe4\x95\x36\
\x5e\x77\x32\xa9\x40\x41\x50\xfd\x39\x22\xf1\x52\xb1\x64\x3b\xbe\
\x03\xc5\x4a\x1b\x82\x74\xec\x6d\x63\x70\xf6\xe5\x7f\x99\x37\xfb\
\x63\x93\xc7\xca\x69\xac\xa1\xcc\x24\x39\x77\x09\xcb\xf4\x6e\x09\
\xd2\x73\xbd\xf7\xb3\x4c\x73\x2a\x48\x4c\x97\xbe\x24\x49\x26\x7d\
\xf4\xa8\x83\xee\xb7\xf4\xa1\x5c\x49\x2c\x01\x72\xd1\xaf\xe7\xfe\
\xfd\xf3\x03\x61\x7f\x7a\xaf\x33\xf0\x81\xe9\xa0\x00\x00\x20\x00\
\x49\x44\x41\x54\x24\x3f\xc4\x58\xc3\xd8\x07\x3f\xf6\x9e\x87\x17\
\xcf\xe3\xe8\x92\x52\xfd\xa5\xa3\x8f\x2e\x9c\xdf\x23\x41\xba\xa9\
\xa9\x59\x57\xff\xf2\x37\xfa\xda\xff\x3b\x53\x73\xef\xbd\x6b\x97\
\x6e\xd3\x84\xf1\xe3\x74\xed\xcf\xaf\x56\x53\x53\xcf\x7c\x56\xfb\
\xa1\x05\x0f\x32\xc3\x01\x00\xc0\x2e\x75\xee\x95\x0f\xad\x90\xb4\
\xa2\xda\xf6\xb3\x3f\x36\x99\x41\xec\x26\x97\xde\xb8\x60\x9e\xa4\
\x5e\x0d\x3d\x27\xbe\xf5\xb5\xe7\x4a\x9a\xc5\xde\xb0\xbb\xed\xc1\
\x27\x1e\xeb\x03\xdd\x20\x44\x6f\xd3\x6f\x7e\x47\xfa\x91\x87\xe6\
\xf7\x58\xed\xa6\xa6\x66\x5d\xfa\x93\x2b\xf5\xa9\xcf\x9e\xb9\xcb\
\xb6\xe7\xf4\xff\xf9\xb4\x6e\xbd\xe9\xb7\x3d\x16\xa2\x09\xd2\x00\
\x00\x00\x00\x30\xc8\x83\xf4\xa3\x0b\xe7\xf7\xf8\x6b\x7c\xea\xf4\
\xcf\xeb\x96\xbb\xe6\xe9\x9d\xef\x3e\xa6\xc7\x5e\x63\xca\xe4\xc9\
\xba\xe5\xc6\x1b\xf4\xd9\xcf\x7c\xba\xc7\xb7\xe7\x61\x82\x34\x00\
\x00\x00\x00\x0c\xde\x20\xdd\x91\xcf\x69\xde\x3d\x3d\xff\xd6\xeb\
\x96\xd6\x31\x3a\xf7\xc2\xef\xe8\x96\xbb\xe6\xe9\xb8\x8f\x9e\xa4\
\xd1\x2d\xad\xe6\x9a\xad\x2d\x2d\x3a\xf1\x84\x8f\xe8\xfe\x7b\xee\
\xd4\x75\xbf\xb8\x5a\x13\x27\x8c\xef\xf1\xed\xb8\xef\xee\x3b\x94\
\xcf\xf3\xd3\x57\x00\x00\x00\x00\xd0\xdd\x52\xfd\xa9\xb3\xf3\xee\
\xbd\x4b\xd3\x8f\x38\x6a\x97\xbc\x56\x4b\xeb\x18\x7d\xe1\xac\x73\
\xf4\x85\xb3\xce\xd1\xea\x55\x2b\xf5\xc8\x43\x0b\xb4\x66\xdb\xff\
\x95\xa4\x47\xb7\xfd\xdf\xff\x34\x79\xca\x14\xc5\x3e\xd0\x84\x09\
\xe3\x34\x61\xfc\x78\x4d\x9d\x32\x59\x63\x5a\x5b\x77\xf9\x58\xdd\
\x77\xf7\x9d\xcc\x6e\x00\x00\x00\x00\x20\x48\xdf\xa5\x7c\x2e\xa7\
\x6c\x0f\x7e\xae\x78\x7b\xa1\xba\xa5\x75\x4c\xbf\x19\xa7\x5c\xae\
\x9d\x20\x0d\x00\x00\x00\x00\x3d\x24\xe8\x4f\x9d\xed\xc8\xe7\x34\
\x6f\x17\x7f\xb3\x76\x7f\x74\xdf\xdd\x77\xf2\xb6\x6e\x00\x00\x00\
\x00\x20\x48\x6f\x75\xc5\x0f\xf9\x59\xc1\x57\x72\xed\x9c\x2b\x19\
\x04\x00\x00\x00\x00\x20\x48\x6f\xb5\x66\xf5\xca\x5d\xf2\xa5\x63\
\xfd\xd5\xc2\x85\x0f\x69\xc9\xd2\x65\x0c\x04\x00\x00\x00\x00\x10\
\xa4\x5f\xf0\xb3\xcb\x78\x2a\xbd\x3d\x3f\xbc\xec\x47\x0c\x02\x00\
\x00\x00\x00\x10\xa4\xff\xdd\x3f\x96\x2e\xd6\x6d\x37\xdd\xc0\xde\
\xfb\x0f\x0b\x17\x3e\xa4\x85\x0f\x3d\xcc\x40\x00\x00\x00\x00\x00\
\x41\xfa\xbf\x5d\xf1\xc3\x4b\x94\xcf\xf1\x85\x5a\x2f\xc6\xd3\x68\
\x00\x00\x00\x00\x20\x48\x6f\xd7\x9a\xd5\x2b\x79\x8b\xf7\x8b\xdc\
\x74\xd3\xcd\x3c\x8d\x06\x00\x00\x00\x00\x82\xf4\xcb\xbb\xfe\x17\
\x57\xe9\x91\x85\xf3\x07\xfd\x4e\xcc\xe5\x72\xba\xf0\x5b\xdf\x66\
\x36\x03\x00\x00\x00\xc0\x2e\x90\xea\xef\x1b\x70\xfe\x57\xbe\xa8\
\x6b\x6e\xfa\xbd\xb2\x4d\x4d\x83\x76\x27\x7e\xe5\xec\xaf\x29\x9f\
\xcf\x33\x9b\x01\x00\x80\xd9\x37\x3f\xf5\xfa\x73\x8d\x25\xe6\x7e\
\xe5\xc7\x7f\x99\xd7\x9b\xdb\x90\x24\x7e\xc6\x97\x3f\x74\xa8\xa9\
\x46\x39\xf6\x73\x2e\xfe\xf5\xfc\x15\xcc\x08\x00\x2f\x19\xa4\xd3\
\x35\x35\x72\xb2\x3f\x9a\x4e\xe2\x92\xa9\xbd\xf7\x5e\x49\x92\xec\
\x74\xbb\x55\x2b\x57\x68\xf6\x59\x9f\xd7\x77\x7f\x34\x38\x7f\x3b\
\xf9\xea\x39\x3f\xd7\x9d\x77\xdd\xfd\x6f\xff\xad\x36\x15\x2a\x15\
\xd8\xf6\x68\x57\xd1\xb6\x3f\xd7\xae\xeb\x52\x4d\x69\x9d\xa9\x46\
\x5b\x7b\x9b\x6d\x70\xca\x91\x54\x89\x4d\x25\x2a\x71\x62\x6a\x9f\
\xef\xf4\x5a\xb7\xd1\xb6\x19\xaf\x9f\x32\x59\x23\x86\x0f\xab\x7e\
\x18\xca\x65\xb5\xb7\xb5\x9b\xfa\xb0\xe4\x1f\x4f\x29\xdf\xd1\x59\
\x75\xfb\xd8\x7b\x95\x4b\xde\x36\x96\x1d\x5d\x6a\xdf\xb2\xc9\x54\
\xe3\xa0\x19\x6f\xb2\xcd\xeb\xa7\x17\x69\xf5\x33\x8b\x4c\x35\x76\
\xcb\x0e\x37\x9e\x6b\x13\x25\xde\x36\xaf\x03\x39\x53\xfb\x52\x57\
\x97\x96\x6f\x7c\xdc\x54\xa3\x79\xf4\x30\xa5\xeb\x32\x55\xb7\x4f\
\x67\x6a\x35\x74\xb7\x16\x53\x1f\x1a\x0e\x3e\x4c\x32\x1c\xe3\x3e\
\x2e\xcb\x17\x36\x9b\xfa\xb0\x71\xc3\x73\xda\xb4\xe1\x39\x53\x8d\
\xdd\x5b\x76\x37\xb5\xdf\x52\xf4\x5a\xbf\x76\xad\xa9\xc6\xfd\xf3\
\x57\xdb\xce\xb5\x4a\xa9\xa2\xb4\x6d\x4e\xd5\xd6\xd8\xfa\xe0\xbd\
\xf2\xc5\xb2\xa9\x46\x41\x65\x59\x0e\xaf\xda\x8c\xd7\xa8\x11\xb6\
\x73\x65\x3a\xe5\xe5\x55\x7d\x8d\x6d\x6d\x67\x19\x97\x27\xb3\x24\
\x99\x82\x74\x18\x86\xa6\x0e\x38\x97\xcc\x08\x02\x37\xc3\xb4\x8c\
\x48\xe2\xb9\x92\x08\xd2\xd6\xb0\x11\x86\x8a\x9d\xed\xba\x13\x26\
\x92\xf7\x8c\x25\xfa\x96\x60\x20\x6c\xc4\xbc\x7b\xef\xd2\xec\xb3\
\xce\x1c\x74\x3b\x6f\xc1\x82\x85\xfa\xc6\x85\xdf\x62\x16\x03\x00\
\x00\x00\x00\x41\x7a\xe7\xdd\x76\xd3\x6f\x74\xeb\x8d\xbf\x19\x34\
\x3b\x6e\xf1\x92\x25\x3a\xed\xd3\x9f\x61\x06\x03\x00\x00\x00\x00\
\x41\xba\x7a\xe7\x9c\x75\xa6\x6e\x19\x04\x61\x7a\xf1\x92\x25\x3a\
\xfe\x23\x27\xf2\xb9\x68\x00\x00\x00\x00\x20\x48\x77\x47\x98\xfe\
\x82\x2e\xfa\xc6\x2c\x42\x34\x00\x00\x00\x00\x80\x20\xbd\xa3\xae\
\xfb\xf9\x55\xfa\xda\x97\xcf\x54\x2e\xd7\x3e\xa0\xb6\x8b\x10\x0d\
\x00\x00\x00\x00\x04\xe9\x1e\x73\xeb\x4d\x37\xe8\x63\x1f\x39\x56\
\x4b\x97\x3c\x31\x20\xb6\xe7\xea\x39\x3f\xd7\xd1\xef\x3e\x86\x10\
\x0d\x00\x00\x00\x00\x04\xe9\x9e\xb3\x6c\xe9\x62\x7d\xec\x23\xc7\
\xea\xda\x39\xfd\xf7\xa7\xb1\x72\xb9\x9c\x4e\xfb\xf4\x67\xf8\x76\
\x6e\x00\x00\x00\x00\x20\x48\xef\x1a\xf9\x7c\x4e\xdf\xbe\x70\xb6\
\x4e\xf9\xc8\x07\xf5\xd0\x82\x07\xfb\x55\xdf\x7f\x7b\xe3\x4d\x9a\
\x3e\xf3\x08\xdd\x73\xcf\xbd\xcc\x54\x00\x00\x00\x00\x20\x48\xef\
\x5a\x0f\x2f\x9c\xaf\x8f\x7d\xf4\x58\x7d\xed\xcb\x67\x6a\xd5\xca\
\xe7\xfa\x74\x5f\x17\x2c\x58\xa8\xe3\x3f\x72\x82\xbe\x7c\xd6\xd9\
\xbc\x95\x1b\x00\x00\x00\x00\x08\xd2\xbd\xeb\xd6\x9b\x6e\xd0\xdb\
\x0e\x7b\x43\x9f\x0c\xd4\xcf\x07\xe8\xe3\x3f\x7a\xa2\x16\x2c\x7c\
\x88\xd9\x09\x00\x00\x00\x00\x7d\x50\x6a\xb0\x6e\xf8\xad\x37\xdd\
\xa0\x5b\x6f\xba\x41\x87\x4c\x99\xa6\x77\x1f\xf3\x01\xbd\xfb\x98\
\x0f\xf4\x4a\x3f\x56\xae\x5c\xa5\xbb\xef\xb9\x47\x73\x7e\xfe\x0b\
\xad\x5a\xb5\x9a\x19\x09\x00\x00\x00\x00\x04\xe9\xbe\xed\xe1\x85\
\xf3\xf5\xf0\xc2\xf9\xfa\xf6\x37\x66\xeb\xb0\x23\xdf\xa2\xc3\x8f\
\x7a\xab\x66\x1c\x76\x64\x8f\xbe\xe6\xe2\x25\x4b\xb4\x60\xc1\x42\
\xdd\x78\xe3\xcd\x5a\xb2\x74\x29\xb3\x10\x00\x00\x00\x00\x08\xd2\
\xfd\x4f\x3e\x9f\xd3\xef\x6e\xba\x41\x77\xde\x7e\x8b\x24\xe9\x75\
\x87\x4c\xd5\xc1\x93\xa7\x6a\xbf\xf1\x13\xb4\xff\xb8\x09\x6a\x69\
\x1d\x53\x55\xdd\x05\x0b\x16\x2a\x97\xcb\x69\xc9\xd2\xa5\x5a\xb0\
\x60\xa1\x16\x2f\x59\xca\xe7\x9e\x01\x00\x00\x00\x80\x20\x3d\xf0\
\x3c\xfa\xf0\x02\x3d\xfa\xf0\x82\x7f\xfb\x6f\xfb\x8d\x9b\xa0\x6c\
\xb6\x49\x92\x94\xcd\x66\xb5\xff\xf8\x89\xff\x0a\xe1\x4f\x2e\x5d\
\x22\x49\xea\x8a\x02\xc5\xde\xf1\x19\x67\x00\x00\x00\x00\xe8\x83\
\x0e\x7b\xdd\xc4\x13\x25\x9d\x54\x65\xf3\x33\xee\x7b\x74\xf1\x63\
\x04\xe9\x9d\xf0\x8f\x65\x4b\xfe\xed\xdf\xe7\xdd\x7f\xcf\x7f\xfd\
\x9d\x5c\x39\x54\xe4\x03\x06\x0b\x00\x00\x00\xc0\xbf\x1c\xfd\xfa\
\x89\x7b\x49\x1a\x6b\x28\xb1\xfc\xd6\xbf\x2c\x5e\xc1\x48\x76\x8b\
\xb1\x92\x66\x54\xd9\x76\x88\x24\xa5\xbc\x8f\xe5\x9c\xe4\x8d\x3d\
\x49\x12\x67\x6a\xef\xbd\xe4\x8d\x01\xd4\x99\xc7\xd3\x29\x49\x6c\
\x23\xe1\x95\xc8\x1b\x47\x33\x0c\x02\x63\x1f\xd4\x0d\xdb\x61\x13\
\xc5\x4e\xc5\xb2\xad\x46\x18\x66\x4c\xed\x2b\x3e\x51\x54\xb1\x75\
\xa2\x69\x48\xa3\x6d\x1c\x83\x44\xf5\x75\xb6\x3e\x38\x57\x51\x9c\
\x14\xab\x6e\x5f\x8e\x2b\x6a\x33\xee\x8c\xb2\x42\x45\x61\xda\x70\
\x7c\xc7\x72\x51\xc9\x36\x96\x95\x8a\xe2\x42\xa7\xed\x3c\x65\xfc\
\xa1\x82\x54\x7d\xb3\x1a\x86\xef\x61\xaa\x11\x57\x2a\xb6\x63\x4b\
\x91\xca\x89\x6d\x3b\x6a\x6b\x62\xe3\xf9\x21\x52\xec\x6c\xfb\xb3\
\x54\xcc\x2b\x8a\xab\xbf\x97\x9b\xd4\x45\x4a\xba\x61\x4e\xf9\xa8\
\xfa\xb1\xf0\x71\x45\x49\xd9\x36\x96\x51\xd1\x2b\x2a\xd8\xf6\x67\
\xa1\x3d\xb1\xb5\x8f\xb6\xbe\x9b\xca\x74\xbe\xb5\x75\x41\x3e\x08\
\x14\x86\xb6\x7b\xfb\x99\x8c\xad\x7d\xca\xc7\xaa\x44\x05\xdb\xf9\
\x3a\x70\x72\xae\xfa\xd5\x48\x6d\x46\x6a\xa8\xb7\x5d\x81\x9d\x62\
\x25\x51\xd9\x30\xaf\xe3\x6e\x58\x05\x58\x79\xf3\x5a\x4a\x4e\xf2\
\xde\x9b\x7b\x81\x6e\x31\x57\xd2\xac\x57\x08\x34\x55\x86\x4b\x3f\
\x44\xd2\xa4\xfe\x32\x10\xde\xfb\x93\x5e\x61\x2c\x5e\xc9\x2c\x49\
\xb3\x99\x52\x7d\x43\x2a\x51\x41\x72\xce\x1c\xde\x2a\x5d\xa1\xb9\
\x33\x81\xb3\xf5\x21\x08\x63\xc9\x79\xc3\xe4\x96\xe2\x8a\xed\xa4\
\x99\xa8\xa4\xc4\xd0\x87\x20\x08\x94\xc9\xd8\x02\x64\x52\x4a\xe4\
\x13\xeb\x05\xc8\xb6\x3f\x3b\x8b\xd2\x86\xc8\xd6\x87\x03\x26\x8e\
\xb0\x2d\x0e\x3b\xd7\x6b\x4b\x47\x9b\xa9\xc6\xe4\xd7\x1f\x68\x6a\
\xdf\xd6\x5e\x54\x57\xb4\xc1\x36\xaf\x53\x79\x95\x0c\x37\x04\xb6\
\x74\x45\x5a\xb4\xb6\xcb\x16\xfe\x82\x3a\xa9\xa1\xae\xfa\x6d\xa8\
\x14\x54\x57\xec\xb0\x5d\x7c\x72\x5b\x54\x5a\x6b\xbb\x09\x5b\x09\
\x0e\x33\xb5\x6f\xde\x73\x92\x86\xee\x3d\xd9\x54\xe3\xe9\xbf\xdc\
\x66\x6a\xdf\x55\x0e\xd5\x65\xcb\x6e\xaa\xcb\x96\x8c\xe7\x98\xa2\
\x0a\x85\x4d\xb6\xed\x58\xbb\x46\x32\x9c\x23\x1a\x9b\x86\x68\x68\
\x53\xd6\x36\xaf\xdb\xcb\x52\x54\x7d\x02\x8c\xa3\x48\xe5\x82\x2d\
\x78\x75\x6c\x90\x3a\x56\xd5\x99\x6a\xac\x7a\xda\x76\x73\x66\x4b\
\xa6\x56\x5b\x6a\x6c\xd7\x9d\x7c\xd9\x76\xfd\xae\x6f\xa8\x55\x7d\
\xa3\xed\xc6\xe5\xa8\xdd\x77\x33\xb5\x2f\x47\x05\x6d\xee\x5c\x63\
\x0c\xf3\x69\x05\x86\xf5\x54\x6d\x8d\x53\xeb\xa8\xb4\xa9\x0f\xa1\
\x2b\xab\x5c\xa8\x7e\x4e\x6c\xcd\x9e\xf6\x35\x9d\x6d\x3d\x28\x79\
\x63\x17\x92\xc4\xcb\x3b\xf3\x63\x22\x92\x42\x37\xb8\xf2\xf6\x87\
\xe7\x49\x9a\xc7\x48\x48\xe2\xe6\x4c\x9f\x11\x86\xf6\x47\xb0\xbc\
\x07\x19\x00\x00\x00\x00\xfa\x7a\x0c\xf7\xfd\xe7\xe9\xfb\x60\x40\
\x90\x06\x00\x00\x00\x80\x3e\xcf\x0d\x61\x0c\x08\xd2\x00\x00\x00\
\x00\x00\x10\xa4\xd1\x77\x1c\x32\x65\x9a\xc6\x6d\xfb\x79\x2e\x00\
\x00\x00\x00\x00\x41\x1a\x2f\xe3\xff\x9d\x7d\x8e\xae\xba\xf6\x57\
\xca\x36\x35\x31\x18\x00\x00\x00\x00\xd0\xcd\xfa\xcd\xef\x48\x8f\
\x6e\x6d\x55\x3e\x97\x53\x47\x3e\xcf\x5e\xdb\x8e\x96\x96\x56\x5d\
\x7a\xf1\x8f\x34\x9e\x27\xd1\x00\x00\x00\x00\xd0\x63\xfa\xcd\x13\
\xe9\x77\xbd\xef\x18\x5d\x7e\xdd\xb5\xda\x7f\xc2\x78\xf6\xda\x4b\
\x78\xf7\xd1\xc7\xe8\x86\xeb\x6f\x25\x44\x03\x00\x80\xfe\x6e\x2c\
\x43\x00\x80\x20\xdd\x8d\xc6\x4d\x9c\xa0\x5f\xfe\xee\x56\x7d\xe8\
\xa4\x13\xd9\x73\xdb\x64\xb3\x59\x7d\xff\xe2\x1f\xe9\x1b\xe7\x5f\
\xa4\x26\xde\xca\x0d\x00\x00\x08\xd2\x00\x40\x90\x7e\x29\x5f\xf8\
\xda\x57\xf5\xdd\x1f\x5f\xa6\xc6\x6c\x76\x50\xef\xbc\xc9\x87\x4c\
\xd1\x0d\xd7\xdf\xaa\xc3\x0f\x3b\x92\x99\x0c\x00\x00\x00\x00\x04\
\xe9\x97\x37\xe3\xc8\x23\xf5\xcb\xdf\xdd\xa2\x83\xa7\x4e\x19\x94\
\x3b\xee\xd3\xa7\x9d\xae\xab\xaf\xbc\x4e\xad\xad\x63\x98\xc5\x00\
\x00\x00\x00\x40\x90\xde\x31\x2d\x63\xc6\xe8\xf2\xeb\xae\xd5\x27\
\x3e\x7b\xfa\xa0\xd9\x61\x2d\x2d\xad\xba\xfa\x8a\x6b\xf5\xe9\x4f\
\x7d\x96\xd9\x0b\x00\x00\x00\x00\x04\xe9\xea\x7c\xe2\xb3\xa7\xeb\
\xf2\xeb\xae\x51\x4b\x6b\xeb\x80\xde\x59\x87\xcd\x3c\x42\x37\x5c\
\x7f\xab\x26\x4f\x9e\xca\xcc\x05\x00\x00\x00\x00\x82\xb4\xcd\xc1\
\x53\xa7\xea\xff\x6e\xbe\x4d\x33\x0e\x1f\x78\x9f\x17\xce\x66\xb3\
\xba\xe0\xbc\x6f\xe9\xd2\x4b\x7e\xcc\x17\x8a\x01\x00\x00\x00\x40\
\x2f\x4b\x0d\xa4\x8d\xc9\x36\x35\xe9\x7f\x2f\xbb\x5c\xd7\xfd\xfc\
\x2a\x7d\xef\x9b\x17\x0c\x88\x6d\x1a\x37\x6e\x82\x2e\xbd\xf8\x47\
\x7c\x16\x1a\x00\x00\x60\xd7\x9a\x74\xc6\xb1\x3b\xf4\x5d\x3c\xcb\
\x2f\xb9\x7e\xe1\x8a\xbe\xb8\x01\x9f\x3d\x7a\x72\xb3\xa4\x49\x96\
\x1a\x85\xd8\x2b\xb6\x75\x63\xf9\x55\xb7\x3f\xbc\x82\xe9\x04\x82\
\x74\x3f\x70\xfc\x89\xa7\xe8\x90\x29\xd3\x74\xee\x57\xbe\xa4\x27\
\x97\x2e\xe9\xb7\xdb\xf1\xe9\xd3\x4e\xe7\xb3\xd0\x00\x00\xa0\x5f\
\xf1\xde\x8f\x3d\xff\xd4\x43\xa6\x1b\x4a\x8c\x35\x76\x61\xf9\xb6\
\x3f\x3b\x6b\xee\x7f\xf4\xe1\x92\x1d\x6d\xf8\x52\x81\x3b\x4e\x62\
\x25\x49\x62\xd9\x8e\xb9\x97\xfd\xf6\xaf\x33\xad\x37\x03\xfe\x63\
\xbb\x7a\xc3\x2c\x49\xb3\x39\x32\x30\xe0\x82\x74\x1c\xc7\x4a\x12\
\xa7\xd8\x99\x0e\x74\x35\x04\xb5\xa6\xf6\x4e\x4e\x61\xb0\xfd\x77\
\x9a\x07\xce\xed\x54\xbd\x71\x13\x26\xea\x67\xbf\xf8\x3f\x7d\xfb\
\x1b\xb3\x75\xf3\x6f\x6f\xd8\xc1\x3e\x48\x41\x60\x7b\xb7\x7b\x10\
\x06\x0a\x9d\xa1\x80\xf7\x4a\xd7\xd4\xea\xf2\xcb\x7e\xa6\x29\x93\
\xa7\x19\xaf\x64\xdb\xfe\x54\x61\x4b\x47\xc1\xf4\xd2\xc3\x87\x67\
\xb4\xdb\xb0\x3a\x53\x8d\xf1\x07\xbc\xc6\xd4\x7e\xfd\xea\xa7\xb5\
\xa1\xde\x36\xaf\x17\x2e\xb0\xdd\x88\x29\x47\x52\xbe\xc3\x19\x0f\
\x53\xa7\x74\xba\xfa\x7b\x5e\x5b\x0a\x5e\xb9\x8e\x8a\xa9\x07\xc5\
\x52\xc9\xb4\x18\x18\x95\x4d\xeb\xf0\x69\xfb\x98\xfa\xb0\xfb\xc8\
\x61\x0a\xd3\x69\xdb\xca\xea\x59\xdb\xfe\x1c\xde\x32\x56\x23\x5a\
\x5e\x65\xaa\xb1\xc7\xc1\xb6\x35\xd1\xa6\x15\x4f\x6a\xf3\x3f\xff\
\x61\xaa\xb1\xe2\xd9\xc7\x4c\xed\xd3\xe9\x8c\x86\x0c\x1d\x61\xaa\
\x11\xb9\x2e\xf9\x4a\xf5\xcf\x38\xca\xa5\x82\x16\xcc\xfb\x83\x6d\
\x3b\x0a\x69\x05\x49\xf5\xe7\x7c\x9f\x24\x8a\x2a\xb6\x63\x2b\xbf\
\xa9\xac\xdc\xe6\xb2\xa9\x46\x7b\x7b\x87\x6d\x5f\x0c\x6f\x50\x6d\
\x5d\x8d\xa9\x46\x25\xb6\x9d\x6b\x4b\xe5\x8a\x5c\xa1\x68\xaa\x91\
\xeb\xb0\x8d\x43\x6d\x5d\x4a\xe3\xc7\xef\x6b\x3b\xe7\x57\x2a\xa6\
\x73\x65\x18\x44\x92\x6c\xdb\x11\xfb\x44\xce\x57\xdf\xde\x29\x50\
\xe8\x6c\xd7\xad\xc4\xfb\x93\x02\x17\x9c\x64\x5c\xc3\xcc\x90\xd4\
\x76\xc1\x95\x7f\xb4\x9d\xb0\xaa\xf4\x95\x93\x5e\x3f\x5d\xd2\x49\
\xea\x5d\xe6\x00\xec\xe4\xba\xa1\x1b\xde\x5a\x60\x51\x6f\x0e\xe2\
\x87\x8f\x3c\x68\xba\xf7\x7e\x6e\x12\x99\xce\x53\x33\xae\x9f\xfb\
\xf8\x3c\xa2\x23\xfe\x2d\x48\x6f\xcd\x6e\xde\x7c\x88\x38\xe3\x49\
\xd7\xc9\xbd\x6c\x88\xad\xa6\x7e\xb6\xa9\x49\xe7\x5f\xf4\x3d\xcd\
\x38\xfc\x28\x7d\xed\xff\x7d\x41\xf9\x7c\xae\xc7\x07\xd4\xc9\x29\
\x30\x0c\xc5\xe1\x87\x1f\xa5\x8b\xbe\xf1\x1d\x35\x35\x35\xf7\xea\
\xc4\xb0\x2e\x8a\x9c\x93\x6a\x33\xa1\xa9\x46\x53\xb3\x6d\x0c\x0a\
\xb9\x06\x75\x35\xd8\x16\x87\xcf\x3c\xbb\xd1\xb8\x98\x08\x14\x79\
\xdb\x0d\x85\x72\xb9\x6c\x5a\x98\x95\x4b\x5e\x91\x71\x7f\x96\x2b\
\x15\xc5\x71\x6c\x38\x2e\x42\xed\x3e\xbc\xd1\xd4\x87\xc6\x86\x1a\
\xf3\x8d\xae\xae\xce\xbc\xa9\x7d\x73\x14\xc9\xa5\x6c\x61\xbe\x7e\
\xe8\x48\x53\xfb\x8e\x8d\x6b\x95\x32\xde\x50\xb0\x8e\x43\x5d\x5d\
\x83\xd2\x99\x8c\xed\x24\x93\x2e\xcb\x1b\x16\x78\xe5\x52\x51\x9b\
\x37\xac\xb5\x05\xa7\x72\x9d\xc2\xa4\xfa\xf3\x94\x4f\x12\xd3\x71\
\x21\x49\x1d\xf9\x44\x85\x2e\xdb\xf1\x59\x89\x6c\x7d\xf0\xde\x2b\
\x4c\x85\xc6\x1a\xb6\xe9\x90\x78\x6f\x7d\x72\xa7\xc8\x38\x0e\x52\
\x4a\x4d\x4d\x59\xdb\xb1\x55\x28\xd8\xe6\x84\x2f\x4b\xde\x1e\x7c\
\xfa\xc2\x9a\xce\x5a\xe3\x82\x2b\xff\xd8\xeb\xa1\xc5\xb8\x09\xdd\
\x12\x61\xfb\x46\x90\x36\x6b\xeb\xdd\xfd\xe8\xb6\x1e\x14\xae\x4f\
\x8c\x05\x06\x90\x60\x30\x6c\xe4\xe1\x47\xbd\x45\x37\xdc\xf6\x07\
\x8d\x9b\x30\xb1\xcf\xf6\x31\x9b\xcd\xea\xec\x2f\x9f\xa3\x1f\xff\
\xe0\xa7\xbd\x1e\xa2\x01\x00\x00\x00\x00\x83\x3c\x48\x4b\x52\xeb\
\x98\x3d\xf4\xdb\xdb\xee\xd0\x47\x4e\x3a\xa5\xcf\xf5\x6d\xfc\xb8\
\x09\xba\x76\xce\xaf\x74\xd2\x09\xa7\x30\x23\x01\x00\x00\x00\x80\
\x20\xdd\xb7\x9c\x75\xce\x2c\x5d\x7d\xdd\xf5\xca\x66\xfb\xc6\xcf\
\x48\x9d\xf8\xd1\x93\x75\xeb\x8d\xbf\xd7\x84\xf1\x13\x99\x8d\x00\
\x00\x00\x00\x40\x90\xee\x9b\x26\x4f\x3b\x54\x77\xfe\xf1\x01\x4d\
\x9e\x3a\xad\xd7\xfa\x90\xcd\x66\x75\xd9\xa5\x97\xeb\xab\x67\x7d\
\x9d\x59\x08\x00\x00\x00\x00\x04\xe9\xbe\xaf\xa9\xa9\x59\x57\xff\
\xf2\xd7\xfa\xf2\xd7\xce\xdd\xe5\xaf\x3d\x65\xf2\x54\xdd\x7f\xd7\
\x9f\x75\xe4\xe1\x47\x31\x03\x01\x00\x00\x00\x80\x20\xdd\xbf\x7c\
\xf4\xe4\x8f\xe9\x86\xdf\xfd\x41\x2d\xad\x63\x76\xc9\xeb\x9d\xfd\
\xe5\x73\x74\xed\x9c\x5f\xa9\xa9\xa9\x89\xd9\x07\x00\x00\x00\x00\
\x04\xe9\xfe\x69\xfc\xc4\x03\x74\xc3\x6d\x7f\xd0\x61\x47\xbe\xa5\
\xe7\x5e\x63\xdc\x04\xdd\xf2\xdb\xdb\xf9\x42\x31\x00\x00\x00\x00\
\x20\x48\x0f\x0c\x4d\x4d\xcd\xfa\xfe\x4f\x7e\xa6\xf3\xbe\xf5\x1d\
\x65\xb3\xd9\x6e\xad\xfd\xde\x77\xbf\x4f\xd7\xce\xf9\x15\x5f\x28\
\x06\x00\x00\x00\x00\x04\xe9\x81\xe7\xe8\x63\xde\xaf\x2b\xae\xfd\
\x95\xc6\x8d\x9f\x60\xae\xf5\xfc\x17\x8a\x5d\x74\xe1\x77\x79\x2b\
\x37\x00\x00\x00\x00\x10\xa4\x07\xae\x71\x13\x26\xea\xfa\x5b\x7f\
\xaf\xe3\x4f\x3c\xb9\xea\x1a\x53\x26\x4f\xd5\x2d\xbf\xfd\x3d\x5f\
\x28\x06\x00\x00\x00\x00\x04\xe9\xc1\xe3\x4b\x5f\xfd\xba\x2e\xbe\
\xec\xf2\x9d\x7e\xab\xf7\xe9\x9f\xfe\x9c\xae\x9d\xf3\x2b\x8d\xd9\
\x45\x5f\x60\x06\x00\x00\x00\x00\x20\x48\xf7\x19\x33\x8f\x3c\x4a\
\xd7\xdf\xf2\x7b\x1d\x32\x65\xea\x2b\xfe\xdd\x96\xd6\x56\xdd\x7c\
\xe3\xed\x3a\xfd\x7f\xce\x60\xe0\x00\x00\x00\x00\x80\x20\x3d\x78\
\xb5\x8c\x19\xa3\x2b\xae\xfd\x95\x4e\x3b\xfd\x73\xdb\x0f\xdc\x47\
\x1c\xa9\xeb\x6f\xf9\xbd\xc6\x4f\xe0\x0b\xc5\x00\x00\x00\x00\x60\
\x20\x4b\x31\x04\x3b\xee\xb4\xd3\xcf\xd0\x21\x53\xa6\xe9\xeb\x67\
\x7d\x51\xab\x57\xad\x92\xb4\xf5\x0b\xc5\xbe\xf4\xd5\xaf\xeb\xe8\
\x63\xde\xcf\x00\x01\x00\x00\x00\x7d\x4b\x9b\xa4\xb9\xdd\x50\x03\
\xf8\xf7\x20\x1d\xba\x40\x5e\x5e\xde\xdb\x0a\x79\x17\x1b\xbb\xe2\
\x94\x68\xfb\x9d\xf0\x4a\xfa\xc4\x80\x1d\x32\x75\x9a\xae\xbf\xe5\
\xf7\xff\x0a\xd3\x17\x5f\x76\xb9\x5a\xc6\xf4\xcd\xcf\x42\x87\x41\
\xa2\x54\x50\xdd\xb8\x4d\xdc\xaf\xc5\xf4\xda\x63\x87\x06\x1a\x31\
\xc4\x99\x6a\x6c\x69\x5f\x63\x6a\x5f\x8a\x3a\x15\x66\x42\x53\x8d\
\xc6\xe6\x1a\xdb\x3e\x48\xd5\xaa\xae\x71\x94\xa9\x46\x7b\x5b\x9b\
\x2a\x95\xb2\xe5\xe8\x54\x43\xc6\x36\x97\x82\x24\x51\x1c\x57\x7f\
\x0c\x36\x36\xa4\xd4\x30\x6c\xa8\xed\x0c\x11\x3a\x75\x55\x4a\xb6\
\xf3\xd4\x73\x2b\x4d\xed\x9b\x1a\x87\x29\x1e\x61\xdb\x9f\x61\x6d\
\xbd\xa9\x7d\xba\xbe\x49\xf5\x23\x6c\xc7\x67\xe3\xba\x56\xdb\x7c\
\x08\x42\xe5\xf2\x65\xdb\xbe\x28\x16\xa5\x28\xaa\xba\x7d\x39\xa9\
\x28\x5d\x57\x6b\xea\x43\x12\x3b\x79\xc3\xc5\x2f\x71\x5e\xe5\x38\
\x32\xf5\xa1\xa4\x44\xc5\xc0\x76\x01\xae\x19\xd6\x60\x6a\x5f\xa8\
\x49\xab\x58\xb1\x5d\x63\xbd\xb3\xbd\xc1\x2d\x91\x14\x19\x17\x22\
\x9d\xc5\xa2\xed\x1c\x93\xf2\xea\xe8\xe8\x34\xae\x64\xa4\xc0\x39\
\x43\xfb\x40\x4e\xb6\xeb\x96\x95\xdb\xf6\x8f\xad\x88\xdb\x36\x1a\
\xfd\x97\x57\x22\x39\xe3\xe2\xd8\x79\x63\x0d\x3f\xf6\xf3\x47\x4f\
\x9d\x6e\xdb\x0e\x4d\x32\xcf\x09\xb7\xb5\x50\x7f\x75\xdd\x5d\x8b\
\x1e\x93\x34\x73\x40\x24\x37\x27\x74\x9f\xb9\x92\x66\x55\xd9\x76\
\xb9\x24\xa5\xea\xd2\x19\x45\x71\xac\x38\xb6\x05\xe1\x24\x55\x32\
\x6f\x4d\xfc\x32\x17\x9f\x38\x88\xfa\xcc\xa8\x67\x9b\x9a\x74\xf1\
\x8f\x7e\xda\xf7\x2f\x02\xc5\x2d\x6a\xaa\xa9\x6e\xdc\x66\x9d\xf1\
\x5e\xdb\x6b\x47\x1b\xe5\xe3\x4d\xa6\x1a\x7f\xfa\xe3\xef\x4d\xed\
\x87\x36\x0d\xd5\xd0\xe1\xb6\xf0\xb6\x7f\xc3\xee\xb6\x3e\x0c\xdd\
\x5d\x93\xa7\xbc\xc5\x54\xe3\x9a\xab\xae\xd1\x8a\xe5\xeb\xaa\x0f\
\x6e\x72\xda\x67\x58\xda\xb6\xd8\xaf\x24\x4a\x0c\x17\xd1\xbd\xf6\
\xaa\xd7\xde\x87\x4e\x36\xf5\xe1\xb9\xe5\x4f\xeb\xb9\xe5\x4f\x9b\
\x6a\x6c\xbe\xe1\x3e\x5b\x80\x7c\xf3\x06\x8d\xf6\xb6\x73\x5d\xc3\
\xeb\x6c\xdf\xe4\x3f\x64\xcf\x03\x34\x64\xef\x83\x4c\x35\x32\x19\
\xdb\x71\xb1\x79\xe3\x7a\x3d\xf2\xe0\x3c\xdb\x38\xa4\x36\x28\x15\
\x54\x3f\x96\x61\x2a\xad\xe6\x31\xb6\x9b\x1a\x9b\xfe\xb9\x59\xe5\
\xae\xea\x6f\x08\x54\x2a\x91\x3a\x4a\xb6\xe0\x95\x97\x57\x87\xed\
\x7e\x9d\x0e\x7a\xdd\x81\xa6\xf6\xcf\xae\xf5\x5a\xbb\xd6\x78\x63\
\x24\xb4\xdd\xad\xab\x28\x30\xaf\x43\x36\xac\xdb\x60\x9b\x93\xb9\
\x94\x5c\xd8\x61\xaa\x31\x76\xcf\x56\x35\x34\xd4\x99\x52\x4f\xe8\
\x6d\x37\xdb\xac\x81\x67\xeb\xfd\x0c\xdb\x6a\xdd\xc9\xcf\xfd\xe2\
\x8f\xe7\xf6\xeb\xe0\xe2\x15\x29\x48\x19\x6f\x30\x05\xc9\xdc\x4b\
\xaf\x5b\x54\xf5\x38\x7c\xe6\xd8\x03\xcf\x95\xf1\x49\xaa\x7b\x3e\
\x08\x1b\x83\x74\x40\x80\xeb\x16\x41\x68\x1b\xc8\x24\x61\x0c\xbb\
\xcb\xdd\x0f\x3d\x31\x4f\x92\x69\x31\xd3\x6f\x3e\x23\x9d\xcf\xb5\
\xb3\xc7\x77\xd0\x53\x4b\x1f\xd7\xa9\x1f\x38\x52\x4f\x2d\x7b\x82\
\xc1\x00\x00\x00\x00\x80\x6e\xd6\x6f\x3e\x23\xfd\xcb\x6b\xaf\x52\
\xb6\xa9\x59\x9f\xfc\xf4\xe7\xd9\x6b\x2f\xe3\xf2\x4b\x2e\xd6\x35\
\x3f\xfd\xae\x52\x29\xcf\x60\x00\x00\x00\x00\x40\x0f\xe8\x57\xdf\
\xda\x7d\xf9\x8f\x2e\xd6\x71\xef\x7b\xab\x96\x2d\xe5\x49\xeb\x7f\
\x5a\xb6\xf8\x09\x7d\xe8\xed\x6f\xd5\x4f\xbf\x7f\x31\x83\x01\x00\
\x00\x00\x00\x04\xe9\x17\x3c\xb9\x6c\xb1\x3e\x7e\xf2\xb1\xba\xee\
\x9a\x2b\xd9\x7b\xdb\xfc\xf2\xaa\x2b\xf5\x89\xe3\x8e\xd5\x93\x4b\
\x16\x33\x18\x00\x00\x00\x00\x40\x90\xfe\x6f\x1d\xf9\x9c\xbe\x77\
\xd1\x6c\x7d\xfc\xe4\x0f\x6a\xf5\xaa\xe7\x06\xed\xce\x5b\xbd\xf2\
\x39\x7d\xe2\xb8\x0f\xea\x7b\xe7\xcf\x56\x47\x3e\xc7\x6c\x06\x00\
\x00\x00\x00\x82\xf4\xcb\x7b\xe4\xa1\xf9\x3a\xee\xfd\x6f\xd3\xfd\
\xf7\xde\x39\xe8\x76\xdc\x2f\xaf\xba\x52\x1f\x7a\xfb\xdb\xf4\xc8\
\x82\xf9\xcc\x62\x00\x00\x00\x00\x20\x48\xef\xb8\x8e\x7c\x4e\x5f\
\xf8\xdc\xc7\x75\xe6\x67\x4f\x1d\x14\xdf\xec\xcd\x53\x68\x00\x00\
\x00\x00\x20\x48\x77\x8b\xb9\xf7\xdd\xa5\x0f\xbe\xfb\x6d\x7a\x68\
\xc1\x83\x03\x76\x67\xf1\x14\x1a\x00\x00\x00\x00\x08\xd2\xdd\x6a\
\xf5\xaa\x95\xfa\xd8\xf1\xc7\xe9\xa2\x0b\x66\x2b\x37\x80\x9e\x4e\
\xf3\x14\x1a\x00\x00\xa0\x7f\x71\x72\xcb\x19\x05\x80\x20\xdd\xaf\
\x5c\x37\xe7\x2a\x7d\xec\xf8\xe3\xb4\x74\x71\xff\xff\x99\x2c\x9e\
\x42\x03\x00\x00\xf4\xc3\x45\x76\x40\x90\x06\x08\xd2\xfd\xd0\xb2\
\x25\x8b\xf5\xc1\xa3\xdf\xae\x1f\x5f\xda\x3f\x7f\x57\x99\xa7\xd0\
\x00\x00\x00\x00\x40\x90\xee\x15\x3f\xbe\xf4\x12\x7d\xe0\x5d\x6f\
\xd3\xaa\x95\xfd\xe7\x67\xb2\xee\xbf\xeb\x4e\x9e\x42\x03\x00\x00\
\x00\x00\x41\xba\xf7\x2c\x5b\xb2\x58\x1f\x7c\xd7\xdb\x75\xed\xd5\
\x57\xf6\xe9\x7e\xe6\x73\x39\x7d\xe1\x93\x1f\xd7\x17\x3f\xf9\x71\
\x9e\x42\x03\x00\x00\x00\x40\x1f\x95\x1a\x2c\x1b\x9a\xcf\xe7\xf4\
\xed\x6f\x9c\xa7\x6c\x53\x93\xde\xfd\xbe\x0f\xf4\xc9\x10\x7d\xfc\
\x3b\xdf\xae\xd5\xfd\xe8\xc9\x39\x00\x00\x00\x00\x10\xa4\x07\xb0\
\x6c\xb6\x49\xe7\x7f\xfb\xbb\x3a\xec\xc8\xb7\xf4\xcd\xfe\x35\x35\
\xe9\x3b\x3f\xf9\xa9\x66\x7f\xe9\x0b\x5a\x36\x00\xbe\x24\x0d\x00\
\x00\x00\xc0\x0b\x6e\xf9\xf3\x92\xd9\x92\x66\x33\x12\x03\x24\x48\
\x97\xcb\x65\x39\xe7\x14\x06\xd6\x77\x79\xc7\xa6\xd6\xde\x7b\x25\
\x49\x62\xdb\x98\xa0\x46\xee\x25\xb6\x63\xfa\xe1\x47\xe8\xdc\x6f\
\x5e\xa4\xa6\xa6\xe6\x3e\xbd\x33\xc6\x4d\x9c\xa8\x5f\xde\xfe\x07\
\xfd\xdf\x15\x3f\xd5\xed\xd7\xff\xb2\xea\x3a\x07\x1e\x34\x42\xcd\
\xcd\x35\xb6\xbd\x19\x57\x6c\xed\x2b\x65\x45\xe5\x82\xa9\xc6\xbe\
\xfb\xec\x6d\x6a\xdf\xd1\x96\xd3\xfa\xb5\xab\x4c\x35\x1a\xb2\x4d\
\xa6\xf6\xa5\x62\xa7\x36\xac\x5e\x6e\xaa\xb1\x72\x5d\x51\xff\x5c\
\x57\x7d\xfb\xda\xba\x50\x2d\x63\xea\x4c\x7d\xd8\x67\xd4\x28\xd5\
\xd6\x56\x3f\xa7\x1a\x1b\xea\xb5\x7a\xe5\xb3\xa6\x3e\x6c\x58\xbf\
\x56\xed\x6d\xb6\x9f\xb5\x2b\x97\xbd\xa9\xfd\xa3\x0b\xff\xa6\x27\
\x97\xae\x30\xd5\x98\xf0\xce\x0d\xa6\xf6\x7b\xbe\x6a\x9c\xf6\xdc\
\x7b\xbc\xa9\xc6\x88\x71\x07\x99\xda\x37\xef\xd9\xa5\x11\xa3\xf6\
\x34\xd5\xd8\xf8\xec\x3c\x95\xbb\xd6\x57\xdd\xbe\x58\x2c\x6a\xc3\
\xba\xd5\xa6\x3e\x14\x0b\x5d\x8a\xca\xd5\x5f\xbb\xca\xa5\x58\xed\
\x1d\xb6\xeb\x56\xa6\xa1\x41\xbb\x0d\x69\x30\xd5\x68\xdb\xdc\x66\
\xdb\x17\x1b\x22\xad\x5d\x17\x99\x6a\xd4\x64\x32\xb6\x35\x80\xf3\
\xf2\xce\xf7\x6a\x1f\x24\xaf\x75\x1b\xf3\xa6\x0a\x41\xb0\x56\xb5\
\xb5\xd5\xf7\xa3\x36\xed\x34\x72\xa8\xed\x19\x47\x26\x93\x51\x60\
\x58\xd3\x79\x2f\x45\x89\x6d\x5f\x24\xde\xcf\xb8\xe8\xb4\x37\x9b\
\x8a\xb4\x55\x4a\xb6\xbd\x99\x24\x4a\xfc\x0e\x75\x61\xf9\xb6\x3f\
\xff\x31\x1b\x34\x24\x08\xc3\x5e\x5d\x17\x86\xce\xc9\x7b\x7b\x1d\
\x6b\x8d\xc4\x7b\xc5\xdd\xd1\x11\x60\xa0\x05\xe9\xc4\x7b\x05\xce\
\x29\x70\xae\xd7\x3b\x63\x3d\x44\x9d\x73\x0a\xdd\x0b\x17\x8f\xc6\
\x6c\x56\x5f\xbf\xf0\x5b\x9a\x7e\xf8\x91\xfd\x6a\xa7\x7c\xe8\xd4\
\x4f\xe8\x8d\x87\x1f\xa1\x6b\x7e\x70\xb1\x56\x2e\xdf\xf9\xf0\x31\
\x7a\xd4\x70\x8d\x18\x51\xdf\xab\x67\xdd\x24\x49\xcc\x37\x46\x1a\
\x1b\x1b\x4d\xed\xbb\x72\x1d\x2a\x15\x6d\x61\xbe\xbe\x31\x6b\xbc\
\x21\x11\xab\x54\xec\x32\xd5\x28\x14\x13\x75\x95\xaa\x3f\x3e\x83\
\xb4\x53\x2a\x65\x5b\x98\x35\x65\x1b\xd4\xd8\x58\xfd\x62\x3f\x9d\
\x0e\x55\x2c\xd8\xc6\xa1\x5c\x2a\xa9\x52\x89\x8c\xf3\xd2\x76\x58\
\x6c\xd9\xdc\xae\x4d\x1b\x6d\x61\x7e\xc4\x9a\x7f\x9a\xda\x0f\x1f\
\xb6\x9b\x7c\xa5\x6c\x0b\x1c\x23\x46\xdb\x16\xea\xb5\xf5\x6a\x70\
\xb6\x05\x66\x79\xf3\xdf\xd4\xe5\xaa\x3f\x3e\xbd\xf7\x8a\x8c\xe3\
\x90\xc4\xb1\xbc\x61\x52\xc4\x49\xa2\xc8\x36\x25\x55\x13\x84\xa6\
\x9b\x54\x92\x54\x29\xdb\x6e\x7c\x96\xca\x15\x15\x4b\xb6\x1a\xd6\
\x9b\xf1\x89\x4b\x94\x18\x97\x21\xdd\xf1\x40\xa0\x54\xb6\xed\xd0\
\xae\x42\x51\x49\x52\xfd\xcd\x19\x5f\x13\x2a\x49\xec\x5f\x5f\xe3\
\x0c\x6b\x3a\xaf\x81\x11\x98\x76\x62\x2b\xc6\x6e\xfb\xd3\xad\xe3\
\xd8\x1d\x02\xe7\xfa\xc4\xde\x20\x43\x03\xdb\x39\x46\x07\xea\x86\
\xbd\xe3\x3d\xef\xd5\xcd\x77\xdf\xdf\xef\x42\xf4\xf3\xf6\x78\xd5\
\xde\x3a\xfb\x7f\x7f\xa0\x77\x1c\xfb\x61\x66\x29\x00\x00\x00\x00\
\xf4\x21\x03\xee\x33\xd2\xa3\x5b\x5a\x75\xce\x85\xdf\xd2\xc1\x53\
\xa6\x0e\x8c\x1b\x02\xc7\x7e\x58\x07\x4e\x99\x56\xf5\xd3\x69\x00\
\x00\x00\x00\x40\xf7\x1a\x50\x4f\xa4\x3f\x74\xc2\x49\xba\xe6\xc6\
\x5b\x06\x4c\x88\x7e\xde\x1e\xaf\xda\x5b\x67\x9c\xff\x4d\xcd\x7c\
\xe7\xd1\xcc\x58\x00\x00\x00\x00\xe8\x65\x03\xe2\x89\x74\x4b\xcb\
\x18\x9d\xff\xcd\x8b\x35\x79\xca\xeb\x07\xec\x8e\xaa\x6f\x68\xd4\
\x07\x4e\xf9\x84\x0e\x9a\x72\xa8\x7e\xf1\x83\x8b\xb5\x79\xc3\x7a\
\x66\x2f\x00\x00\x00\x00\xf4\x82\x7e\xff\x44\xfa\xf8\x13\x4e\xd5\
\xaf\x6f\xba\x6b\x40\x87\xe8\x17\xdb\xff\xd5\xaf\xd1\xd9\xff\x7b\
\x29\x4f\xa7\x01\x00\x00\x00\xa0\x97\xf4\xdb\x27\xd2\x83\xe1\x29\
\xf4\xf6\xf0\x74\x1a\x00\x00\x00\x00\x7a\x4f\xbf\x7c\x22\x3d\xd8\
\x9e\x42\x6f\xcf\xf3\x4f\xa7\xa7\xcd\x3c\x9c\x99\x0c\x00\x00\x00\
\x00\xbb\x48\xbf\x7a\x22\x3d\x6e\xfc\x44\x9d\x7f\xe1\x25\x1a\x3f\
\xe1\x00\xf6\xdc\x36\xf5\x0d\x8d\x3a\xe1\xf4\xcf\xeb\xa0\x29\xd3\
\xf4\x8b\x1f\x5c\xa2\x42\x57\x27\x83\x02\x00\x00\x00\x00\x3d\xa8\
\xdf\x3c\x91\x9e\x79\xf8\x5b\xf4\x9b\x9b\xee\x26\x44\x6f\xc7\x41\
\x53\x0f\xd5\xf9\x97\x5f\xa9\x03\xa7\x4c\x63\x30\x00\x00\x00\x00\
\x80\x20\x2d\x8d\x1f\x4f\x80\x7e\x25\xf5\x0d\x8d\x3a\xed\xac\xaf\
\xe9\xa8\x0f\x7e\x46\xa9\x4c\x2d\x03\x02\x00\x00\x00\x00\x83\x39\
\x48\xf7\x45\xb9\x5c\xbb\x72\xb9\xf6\x3e\xd7\xaf\xdd\xf7\x7c\x8d\
\x66\xbc\xff\xeb\xaa\x6b\x1c\xca\x4e\x02\x00\x00\x00\x00\x82\x74\
\xdf\x70\xdf\x5d\x77\xea\xad\x6f\x7a\xbd\x4e\xf9\xd0\x07\xb5\x74\
\xf1\x13\x7d\xae\x7f\xe9\x4c\x9d\xea\x1a\x87\xb1\xa3\x00\x00\x00\
\x00\x80\x20\xdd\xfb\x2e\x3a\x7f\x96\x3e\x77\xda\xa9\xca\xe7\x73\
\x5a\xb6\x64\xb1\x3e\xf0\xce\xb7\xea\x9a\xab\xae\x60\x60\x00\x00\
\x00\x00\x60\x10\x48\x31\x04\x3b\x6e\xe9\xe2\x27\xf4\xb5\x2f\x9d\
\xa9\x65\x4b\x16\xff\xd7\xff\xf6\xed\x0b\x66\xeb\xbe\xbb\xef\xd4\
\xf7\x2f\xbf\x42\x4d\x4d\xcd\x0c\x16\x00\x00\x00\xaa\x76\xf1\xff\
\x2d\x9a\x2d\x69\x36\x23\x81\xe7\xbd\xf3\xf5\x13\x0f\xf2\x5e\x43\
\x2c\x35\xa2\x24\x36\xf6\x22\x90\x53\xd8\x76\xc7\x82\xc7\x1f\x23\
\x48\x2b\x90\x14\x48\xde\xf8\x70\x3a\xb1\xb5\x77\xf2\x72\xde\xbf\
\xec\xdf\xe8\x4d\x37\xfd\xe6\x7a\x5d\x74\xde\x2c\xe5\xf3\xb9\xed\
\xfe\x9d\x85\x0f\xfe\x45\x1f\x79\xc7\x1b\x74\xc1\xf7\x2e\xd1\x81\
\x53\x8e\xe8\xfd\xbd\x1b\x47\x52\x5c\xae\xf2\x28\xb3\x8d\x77\xe8\
\x42\x05\xa9\xac\xad\x46\x26\x6d\x6a\x5f\x6a\x4e\xaa\xde\xfc\xe7\
\x65\x9b\x6d\x9f\x33\xcf\xa4\x6a\xd4\x55\xb4\xfd\x24\xd9\xf0\xe1\
\xb5\x2a\x47\x4d\x55\xb7\xaf\xab\x0b\xd5\xdc\x5c\x6f\x3b\x65\x86\
\xb1\xe2\xa4\x54\xfd\xf1\x5d\x09\x54\xc8\xd9\xe6\x54\x54\x8c\xe4\
\x62\x5b\x8d\x42\x94\x31\x1e\x54\x4e\xde\xd9\xfa\xd0\xbe\xc6\xf6\
\xbd\x0a\x6b\x6b\x57\xa9\xc6\xdb\x8e\xad\xd1\xaf\xb1\x9d\xaf\x43\
\x39\xd5\x05\xb6\xfb\xb0\x35\x43\x46\x4b\x99\xea\xf7\x87\xab\xcb\
\x6b\x58\xbe\x62\xbb\x00\xba\x76\x45\xa5\xea\x6b\xd4\x56\x12\xb9\
\xda\xc8\x78\xe9\x0c\x14\x19\xdf\x1c\xd6\xde\x59\x30\xb5\xef\x2a\
\x45\xaa\x24\xb6\xed\x48\x85\xa1\xa9\xbd\x77\x5e\x5e\xde\x76\x74\
\x1a\x97\x09\xce\x39\x05\xce\xb6\x2f\xca\xe5\x44\xde\x1b\xc6\x32\
\x49\xd4\xd1\x61\x1b\xcb\x54\x50\x2b\x97\xae\x7e\x30\xbc\x9c\x02\
\xe3\x60\x3a\x97\x28\x71\xb6\xfd\x29\xeb\x7c\x90\x37\xd7\x88\x8d\
\xc7\x05\xd0\xdd\x9c\x74\x89\xa4\x19\xc6\x1a\xe6\x23\xd3\x7b\x3f\
\x57\xd2\xcc\xde\x1a\x87\xb7\x4e\x7b\xf5\x89\x92\x1b\xdb\x8b\xe7\
\x98\x39\x77\xcc\x7f\x7c\x45\xca\xb9\x1a\x39\x39\x39\xe3\x85\x3c\
\x8c\xec\xef\x12\x7f\xb9\x4b\x47\x98\xf4\xce\xc3\xf3\x5c\x7b\xbb\
\xce\x3a\xe3\xb3\xba\xf7\xce\x3f\xec\xd0\xdf\x7f\xcd\x3e\xb1\x1e\
\xb8\xf1\x8b\xca\xad\x3b\x5e\x93\x8f\x38\x4d\x35\x75\xd9\xde\x3b\
\xd8\xca\x39\x05\xc5\xcd\x55\x5e\x3d\x6c\x21\xb6\xa1\x6e\x98\xea\
\x1a\xc7\x98\x6a\xec\x36\xd2\xd6\xbe\x73\xd4\x66\x75\x76\x6d\xb6\
\xcd\xc9\x94\x6d\x1c\xf2\xf9\x36\xfd\xe3\xc9\x45\xa6\x1a\x87\x4e\
\xdb\x5d\xe9\x74\xf5\x63\x91\x78\x99\x17\xea\x9b\x37\x6d\x54\xb9\
\x9c\xab\xba\x7d\xb1\xe4\xd4\xb6\xd9\x76\x0c\x27\x71\xa2\xb4\xf1\
\x3c\xb0\xba\x30\xdc\x76\x63\x24\x93\x56\x4d\x8d\x6d\x4e\x3c\xfe\
\x07\xdb\x77\x2a\x2c\x09\x96\x2a\x15\xde\x66\xaa\xf1\xc1\xb3\x3e\
\x6c\x6a\xdf\x38\x74\x37\xed\x7f\xf0\x74\x53\x8d\xdd\x27\xbd\x53\
\x2e\x55\xfd\xbc\x8c\xbb\x3a\xb4\xc7\x3e\xcf\x9a\xfa\xb0\x6e\xed\
\x12\x95\x8a\x79\x53\x8d\x20\xb0\x85\x9e\xa5\x4b\x9f\xd5\xb2\xa5\
\xcb\x4d\x35\x16\x3d\xfb\x9c\xa9\x7d\x5b\xc1\x2b\x67\xbb\x27\xa1\
\x61\xb5\xb6\x5f\x8a\xf0\xde\xc9\x1b\x6f\xe8\xa7\x53\xd6\x1b\xfa\
\x4e\x69\x63\x80\xdc\xd2\x56\x52\x9c\x54\xbf\x38\xcb\x84\x4e\xa5\
\x76\xdb\x8d\x91\x7d\x5f\x95\x55\xb6\xb1\xfa\x9b\x54\x41\xe8\x54\
\x57\x6f\xbb\xe9\x98\xb8\x44\xde\xdb\x42\x6c\x50\xc9\xd9\x26\x65\
\xe0\xad\x39\x5a\xa5\x82\x6d\x5f\x00\xdd\x2d\x0c\x43\x19\x0f\x2d\
\xeb\x61\xa1\x24\xf1\x4a\x94\xf4\xea\x38\x78\xef\x4f\x92\xb3\xdd\
\x50\x30\x0e\xe4\x5c\x49\x2b\xf8\x8c\xf4\xcb\x2d\x58\x1f\x7f\x5c\
\xef\x39\xf2\xb0\x1d\x0e\xd1\x2f\xf6\xf7\x07\xae\xd3\x2d\x3f\x3d\
\x55\x1b\x57\x2f\x63\x20\x01\x00\x00\x00\x60\x00\x21\x48\x6f\xc7\
\x0f\xbe\xf7\x1d\xbd\xe7\xa8\xc3\xb4\x6a\x65\xf5\x77\xfa\x37\xad\
\x59\xa6\xdf\x5c\x7a\xac\xfe\xf6\xe7\xeb\x18\x50\x00\x00\x00\x00\
\x18\x20\xf8\xb2\xb1\xff\x90\x6b\x6f\xd7\xff\x9c\x72\xa2\x16\x3e\
\xf8\x97\x6e\xab\xf9\xc0\x6d\xdf\xd1\xaa\x67\x1e\xd6\x61\x1f\x38\
\xaf\x57\xdf\xea\x0d\x00\x00\x00\x00\xb0\xe3\x89\xf4\x8b\xdc\x77\
\xe7\x1f\x74\xd8\xd4\x83\xbb\x35\x44\x3f\x6f\xf9\xe2\xfb\x75\xed\
\x45\x6f\xd7\xaa\x67\x1e\x66\xa0\x01\x00\x00\x00\x80\x20\xdd\xff\
\x7d\xe7\xbc\x73\x74\xc6\x27\x4e\x52\x3e\x97\xeb\xb1\xd7\x28\x17\
\xf3\xba\xf5\xa7\xa7\xea\xcf\xbf\xfb\x0e\x03\x0e\x00\x00\x00\x00\
\x04\xe9\xfe\x69\xd9\xe2\xc7\x75\xec\xdb\x0f\xd7\x2f\xaf\xfe\xd9\
\x2e\x7b\xcd\xbf\x3f\x70\x9d\x7e\xfd\xfd\x63\xf9\x22\x32\x00\x00\
\x00\x00\x20\x48\xf7\x2f\xb7\xde\x70\xbd\x4e\x3d\xee\x18\x3d\xb9\
\xe4\x89\x5d\xfe\xda\x9b\xd6\x2c\xd3\x2d\x3f\x3d\x95\x2f\x22\x03\
\x00\x00\x00\x80\x7e\x66\x50\x7e\xd9\x58\x3e\xd7\xae\xaf\x7f\xf1\
\x73\x9a\x7b\xf7\x1d\xbd\xda\x8f\x72\x31\xcf\x17\x91\x01\x00\x00\
\x00\x40\x3f\x33\xe8\x9e\x48\x6f\x7d\x2b\xf7\x11\xbd\x1e\xa2\x5f\
\x8c\x2f\x22\x03\x00\x00\x00\x00\x82\x74\x9f\xf4\x93\x4b\xbe\xab\
\xe3\xde\x71\x84\xd6\xac\x7a\xae\xcf\xf5\xed\xf9\x2f\x22\xfb\xcb\
\xed\xdf\x65\x56\x02\x00\x00\x00\x40\x1f\x36\x28\xde\xda\x9d\xcf\
\xb5\xeb\xf3\x9f\x38\x59\x8f\x2c\xf8\x4b\x9f\xef\xeb\x92\x05\xbf\
\x56\xa9\x6d\xb9\x5e\x77\xd4\xe7\xd5\xbc\xdb\x3e\xcc\x50\x00\x00\
\x00\x00\xe8\x63\x06\xfc\x13\xe9\xfb\xef\xfa\x83\xde\xfe\xc6\xc9\
\xfd\x22\x44\x3f\xaf\x7d\xe3\x33\xfa\xf3\x0d\x67\xe9\xe9\xbf\xde\
\xcc\x0c\x05\x00\x00\x00\x00\x82\xf4\xae\xf3\x9d\xf3\xce\xd1\x99\
\x9f\x3c\x59\x1d\xf9\x5c\xbf\xeb\x7b\xa5\xdc\xa9\xbf\xff\xf1\xa7\
\x5a\xf0\xbb\xf3\x54\x29\x75\x30\x53\x01\x00\x00\x00\x80\x20\xdd\
\x73\x7a\xe3\xb7\xa1\x7b\xca\x9a\x67\xe6\xeb\xfe\xeb\x3e\xa3\x8d\
\x2b\xff\xc6\x6c\x05\x00\x00\x00\x80\x3e\x60\xc0\x7d\x46\xfa\xd6\
\x1b\xae\xd7\x77\xce\x3b\xa7\x5f\x3e\x85\xde\x9e\xae\xfc\x7a\xfd\
\xf9\xb7\x67\x69\xfc\xd4\xe3\x35\x7e\xda\xf1\xcc\x5a\x00\x00\x00\
\x60\xf0\x59\x44\x3f\xfa\x50\x90\x76\xda\xfa\x8f\x55\xb9\x52\x31\
\xb5\x77\xce\x29\x1d\x86\x55\xb7\xcf\xe7\x72\xfa\xc9\x45\x67\xeb\
\xc1\x79\x77\x69\xb7\x26\x69\xb7\xa6\xa6\x9d\xae\x51\x53\x5b\xab\
\x91\xa3\x5a\x4c\xdb\xb1\xc7\x98\xb2\x9a\x1a\x12\xc3\x40\x48\xc5\
\x62\xe9\xa5\x67\xec\xbc\xab\xf4\xec\xe2\xb9\x7a\xd3\x31\xe7\xa9\
\x71\xc8\xe8\x57\x2c\x55\x28\x14\xd4\x91\xcf\x57\xd5\x8d\xfa\x86\
\x7a\xd3\x38\x04\xae\x4b\x4e\x19\x53\x8d\xf6\x2d\x9b\x4c\xed\xd7\
\xae\x5d\xa1\xb5\x6b\x57\x98\x6a\x8c\xd9\x63\x0f\x53\xfb\xae\x42\
\x87\xa2\x28\x32\xd5\x88\xe3\x58\xce\x55\x7f\x8c\x96\xca\x65\xad\
\xdb\xd8\x66\xea\x43\x54\x29\xcb\xfb\xea\xe7\x75\x54\x94\xba\xb6\
\xc8\x7c\x8e\xb0\x9e\xab\xea\xeb\x6d\xf3\x3a\xf1\x89\xca\x15\xdb\
\xfe\x6c\x4e\xa7\x8d\xc7\x56\xa0\x30\xb0\xbd\x99\xe8\xae\x7b\x16\
\x9a\xda\xa7\x6b\xeb\x35\xec\xe1\x67\x4d\x35\xea\x1a\x42\x85\xa9\
\xea\xf7\x67\x63\x4d\x4a\x7b\x8f\x6a\x34\xf5\xc1\xab\xcb\xb6\x2f\
\xc2\x50\xb5\x75\xb6\x3e\x8c\x6e\xdd\x53\x2e\xd5\x6c\x3b\xcf\x94\
\xbc\xed\x5c\xb9\xb9\xa0\x75\x9b\x8b\xa6\x1a\x9b\x36\xb7\x19\xc7\
\x32\xa5\x30\xb4\x1d\xdf\xde\x7b\x73\xfb\x8a\x8f\x6d\xdb\x11\x38\
\x05\x41\xf5\xdb\x91\x72\x52\x14\x25\xa6\x3e\xac\xdf\xb0\x45\xed\
\xed\x9d\xd5\xf7\x21\x1d\xa8\xa9\xa9\xd6\xd4\x87\x4c\x26\x3d\xb7\
\xb1\xb1\x61\x6e\x6f\x2e\x70\x9d\x73\xb3\xcc\xcb\x5b\xfb\xf2\xf8\
\xa4\x33\x3e\x3c\x61\x86\xa5\x40\x4d\x69\xf8\x19\x17\xfd\xf6\xcf\
\x8f\x11\x59\x20\x49\x37\xff\xe9\xef\x9f\x67\x14\xfe\x75\x11\xef\
\xfd\x20\x1d\xb8\xee\x88\xd1\x52\xc5\x18\x16\x82\x20\xa8\x3a\x48\
\x2f\x5b\xbc\x58\x5f\xfa\xd4\xa7\x34\xb2\xb1\x5d\x7b\x8f\x69\xaa\
\xba\x0f\x43\x86\x0e\xd5\xc1\x53\x5e\x67\x5b\x68\x97\x97\x4b\x49\
\xf5\x8b\xb3\x4a\xb9\xa2\xf6\xf6\xf6\xed\x5f\x20\x57\x2e\xd1\xad\
\x97\x9f\xac\x29\x6f\xf9\xac\xf6\x9d\xf4\xf6\x97\x0f\xd2\x5d\x05\
\x75\xe4\xab\xfb\x7c\x75\x2a\x15\x9a\xc6\xc1\xf9\x82\x94\xa4\x8d\
\x07\x88\x2d\x2c\xac\xfc\xe7\x72\xfd\xe3\xc9\xc7\x4d\x35\x1a\x1b\
\x6c\x8b\x89\x52\xb9\xa8\x38\xb6\x1d\x1b\x51\x14\x99\x82\x74\x57\
\x57\x41\xab\x56\xae\xb4\x85\x9e\xba\x1a\xa5\x0c\x37\xba\xca\x5d\
\x5e\x6d\x6d\xb6\x05\x6a\x2a\x0c\x95\x4a\xd9\xde\x44\x53\x5f\x3f\
\xdc\xd4\xbe\x50\x28\xaa\x50\xb4\x05\x8e\x8c\x31\x48\x3b\xe7\x14\
\x38\xdb\x59\xfb\xae\x7b\x6d\x41\xda\x7b\x29\xb6\xad\xf5\x35\xac\
\x51\xca\xa4\xab\xdf\x8e\xd1\xa3\x87\xeb\xe8\x77\x1c\x6a\xea\xc3\
\x88\x51\xc3\x54\x53\x5b\xfd\x0d\xbf\x20\x48\xa9\xae\x21\x6b\xea\
\xc3\xa8\x31\xcd\x1a\x3a\xd2\x76\xae\x2b\x1b\xbf\x47\xa3\x71\xe5\
\x16\xa5\x6b\x6c\x41\x78\xe5\xda\x8d\xa6\xf6\x35\x99\x40\xa9\x54\
\xef\x07\xe9\xd8\x18\x62\x33\xe9\x50\xa1\x21\x48\x07\xde\x2b\x8e\
\x6c\xe7\xca\x0d\xc6\x1b\xa7\x99\x4c\xa8\x72\xd9\x76\xd3\x51\xd2\
\xdc\x1f\xdc\xb1\x78\x76\x6f\x2e\x70\xcf\xf9\xf8\x21\xe6\x20\xed\
\x9c\x79\x4e\x8e\x95\xd7\x58\xd3\xba\xd2\xfb\x21\xfd\x3d\xef\x9c\
\xfc\xb6\x49\x07\x49\xba\xc4\xb4\x16\x8a\xbd\x35\x37\x9d\x71\xed\
\x5d\x8f\x71\x43\x62\x80\xe8\x8e\xf4\xda\x1d\x39\xbc\xdf\xbf\xb5\
\xfb\xa7\x97\x5e\xaa\x9f\x5d\x7a\xa9\x24\x69\xe4\xb8\xc6\x41\x31\
\x79\x2a\xa5\x0e\x3d\x70\xeb\x85\xfa\xe7\xb2\x3f\xe9\x8d\xef\x3e\
\x5b\x99\xda\x2c\x47\x14\x00\x00\x00\xfa\xa2\x21\x92\x66\xf4\x81\
\x3e\x00\xdd\xaa\xdf\x7e\xd9\x58\x3e\x97\xd3\x27\x8f\x3f\xfe\x5f\
\x21\x7a\x30\x7a\x6e\xd9\x9f\x74\xeb\xe5\x27\x6b\xed\xf2\xbf\x32\
\x93\x01\x00\x00\x00\x80\x20\xbd\x7d\x8f\x2c\x58\xa0\xa3\xa7\x4f\
\xd7\xa3\x0b\x16\x0c\xfa\x1d\xd8\xd9\xbe\x56\x77\xfe\xe2\x74\x2d\
\x9a\x77\x15\xb3\x19\x00\x00\x00\x00\x08\xd2\xff\xed\x7b\x17\x5c\
\xa0\xd3\x8e\x3f\xbe\xea\x2f\xd1\x1a\xa8\x1e\x9b\x77\x95\x6e\xbd\
\xfc\x24\x75\xb4\xad\x61\x30\x00\x00\x00\x00\x80\x20\x2d\xad\x59\
\xb9\x52\xc7\xbf\xeb\x5d\xfa\xd5\x9c\x39\xec\xb5\xed\xd8\xb2\xee\
\x29\xdd\x7a\xf9\xc9\x7a\xea\xaf\x7f\x60\x30\x00\x00\x00\x00\xa0\
\x87\xf4\x9b\x2f\x1b\xbb\xed\xc6\x1b\xd9\x5b\x3b\xa0\x52\xea\xd0\
\x03\xbf\xfd\x96\xd6\x3e\xfd\x98\xca\x85\x0e\x06\x04\x00\x00\x00\
\x00\x06\x6b\x90\x5e\xb8\x8d\xce\x00\x00\x20\x00\x49\x44\x41\x54\
\xc6\xce\x79\xfa\xaf\x77\x30\x08\x00\x00\x00\x00\xd0\x03\x02\x86\
\x00\x00\x00\x00\x00\x00\x82\x34\x00\x00\x00\xd0\xaf\x7d\xe7\xc6\
\x07\xe6\x31\x0a\x00\x41\x1a\x00\x00\x00\x00\x00\x82\x34\xfa\x9e\
\x86\xa1\xa3\xf4\x86\xf7\x9d\xa5\xdd\x5f\x35\x89\xc1\x00\x00\x00\
\x00\x80\x6e\xc6\x97\x8d\x0d\xa4\x00\xdd\x3c\x4a\x93\xa6\x9f\xa2\
\x7d\x27\xbd\x5d\x92\xf4\xd4\xa3\x7c\xe1\x18\x00\x00\x00\x00\x10\
\xa4\xf1\x5f\x76\xdf\xeb\xb5\x9a\x34\xfd\x14\x8d\x1a\xfb\x5a\x06\
\x03\x00\x00\x00\x00\x08\xd2\x78\x29\x0d\xcd\xa3\xb4\xe7\xf8\x37\
\x69\xe2\xd4\x0f\xaa\x71\xc8\x68\x06\x04\x00\x00\x00\x00\x08\xd2\
\x78\xb1\x74\x4d\xa3\x86\x8d\xda\x4f\x7b\x8e\x7b\x93\x46\x8d\x7d\
\xad\x86\x8d\xda\x8f\x41\x01\x00\x00\x00\x30\xd8\x9c\x21\x69\x48\
\x2f\xbe\xfe\x22\x49\x4a\x45\x49\x22\xc9\xc9\x39\x5b\xb5\xdd\x1a\
\x13\x53\xfb\x11\xc3\xea\xf4\xe6\x29\xfb\x9a\x6a\x0c\xaf\xab\x57\
\x4d\xb8\x63\xf7\x06\x9a\x47\xed\xa5\x4c\x5d\x83\x24\x69\xc8\xa8\
\xbd\x94\xae\x6b\x90\x4f\xbc\xa2\x38\x32\xf5\xe1\x99\x25\x29\x75\
\xe6\xf2\x55\xb5\xdd\x7d\xec\xbe\x6a\x1c\xd1\xa0\xe6\xd1\x5b\xc7\
\x72\xec\x01\x5b\xdf\xaa\x3d\x6a\xec\xbe\xaa\x6b\xc8\xee\x74\xbd\
\x95\x2b\x36\xeb\xd9\x25\x6b\xab\xea\xcb\xd0\x61\x45\xd3\x38\x34\
\xd6\x6c\x56\x63\x6d\xda\x54\x63\xf7\x96\x16\x53\xfb\xd2\xe6\x92\
\xe2\xf6\x26\xdb\x51\xf2\xe7\x15\xa6\xf6\x71\x10\xa8\x5c\x53\x67\
\xaa\x51\x2e\x17\xe5\x7d\xa1\xfa\xf6\x95\x44\xed\x79\xdb\x58\x76\
\x76\x15\x14\xc7\x71\xf5\xe3\x10\xc7\x2a\x95\x4a\xa6\x3e\x0c\x6d\
\xae\xd5\xb0\xfa\x46\x53\x8d\xfd\xd2\xb6\x79\xbd\xb1\xab\x5d\x9b\
\xba\xda\x4d\x35\x96\xd5\x67\x4d\xed\xd3\xe9\x94\x32\x19\xdb\x3d\
\xd0\x37\xef\xb1\xa7\x6d\x5e\xc7\xb1\x8a\x45\xdb\xfe\x2c\xc7\x5d\
\xf2\xaa\x7e\x4e\xb9\x75\x1d\xba\xfb\xda\xb9\xb6\xeb\xce\xc4\xbd\
\x54\xd3\xd4\x50\xfd\x35\x67\xb7\x91\x3a\x74\xfa\xfe\xa6\x3e\xf8\
\x68\xbd\x82\x78\x83\xa9\xc6\x11\x47\x4d\x35\xb5\x6f\xeb\x4c\xd4\
\xd6\xe9\x4d\x35\xd6\x9e\x77\xbe\xa9\x7d\x7b\x47\x45\xed\x1d\xb6\
\xeb\x6f\x4d\x26\x34\xb5\x0f\x5d\xa8\x86\x3a\xdb\x35\x23\x8a\x63\
\x45\x49\xf5\x63\x99\x92\x94\xb6\x2e\xc8\x9c\x64\x5a\xd4\xc5\x5e\
\xb9\x4d\x95\x7e\xbf\xca\x0e\xa2\x40\xc5\x42\xc9\x38\xa7\x6c\xeb\
\x98\x4a\x14\x29\x32\x5c\x3b\x07\x8c\xc0\x99\x4b\x38\x2f\xc9\x33\
\x94\xd8\xea\x8e\x05\x8f\x3f\xd6\x17\xfa\x31\xe0\x9f\x48\xd7\x0f\
\xd9\x4d\xbb\xbd\x6a\xa2\x86\x8c\x1e\xab\x21\xa3\xf7\xd2\x90\x51\
\x63\xff\x15\xa0\x7b\xc2\xa4\xb7\x30\xb9\x01\x00\x00\x00\x60\x20\
\x1b\x90\x41\x3a\x5d\x5b\xaf\xb1\xaf\x9d\xae\xb1\xaf\x9b\xa1\x21\
\xa3\xc7\xb2\x97\x01\x00\x00\x00\x00\x04\xe9\xed\x99\x78\xd8\xfb\
\xb5\xdf\xa1\x6f\xef\xd1\xa7\xce\x00\x00\x00\x00\x00\x82\x74\xbf\
\x97\x1d\x36\x52\x6f\xfd\xd8\xb9\x1a\xd1\xba\x37\x7b\x15\x00\x00\
\x00\x00\x40\x90\x7e\x39\x23\x5a\xf7\xd6\xfb\x3f\x73\x91\x6a\xea\
\x1a\xd9\xa3\x00\x00\x00\x00\x80\x1e\x15\x10\xa2\x01\x00\x00\x00\
\x00\x18\x24\x41\x9a\x10\x0d\x00\x00\x00\x00\x20\x48\xef\xa0\x4c\
\x5d\x83\x8e\xfa\xf0\x99\x84\x68\x00\x00\x00\x00\x00\x41\x7a\x47\
\x4c\x7b\xeb\xf1\xda\xad\x75\x1f\xf6\x20\x00\x00\x00\x00\x80\x20\
\xfd\x4a\x5a\xf7\x7d\x8d\x5e\x3b\xfd\xbd\xec\x3d\x00\x00\x00\x00\
\x00\x41\x7a\x47\x4c\x7b\xeb\x47\xd8\x73\x00\x00\x00\x00\x76\xc4\
\x22\x86\x00\x83\x3e\x48\xef\xfd\x9a\x43\x35\x66\xdf\x03\xd9\x73\
\x00\x00\x00\x00\x5e\xd1\x35\x77\x2e\x6a\x67\x14\x30\xe8\x83\xf4\
\x6b\xa7\xbf\x87\xbd\x06\x00\x00\x00\x00\x20\x48\xef\x88\x11\xad\
\x7b\xf3\x34\x1a\x00\x00\x00\x00\xd0\xab\x52\xfd\xa9\xb3\x3c\x8d\
\x06\x00\x00\x00\x76\x8d\xd3\xdf\x39\xa5\xb9\xe0\xe3\x49\x89\x7c\
\xd5\x35\xbc\xfc\x24\x46\x12\x03\x36\x48\x7b\x9f\x28\x49\x6c\x85\
\xf6\x1a\xd3\x6c\x6a\x5f\x57\x9b\x56\x2e\xdf\xf1\xb2\x7f\x67\x9f\
\xd7\x1c\xca\x1e\xdb\x09\x95\xa8\xa2\x72\xb9\x5c\x55\xdb\x0d\x1b\
\xdb\x4c\xaf\xdd\x95\x09\xd4\x99\x0e\x4d\x35\xbc\xf5\x0d\x13\x5e\
\x1a\x35\x7a\x77\x53\x89\xd5\x6b\xd6\x99\xda\x47\xce\xa9\x50\x8a\
\x4c\x35\x3a\xba\x4a\x8a\xe2\xea\x0f\xd0\x24\x91\xaa\x9c\x06\x2f\
\xec\xcf\x42\xd1\xd4\x07\xe7\xbc\x52\xa1\x6d\x7f\x66\x32\x29\xd5\
\xd6\xd6\x98\x6a\x14\x3b\x4b\xa6\xf6\xa1\x73\x6a\xac\xaf\x33\xd5\
\xd8\x94\xc4\xb6\x69\x5d\xf1\x8a\x8d\x27\xec\x72\x98\x36\xb5\x77\
\x4e\xe6\x7d\x11\xc6\xb1\xbc\xaa\x1f\x0b\x9f\x78\x55\x22\xdb\x58\
\xae\x5f\xbf\x59\x2e\x9f\xaf\x7e\x1c\x2b\x5e\x9b\x37\xae\x37\xf5\
\x21\x1d\xb6\x2b\x13\x14\x4d\x35\xda\xdb\x36\xda\xe6\x43\x52\xaf\
\x30\xac\x37\xd5\xd8\x67\xef\x3d\x4c\xed\x97\xaf\xcc\x2b\xdf\x95\
\xb7\xcd\xcb\x6e\xb8\x6e\x46\xc6\x39\xe5\x02\xa7\xc0\x55\xdf\x93\
\x40\x92\xf7\xde\xd4\x87\x54\x18\x2a\x08\x9c\x61\x1c\xbd\x52\xc6\
\xcb\x6f\xe2\x93\x19\x1f\x3d\xc4\xf6\x13\xa5\x7b\xec\x9f\xad\xa6\
\xd9\xdc\x7f\xf5\x21\x8e\x4d\xe3\xb0\x75\x1d\x15\x2d\x72\x4e\x55\
\x2f\x88\x7c\xe2\xad\x53\x72\xc8\xe9\xef\x98\x62\x2d\x32\xf7\x07\
\xb7\x2f\x9c\x59\xf5\x36\x78\x3f\x49\xde\xcf\xb5\x76\xc2\xcb\x56\
\xc1\x7b\xbf\x5c\x72\x73\x58\xdd\xa3\x4f\x05\x69\x27\xa7\xc4\x27\
\xe6\x85\xd9\x5e\xad\xc3\x6d\x27\xdd\x24\x51\x2e\xdf\xb9\xdd\xff\
\xbd\x65\xaf\xfd\x55\x53\xd7\xc8\x1e\xdb\x99\x05\x41\x25\xaa\x3a\
\x48\xe7\xdb\xbb\x4c\xaf\xdd\x19\x4a\x0d\xc6\xf7\x3b\x58\x17\x13\
\xcd\xcd\xa3\x34\x7a\xf4\x28\x53\x8d\xa7\x9e\x5e\x61\xbb\x08\x4b\
\xea\x70\xb6\x14\xbb\xa9\xbd\x53\x65\xc3\xe2\xce\x29\x50\x2a\xcc\
\xd8\xf6\x67\xa1\x64\x3a\x47\xa4\x42\xa7\xda\x06\x5b\x78\xab\xc9\
\xa4\x55\x57\x57\x6b\xaa\x51\xda\x64\x5b\xa8\x07\x81\x53\xb6\xc1\
\x16\xa4\x63\xe3\xb1\x15\xc7\x89\x2a\x15\xdb\xcd\x99\x8a\x6d\x3a\
\x28\x95\x0a\xd5\xd0\x60\x0b\x5e\xa9\x38\x96\xf7\xd5\xcf\xeb\x4a\
\x14\xa9\xd8\x61\x3c\xb6\x36\x6c\x52\x14\x3a\xc3\xbe\x90\xb6\x6c\
\xb2\x05\xe9\x86\xba\xa2\x54\x67\xbb\xc1\x13\xb5\xd9\xc6\xc1\xd5\
\x8e\x54\x58\xd7\x64\x0c\xd2\x7b\x9a\xda\xe7\xbb\x56\x6a\xe5\xea\
\x0e\xdb\x76\x38\x63\x94\xf6\x5e\x51\x6c\x0b\xd2\x99\x30\xad\x30\
\xa8\x3e\x85\x06\xde\x4b\xc6\x9b\x6d\xa9\x30\x54\x68\xb8\x71\xe9\
\x94\x98\x83\x74\x25\xf2\x33\x24\xcd\xe8\xcd\x35\x50\x12\x27\xa6\
\x7d\x21\x49\x5d\xe5\xe8\x8c\xef\xff\x7a\xe9\xbc\xde\xda\x86\xcf\
\x7d\x70\xfc\xf4\x24\x49\xe6\xf6\xee\x6a\xd2\x1a\x81\x25\xef\x65\
\xae\x21\x69\xd1\x35\x77\x2e\x9a\xcd\xea\x1e\x7d\x49\xbf\xf9\x8c\
\xf4\x01\x53\x66\xb2\xb7\x00\x00\x00\x80\xc1\x87\x9f\xaf\x02\x41\
\xba\x5a\x2d\x7b\xed\xcf\xde\xda\x09\x7f\x7b\xe0\x0e\x6d\x5e\xf7\
\x1c\x03\x01\x00\x00\x00\x00\xdd\xac\xdf\x7c\xd9\xd8\x3e\x07\x1c\
\xc2\xde\x7a\x05\x2b\x9f\x5a\xaa\xf9\x77\xdc\xac\xc7\xe7\xff\x4e\
\x5b\xd6\xaf\x60\x40\x00\x00\x00\xaa\x37\x43\xd2\x3c\x86\x01\x40\
\xbf\x0d\xd2\xb5\xf5\x8d\xaa\x6b\xc8\xb2\xb7\xb6\x63\xfe\x1d\x37\
\xeb\xf7\x73\x7e\xa4\xcd\xeb\x56\x4b\x92\x82\xb0\x43\x2e\x60\x5c\
\x00\x00\x00\x06\xb9\x36\x86\x00\xe8\x19\xfd\x22\x6e\xb5\x8c\x1d\
\xc7\x9e\x7a\x19\xfb\x4d\x9a\xac\x42\x47\x9e\x81\x00\x00\x00\xc0\
\x8b\xf1\xd9\x62\x60\x30\x07\xe9\x61\xbb\xb5\xb0\xa7\x5e\xc6\xf0\
\x51\xad\xfa\xc8\x59\x17\x30\x10\x00\x00\x00\x00\xb0\x0b\xf4\x8b\
\xb7\x76\x0f\x1d\xd9\x33\x41\xba\xd0\x91\xd3\x5f\xef\xbd\x59\xcf\
\xfe\xfd\x21\x15\x3b\xf3\x7a\xfa\xb1\xf9\x1a\xb1\xc7\x3e\x3a\xf3\
\xf2\xdb\x4d\x75\xef\xfe\xd5\x1c\x5d\x7f\xc9\x85\xff\xfa\xf7\x3d\
\xf6\x1b\xaf\xfa\xec\x0b\x3f\x2d\x32\xee\x75\x53\x35\x7c\x74\xab\
\x5e\xfb\xe6\x23\xfe\xed\xbf\x5b\x1c\xf4\xc6\xc3\x75\xe0\x1b\x0e\
\xd3\xdf\x1e\xb8\x8f\x59\x0d\x00\x00\x00\x00\x83\x3d\x48\xf7\x84\
\x47\xef\xb9\x59\x7f\xb8\xe2\x5b\x2a\x76\xfe\xfb\x5b\xa2\x57\x3f\
\xbd\x44\x9b\xd7\xae\xd4\xb0\x51\x63\xaa\xae\x3d\xee\x75\x53\xff\
\xed\xdf\x9f\xfb\xc7\xd2\x7f\xfb\xf7\x65\x8f\x2e\x94\x24\x5d\x2d\
\xe9\xf5\xef\x78\xaf\x8e\x3e\xf5\x74\x8d\x18\x3d\xc6\xbc\x4d\x1f\
\x39\xeb\x02\x9d\x7b\xdc\x5b\x54\x2a\x76\x30\xb3\x01\x00\x00\x00\
\xa0\x87\xf4\x8b\xb7\x76\xef\x33\xf1\xe0\x6e\xad\xb7\x64\xfe\xbd\
\xba\xe9\xfb\x5f\xfd\xaf\x10\xfd\xbc\xa7\x1f\x9b\x6f\xaa\xff\xff\
\xdb\xbb\xfb\x68\x3b\xab\xc2\xce\xe3\xbf\xbd\x9f\x73\xce\x7d\x4f\
\x42\x12\x25\xf2\x66\xb4\x92\x84\x37\x0d\xef\xa0\xa5\x06\xa6\x0b\
\xb0\x55\xd0\xb6\xda\x3a\xae\x8a\xd3\xe9\x5a\xd3\x51\xd7\x8c\xf3\
\xc7\x88\xb3\x56\xd7\x10\x46\x3b\xe3\xb4\xd6\x97\x3a\xed\xea\x54\
\xa7\x45\x57\xb1\x48\xa7\x06\x15\x50\x06\x94\x44\xa4\x90\x00\x21\
\x80\x10\x92\xd0\x12\x42\x5e\x20\x24\x21\xc9\x7d\x3f\xe7\x79\xf6\
\x9e\x3f\x6e\x7c\xa1\x42\xb8\x39\xbf\x73\xbd\xf7\x26\xdf\x8f\x2b\
\x2c\x24\x77\xef\xb3\x9f\xfd\xec\xbd\x9f\xfd\x7b\x9e\x73\xce\x3d\
\x65\xc9\x69\xea\xe9\x9f\xdc\x97\xa3\xfd\xe3\x6d\xab\x74\xfd\xef\
\x5e\xad\x87\xd7\xdc\x69\x1f\x57\x6f\xff\x1c\xfd\xe6\x47\xaf\x65\
\x54\x03\x00\x00\x00\xc0\xb1\x1e\xa4\x3b\xed\xf6\x2f\x7d\xfa\xb0\
\x7f\xff\xa3\x7b\xfd\x50\xfb\x2f\x9f\x4a\x1f\xce\xe8\xd0\xa0\xfe\
\xfc\xda\x8f\x74\x24\x4c\x5f\x74\xe5\xbb\x35\x7f\x11\x9f\x29\x07\
\x00\x00\x00\x00\x82\x74\x87\x3c\xfd\xd8\x3a\xed\xdf\xbd\xf3\xb0\
\x3f\xe3\x3e\x91\x96\x26\x9e\x4a\x1f\xa9\xbf\xfe\xe4\x27\xb4\x6d\
\xf3\x46\xfb\xb5\xdf\xf1\xc1\x8f\x31\xb2\x01\x00\x00\x00\x80\x20\
\xdd\xa9\x20\xfd\xc0\xab\xfe\xcc\xd8\xf0\xa0\x76\x3c\xf5\x84\xf5\
\x3a\x4b\xcf\xb9\xe0\x88\xcb\x8c\x0e\x0d\xea\x86\x4f\x7d\xc2\x3e\
\xc6\x0b\x2f\x7f\x9f\xe6\x1f\x7f\x12\xa3\x1b\x00\x00\x00\x00\x8e\
\xd5\x20\xdd\xc9\xdf\x23\x3d\x99\x20\x2d\xf9\x4f\xa5\x8f\xe4\xad\
\xdd\x3f\x6b\xfb\x53\x4f\xea\xfe\xef\xde\x62\x1f\xe7\xdb\xdf\xf3\
\xfb\x8c\x6e\x00\x00\x00\x00\x38\x56\x83\x74\x4f\xdf\x40\xc7\xea\
\x1a\x1b\x3e\x38\xc9\x20\xbd\xd6\x7e\xad\x93\x4f\x5d\xd6\x56\xb9\
\xdb\x6f\xf8\x0b\xfb\xb5\x2f\xb8\xfc\xbd\x8c\x6e\x00\x00\x00\x00\
\x38\x56\x83\x74\x27\x3d\xf7\xf4\xa6\x49\x06\x69\xff\x73\xd2\xed\
\x3e\x95\xde\xf7\xfc\x4e\xfb\xa9\x74\x6f\xff\x5c\x9d\xf5\xd6\x2b\
\x18\xe1\x00\x00\x00\x00\xd0\x61\xb5\xde\x38\xa8\x05\xf3\xfb\xb5\
\xe0\xb8\x39\x56\x45\x7b\x9f\xde\x6f\x95\xcf\x92\x14\xc3\x94\x1f\
\xf0\xce\x67\x0e\xff\x3b\x96\x63\x9c\xb8\xb7\x70\x60\xcf\x41\xed\
\xd9\xb9\x5d\x0b\x4f\x68\xff\xb3\xc6\xa7\x2c\x3b\x53\x45\x57\xf7\
\x11\x95\x49\x29\x69\x68\xac\xd2\xba\xbb\xef\xd2\x45\x57\xbe\xdb\
\x3a\xd6\x25\xe7\xbd\x4b\x77\x7f\xa7\xbd\x1b\x02\x39\x67\xeb\xb5\
\xcb\x52\x1a\xa9\xbc\x73\xf5\xc2\x1e\xaf\x0d\x3d\xdd\x7b\xd4\xdb\
\x73\xd0\xaa\xe3\xbc\x73\xdf\x66\x95\x6f\xe5\xa6\x06\xd3\x01\xab\
\x8e\x7f\x7a\xea\x19\x0d\x0f\x8f\xb4\x3f\xb7\x72\x92\x52\xd3\x5b\
\x28\xe6\x15\x8a\xb1\xfd\x5f\x3b\xdf\xa8\xd5\xb5\x70\x60\xae\x39\
\xa6\x4a\x95\x2f\xee\xb6\xea\x18\xf3\x86\x94\xc6\xc7\x9b\x6a\xb6\
\x5a\x56\x1d\x27\xf5\xf5\x79\x63\xaa\xd5\x52\xab\x2c\xad\x3a\x36\
\x96\x63\x56\xf9\x58\x05\x35\xb2\xd7\x0f\xbf\xd4\x17\xd4\x5f\x6f\
\x7f\xcd\xef\xed\xef\xd5\x92\x65\xaf\xb7\xda\x10\xfa\x9f\x57\xa8\
\x8f\xb7\x5d\x7e\x78\x78\x9f\xbe\xf7\x8d\x2f\x59\x6d\x38\xf9\x8c\
\xc5\x3a\xe5\xcc\x37\x58\x75\x9c\x70\xa2\xd7\x0f\x7d\xf5\xa0\xfe\
\xba\x77\x3e\x2f\xff\xd5\x4b\xad\xf2\x0b\x16\x6c\xd1\x71\x73\xb7\
\x58\x75\xdc\xb9\x7a\xbd\x37\xae\x43\xa1\xae\x46\xc3\xab\xe3\xc7\
\xfb\x99\x36\xd5\x43\x50\xbd\xd1\x65\xb5\x61\x70\x74\x4c\x55\x4a\
\xed\xaf\xd7\x45\xd4\x82\x5e\xaf\x1f\x8a\x54\x48\xd9\xdb\xd3\x1d\
\x78\xde\x5b\xa7\xfa\xfb\x7b\xd5\xdf\xef\xad\xb7\xcd\x38\xbd\xcf\
\x9b\xca\x91\xa8\x50\x2f\xa6\xb5\x0d\xe3\x65\xa5\x32\x57\x4a\x46\
\x1d\x39\x67\x99\xdb\x4a\xa5\xac\xad\x4e\xf9\xf7\xad\x38\xf3\x1a\
\x29\x2f\xb6\xda\x90\x26\xfe\x18\xb6\x7e\xe3\x87\x8f\x7f\x85\xf8\
\x79\x14\x05\x69\xba\xe0\x95\x6d\x7a\xf0\x7e\x2d\xbc\xea\xb7\xda\
\xdf\x20\xbd\xa9\xfd\xcf\x76\x3f\xb9\x7e\x9d\xdd\xfe\xd3\xce\x39\
\x9f\x93\x08\x00\x00\x80\x59\x2d\x06\x2f\x48\x4b\xfa\x90\xa4\x15\
\xd3\x7c\x18\xab\x25\x11\xa4\x8f\xa6\x71\x49\x17\xbc\xb2\x67\x37\
\x79\xdf\xdc\x7d\xf2\xa9\xcb\xd4\xd3\xdf\xde\xe7\xbb\x47\x86\x06\
\xb5\x67\xd7\x0e\xeb\xf5\x5f\x73\xc2\x89\x5a\xf8\x3a\x7e\xa7\x34\
\x00\x00\x00\x00\x10\xa4\x67\x49\x90\x96\xa4\x25\xcb\xcf\x6b\xbb\
\xac\x1b\xa4\x25\x9e\x4a\x03\x00\x00\x00\xc0\x31\x19\xa4\x37\x3f\
\xbc\x6e\x7a\x5e\xf7\x41\xff\x9b\xbb\x97\x2e\x9f\xde\x20\xfb\x9a\
\xd7\x9d\xc8\x28\x07\x00\x00\x00\x80\x63\x2d\x48\x77\xd2\xd2\xf3\
\x2e\x3a\xa2\x9f\xdf\x66\x3e\x95\x76\x9e\x48\x77\x02\x4f\xa4\x01\
\x00\x00\x80\x69\xb7\x9c\x2e\x20\x48\xcf\x6a\x0b\x8e\xf0\x5b\xb8\
\x3b\xf1\x39\xe9\x05\x8b\xda\xfb\x9c\xf2\x42\x9e\x26\x03\x00\x00\
\x00\x47\x83\x79\x74\x01\x41\xfa\x17\x6e\x64\xe8\x60\xc7\xea\x3a\
\xfb\xb2\xcb\x8f\xe8\xe7\xf7\xee\xdc\x6e\xbf\x66\x3b\x4f\xa5\x17\
\x2e\x3a\xa1\x23\x41\xfa\xf4\x73\x2f\x60\x94\x03\x00\x00\x00\xc0\
\xb1\x16\xa4\xb7\x3f\xf5\x64\xc7\xea\x3a\xe7\xb2\x2b\x8e\xe8\xa9\
\xf4\xa6\x07\xef\xb7\x5f\xf3\xe2\x2b\xaf\x3e\xe2\x32\xbf\xfc\xeb\
\xef\x61\x74\x02\x00\x00\x00\x00\x41\x7a\x66\xf8\xbd\x4f\x7e\x66\
\xd2\x3f\xdb\x89\x6f\xee\x5e\x7a\xf6\xf9\x47\xf4\xf6\xee\xde\xfe\
\x01\x5d\xfe\xdb\x1f\x64\x74\x02\x00\x00\x00\x00\x41\xba\x3d\x9d\
\xfe\xd6\xee\x65\xe7\x5f\x3c\xe9\x30\x3d\x3a\x38\xa8\x3d\x1d\x78\
\x7b\xf7\x35\x9f\xf8\xe4\xa4\x7f\xf6\x3f\xfc\xcf\xff\xa5\xde\x81\
\x39\x8c\x4e\x00\x00\x80\xe9\xc3\x67\x5a\x01\xcc\xee\x20\xbd\xf7\
\xb9\x1d\x1d\xaf\xf3\x6d\x57\xbf\x57\xff\xf9\xff\xdc\x34\xa9\xb7\
\x79\x77\xea\xa9\xf4\xab\x85\xe9\x9e\xfe\x01\x7d\xe4\xbf\xff\x99\
\x96\x9d\xc3\xe7\x9a\x01\x00\x00\xa6\x19\xdf\xb2\x0c\x60\x76\x07\
\xe9\x7d\xcf\xed\x9c\x92\x7a\x97\x9d\x7f\xb1\xfe\xf8\xbb\xf7\xea\
\xf7\x3e\xf9\x99\xc3\x06\xea\x4e\x7c\x4e\x5a\x92\xde\xfa\x8e\xab\
\xf5\xef\x3f\xf5\xf9\x97\x7d\x9b\xf7\xc5\x57\x5e\xa5\x3f\xfc\xf2\
\xcd\x5a\x7e\xc9\x65\x8c\x4a\x00\x00\x00\x00\x98\xc1\x6a\xb3\xa5\
\xa1\x9b\x1f\x5e\xa7\x25\x67\x4f\xcd\x93\xda\xb7\x5d\xfd\x5e\xbd\
\xed\xea\xf7\xea\xe1\xef\xdf\xa1\x0d\xab\xef\xd4\xc3\x77\xff\x3f\
\x8d\x0e\x0e\xfe\xe4\xef\x3b\xf1\x44\xfa\xc7\x96\x5f\x72\x99\x96\
\x5f\x72\x99\x9e\xdd\xf2\xa4\x46\x86\x26\x5e\x63\xe9\xd9\xfc\xae\
\x67\x00\x00\x00\xbc\xc4\x7e\xba\x00\x98\xb9\x66\xcd\x97\x8d\x6d\
\xde\xb0\x6e\xca\x5f\xe3\xec\xcb\xae\xd0\xbf\xf9\x6f\x9f\xd1\xd9\
\x97\xbe\xf4\x57\x64\x6d\x7e\x70\x6d\xc7\x5f\xeb\xe4\x53\x97\x69\
\xe9\xd9\xe7\x4f\x79\x88\x7e\xe2\xa1\x75\x8c\x72\x00\x00\x80\x59\
\xe6\xcf\x6f\x7d\xe2\x91\x19\xd0\x8c\xad\x9c\x09\x60\xb6\x07\xe9\
\x87\x7f\x71\x81\xf0\xe5\xbe\x5c\xac\x53\x6f\xef\x06\x00\x00\x00\
\x66\x83\x2f\xdd\xf1\xf0\x33\xf4\x02\xf0\xf2\x6a\x45\x0c\xca\x39\
\xa9\x6c\x95\x56\x45\x29\x67\xbb\x31\x39\xbd\x72\x1d\x9b\xd6\xaf\
\xd5\xc8\xe0\xc1\x5f\xc8\xb7\x59\x3f\xb5\x7e\x9d\x62\x0c\x2f\x0d\
\xf2\x0f\xad\xd5\xd2\xf3\x2e\x9a\x75\x27\x78\xdb\x96\x4d\x0a\xed\
\x9c\x0b\xf3\x75\x43\x0c\x8a\x66\x25\xc9\x2c\x5f\x96\xa5\x46\xc7\
\x92\xd7\x7f\xdb\xbc\x6f\x6c\x4f\xb1\x52\xd9\xd5\xb4\xea\xe8\xea\
\xae\xab\x56\xeb\x6f\xff\x5c\x48\x2a\x42\xb2\xfb\x32\x1b\x73\x3c\
\x2a\x68\x6c\x6c\xdc\x6a\x43\x55\x55\xaa\xaa\xca\x5b\x63\x2a\xf7\
\xde\x61\xfe\xb9\xb5\xe1\x88\xc7\x44\x4a\xf6\xbc\x8e\xd1\x3c\x8e\
\xca\x6c\x43\x08\xf6\x31\x8c\x8e\x8d\x2b\x87\xf6\xc7\x54\xb3\xac\
\xd4\x73\x70\xd0\x6a\x43\x7f\x4f\xa5\x5a\xdd\x18\xd7\x41\x6a\x34\
\xbc\x7e\x18\x1b\x1b\xd2\xf3\xcf\x7b\xdf\x03\x32\x30\xe0\x7d\xb1\
\x70\xf7\xbc\x01\x35\x06\x7a\xad\x3a\xf6\xbe\xe0\x7d\x29\x68\x73\
\x7c\x54\x55\xe9\xcd\xef\xee\x46\xe1\xce\x2c\x7b\x5c\xa7\x2a\x59\
\x6b\x65\x90\x54\x66\x77\x7a\x06\x6b\x8d\x08\x21\xa8\x32\xd7\x88\
\x0e\x6c\x09\xd5\x2a\xbd\x7d\xe9\xd8\x78\xd3\x5f\x2b\xbb\xb5\xf8\
\xda\x7f\x7d\xfe\x75\x6d\x94\xdc\x2a\x69\x6b\xd9\x2a\xed\x71\x5d\
\xf9\x97\x0c\x7f\x7f\x9e\xa5\x6c\xec\x0c\x73\x3e\xfc\x1e\x7f\x92\
\xfb\xca\xad\xee\xf5\x3b\x9b\x03\x33\xe7\x20\xe0\xe7\x82\xb4\x72\
\x56\x69\x2e\x58\xd9\x8c\x5e\x79\x12\xe9\x6d\xc3\x3d\x77\xe9\xad\
\xbf\xf6\x1b\x53\xda\x21\x7b\x77\x6e\x7f\xd9\x8d\xf2\xa3\x6b\xee\
\xd4\xbb\xfe\xdd\x7f\x9c\x75\x27\x78\xcf\xae\x1d\x0a\x6d\x6c\x7a\
\xdd\xa5\x22\x84\xa0\x58\x78\xb5\x64\xf3\xea\x51\x56\xa5\x4a\xb3\
\x8e\x67\xcd\x20\x1d\xea\x52\xed\x38\x6f\x73\x37\x77\x4e\xbf\xea\
\xfd\xed\x7f\x9d\x41\x0c\x52\x57\xe1\x6d\x26\x86\x86\x86\xad\x10\
\x5b\xb5\x2a\x8d\x0d\x79\x41\x3a\xa5\x64\x87\xd0\x58\x79\x5f\x0b\
\x91\x73\x56\x61\x6e\xcc\x9a\x33\x20\x48\x07\x77\x43\x73\x68\x8e\
\x3b\x46\xc6\x9a\x2a\x53\xfb\xd7\x9d\x56\xab\x54\x4f\x97\x97\x62\
\x7b\x16\x94\xaa\x5b\xe7\x41\x6a\x34\xbc\x7e\x18\x1d\x1b\xd4\xd8\
\x6e\xef\x66\xdb\xf1\xc7\x9f\x64\x95\x9f\x3f\x90\xd4\xd5\xed\x05\
\xe9\x91\x11\xef\xa6\xc6\xf8\xf8\x98\x7d\xa3\xac\xa7\xab\x30\xd7\
\x98\xa0\x96\xd7\x04\x55\xa9\x52\x30\x36\xdb\x51\x52\xd5\x81\x20\
\x5d\x18\x37\xfc\x82\xa4\xe4\xde\xc9\x56\xb6\xd7\x88\xd2\x0c\xa0\
\xe3\xe3\x4d\xfb\xa9\x40\x77\x4f\xcf\x62\x49\x2b\xa7\x73\x1f\x17\
\xc3\x0c\x08\x6f\xd9\xeb\xca\x9c\xb3\x7d\x73\xe5\x6b\x77\x3d\x66\
\x3d\x19\xef\x44\x1b\x0e\x4d\x30\xd2\xe3\x51\xe2\x1d\x17\xbd\x39\
\x1b\x81\x67\xc5\x77\xee\x7b\x74\x4d\x9c\x4d\x07\xbc\xe1\x07\x77\
\x4d\xf9\x6b\xec\xdd\xf5\xf2\xc1\x69\xfb\xe6\x8d\x1a\x19\x3c\x38\
\xeb\x06\xc9\xc6\xf5\x0f\x30\x53\x00\x00\x00\x00\xa0\x83\x66\x57\
\x90\xbe\xe7\x2e\xed\xd9\xb5\x7d\x4a\x5f\x63\xf3\x43\xaf\xfc\xc5\
\x62\x8f\xac\xbe\x73\x56\x9d\xdc\xe1\xc1\x83\xda\xb6\x65\x13\xa3\
\x1c\x00\x00\x00\x00\x8e\xd5\x20\x2d\x49\xf7\xdd\xbe\x6a\x4a\xeb\
\xdf\xbe\x69\xe3\x51\x13\xa4\x9f\xe4\x69\x34\x00\x00\x00\x00\x10\
\xa4\xef\xba\xf9\x86\x29\x7d\x8b\xf5\xde\xc3\x3c\xf1\x7e\x64\xcd\
\x9d\xb3\xea\xed\xdd\x0f\xfd\xe0\xfb\x8c\x70\x00\x00\x00\x00\x38\
\xd6\x83\xf4\xe8\xd0\xa0\xbe\xfd\xd7\x5f\x9c\xb2\xfa\xb7\x6f\xde\
\x78\xd8\xbf\xbf\xef\xdb\xff\x30\x2b\xfa\x69\x78\xf0\xa0\x1e\x5a\
\x43\x90\x06\x00\x00\x00\x80\x63\x3e\x48\x4b\xd2\xf7\x6e\xfe\x8a\
\x9e\xdd\xb2\xb1\xe3\xf5\x3e\xbb\xe9\x89\x57\xfd\x99\xef\xff\xdd\
\xdf\xcc\x8a\x3e\x7a\xe8\x07\xdf\xd7\xc8\xd0\x20\x23\x1c\x00\x00\
\x00\x00\x08\xd2\x13\xfe\xe6\x53\xd7\x76\xfc\x6d\xd6\xfb\x76\xed\
\x98\xd4\xcf\x6c\x7e\xe8\xfe\x19\xdf\x3f\xab\xbe\xfc\x17\x8c\x6e\
\x00\x00\x00\x00\x20\x48\xff\xd4\xf6\xa7\x9e\xd4\xd7\xbf\xf0\x47\
\x9d\xad\x73\x92\x4f\xb9\x6f\xfd\xab\x3f\x9b\xd1\x7d\xf3\x83\xdb\
\x6e\xd1\x9e\x5d\x3b\x19\xdd\x00\x00\x00\x00\x40\x90\x7e\xa9\xfb\
\xbe\xb3\xaa\xa3\x61\xfa\xa9\xf5\xeb\x26\xf5\x73\x5b\x1e\x5a\x3b\
\x63\x3f\x2b\x3d\x32\x78\x50\x37\x7e\xee\xd3\x8c\x6c\x00\x00\x00\
\x00\x20\x48\xbf\xbc\xef\xdd\xfc\x15\xfd\xe3\xed\xdf\xe8\x48\x5d\
\x93\x79\x6b\xf7\x8f\xfd\xfd\x9f\x7e\x72\x46\x7e\x83\xf7\xd7\xbe\
\xf0\x69\x8d\xf2\xd9\x68\x00\x00\x00\x00\x20\x48\x1f\xce\x0d\x7f\
\xf4\x09\xfd\xcd\xa7\xae\xb5\xeb\xd9\x7b\x04\x41\x7a\x74\x68\x50\
\x5f\x5d\xf9\xf1\x19\xd5\x0f\x3f\xbc\x6d\x95\xee\xbd\xfd\x16\x46\
\x35\x00\x00\x00\x00\x10\xa4\x5f\xdd\x7d\xdf\x59\xa5\xff\x7d\xed\
\x87\xdb\x7e\x4a\xbc\x65\xfd\xda\x23\x2e\xf3\xc8\x9a\x3b\xf5\xbd\
\xaf\xcd\x8c\x6f\xf1\xde\xb6\x79\xa3\xbe\xf6\x05\xde\xd2\x0d\x00\
\x00\x00\x00\x04\xe9\x23\xf0\xd8\x9a\xbb\xf4\xc7\x1f\x7c\x77\x5b\
\xa1\x78\xc7\xe6\x27\xdb\x7a\xcd\xff\xfb\xd9\x4f\x4d\xfb\xe7\xa5\
\xb7\x6d\xde\xa8\x4f\x7f\xf4\x43\xbc\xa5\x1b\x00\x00\x00\x00\x08\
\xd2\x47\x6e\xdf\xae\x1d\xfa\xe2\x87\x3f\xa8\xbf\xfd\xe4\x27\x8e\
\xe8\xe9\xf4\xde\x5d\xdb\xdb\x7e\xcd\xaf\x5e\xff\xf1\x69\x0b\xd3\
\x84\x68\x00\x00\x00\x00\x20\x48\x77\xc4\xba\xdb\x56\xe9\xfa\xf7\
\x5c\xa6\xef\x7c\xf9\x8b\x93\x0a\xd4\x3b\xb6\x3c\x69\xbd\xde\x57\
\xaf\xff\xb8\x6e\xfd\xab\x2f\xfc\x42\x8f\xf1\x87\xb7\xad\x22\x44\
\x03\x00\x00\xe0\x68\xb6\x95\x2e\xc0\x4c\x54\xbb\xe0\x94\xe3\xd5\
\x6a\x95\x2a\x5b\xa5\x55\x51\xd3\x2b\xae\x10\x82\x8a\x5a\xcd\x6b\
\x83\xba\xa4\x5c\xfc\xe4\xff\x8f\x0d\x4a\xab\xbe\xf4\x55\x7d\xf7\
\xef\xbe\xa1\xb7\xfe\xfa\x3b\xf5\xaf\x7e\xe7\xfd\x5a\x78\xc2\x09\
\x2f\x5b\xf6\x9f\x36\x6d\xd7\x78\x9e\x6b\xdd\x5a\xf8\xe6\x97\xff\
\x56\x8f\xad\x7f\x4c\xbf\xff\x5f\xaf\xd7\x6b\x4e\x38\x71\xca\x4e\
\xda\xf0\xe0\x41\xdd\xf8\x99\x3f\xd1\x3d\xb7\x7e\xeb\xd0\x7f\xa9\
\xbf\xb4\x2f\x7b\x47\x15\x6b\xc9\x7a\x8d\x22\x04\xef\x5c\x8c\x67\
\x0d\x37\xcd\x31\x51\xf7\xca\x37\xd4\x50\x23\x74\x5b\x75\x8c\x67\
\xb3\x1f\x53\xa5\xfa\xfe\x71\xab\x8e\xe7\x77\x0f\x2a\xa5\xdc\x7e\
\x1b\x6a\x75\xf5\xf4\xcf\xb5\xda\x30\xd6\x6c\x29\xe5\xf6\xdb\x90\
\x42\x50\x55\xf4\x59\x6d\x68\x95\x95\xca\xaa\xf2\xc6\xc4\x98\xb7\
\x50\x15\xb1\x50\x51\x78\xf7\x1f\x47\xba\xb2\x55\x3e\x16\x7e\x1b\
\x5e\x3b\x32\x66\x95\x4f\x29\xa9\x1a\x1f\xb1\xea\xe8\x53\xaf\x1a\
\xb1\x68\x7f\x7d\xa8\x82\x86\xf7\x7b\xfd\xf0\xd8\x83\x85\x4a\xb5\
\x7f\x3e\x82\x0a\x15\x45\x8f\xd5\x86\xe3\x7a\x0a\x1d\xd7\x5b\x78\
\xe3\x32\x7b\xf3\x62\x64\xf0\x39\x3d\xdf\x6c\x59\x75\x9c\xb6\xe4\
\x4c\xef\xba\x36\x5c\xd7\xde\x7d\xde\x5a\xf9\xfd\x7b\xbd\x8b\x4e\
\x88\x51\x8d\x2e\xef\xda\x57\x84\xa0\x20\xa3\x8e\x9c\x35\x52\x7a\
\xe7\xa2\xbb\xd1\xb0\xd6\x88\x98\xb2\x72\x69\xae\x53\x31\x2a\x46\
\x6f\x7e\x8e\x8f\x78\xf3\xa2\x39\x2e\xa5\xc2\x5b\xf3\x87\xcb\x61\
\xab\x7c\x6f\x6f\xb7\x7a\x7b\xfb\xad\x3a\xf6\x0f\xb5\x56\x4b\x5a\
\xdd\xfe\xfe\x5a\x5b\x3f\x72\xd5\x85\xd7\xbd\xc2\x5f\xaf\x98\x4c\
\x1d\xa3\xad\xa6\x82\xb1\x07\xc8\x39\xab\x4a\xd6\x98\xb2\x83\x74\
\x08\x51\x21\x78\xe3\x3a\xe5\x20\x65\x6f\x8d\xb8\xfa\x6d\x67\x64\
\xf3\x50\x56\x7e\xf3\xde\xc7\xaf\x27\xc2\xfa\xf2\x4f\xfe\x61\x04\
\xe9\x63\xa1\xa3\x46\x87\x86\xf4\xbd\xaf\xdf\xa4\xef\x7d\xfd\x26\
\x9d\x74\xea\x12\xbd\xf5\x9d\xef\xd4\xf2\x5f\x79\xfb\x4f\x42\xf5\
\xc8\xe0\xa0\x46\x87\x86\x3a\xf2\x5a\x4f\x3e\xf4\xa0\xfe\xf0\x03\
\xbf\xad\x2b\xde\xff\x01\x5d\xf1\xfe\x0f\xa8\x6f\x60\x4e\x47\x8f\
\xe5\x07\xdf\xfe\xa6\x6e\xfc\xcc\x9f\x68\x84\xa7\xd0\x00\x00\x00\
\x47\xbb\xd5\x7f\x79\xdb\x03\x6d\x07\xa7\x8f\x5c\x75\xe1\xdb\x25\
\xdd\x40\x37\x1e\x1d\x52\xd6\x0a\x49\x04\xe9\x19\xa2\x76\xac\x1d\
\xf0\xf6\x2d\x9b\x75\xf3\xe7\x3e\xab\x9b\x3f\xf7\x59\x9d\x74\xea\
\x12\x2d\x3d\xe7\x1c\x2d\x78\x85\xa7\xd4\xed\x1a\x19\x1a\xd4\xaa\
\x2f\xfd\xa5\xee\xf8\xbb\x1b\x75\xc9\x3b\xaf\xd2\x15\xef\xff\x80\
\xf5\x84\xfa\x85\x9d\x3b\x74\xcf\xb7\xbf\xa5\x7b\xbe\xfd\x2d\xed\
\xd9\xb5\x93\x51\x0b\x00\x00\x00\x00\xb3\x35\x48\xff\xd6\x47\xaf\
\xd5\xc9\x6f\x5a\x26\x49\xd6\x5b\x4f\x25\x29\x84\x89\x7f\xdc\xfc\
\x85\x4f\x6b\xfb\x53\x9b\x7e\x61\xa1\x7a\xfb\x96\xcd\x53\x56\xff\
\xc8\xd0\xa0\xee\xb8\xe9\x46\xdd\x71\xd3\x8d\x3a\x65\xc9\x52\x9d\
\x76\xce\x79\x3a\xed\xdc\xf3\x74\xca\x92\xa5\x87\x0d\xd6\x2f\xec\
\xdc\xa1\x3d\x3b\x77\x6a\xe3\x43\x0f\xea\xa1\xd5\x77\x6b\xdb\xe6\
\x4d\x8c\x54\x00\x00\x00\x00\x38\x1a\x82\xf4\xc9\x6f\x5a\xa6\x25\
\x67\x5f\xd0\xd1\x06\xf5\x76\xf8\xad\xd0\x33\xc5\xb6\xcd\x9b\xb4\
\x6d\xf3\x26\xdd\x71\xd3\x8d\x3f\x3d\xd6\xfe\x01\x9d\xb2\x64\xe9\
\x4b\x7e\x66\x64\x70\xd0\x7e\xbf\x3e\x00\x00\x00\x00\x60\x86\x06\
\x69\x78\x46\x86\x06\xf5\xe4\xfa\x07\xe9\x08\x00\x00\x00\x00\x98\
\x45\x22\x5d\x00\x00\x00\x00\x00\x00\x41\x1a\x00\x00\x00\x00\x00\
\x82\x34\x00\x00\x00\x00\x00\x04\x69\x00\x00\x00\x00\x00\x08\xd2\
\x00\x00\x00\x00\x00\x10\xa4\x01\x00\x00\x00\x00\x20\x48\xd3\x05\
\x00\x00\x00\x00\x00\x10\xa4\x01\x00\x00\x00\x00\x20\x48\x03\x00\
\x00\x00\x00\x30\xdd\x6a\x74\x01\x00\x00\x00\x80\x19\x6a\x03\x5d\
\x80\x29\xb0\xda\x28\xbb\x5f\x92\x6a\x55\x4a\xaa\xaa\x89\x3f\x47\
\x2a\x4f\xc1\x11\xa5\xd4\x5e\x5b\x26\x0a\x67\x85\xec\xb6\x2a\x30\
\xac\x24\xe5\x9c\x67\x40\x1b\xcc\xb1\xa4\xac\x94\x93\xd7\x06\x73\
\x94\xe7\x9c\x55\x29\x99\x23\x32\x28\x1a\xef\x1d\x09\x61\x62\x5e\
\xb9\xd3\xc2\x9d\x19\x55\x55\xd9\x6b\x43\x4e\x79\x5a\xc7\x75\x56\
\xb6\xeb\x48\xe6\x31\x84\x90\x95\x43\xb6\xfb\xd2\x9d\x9b\x31\x7a\
\x23\x22\x55\x59\x95\x31\x3f\x63\x08\xed\x5f\x2b\x7e\x3c\x26\x53\
\x52\x65\x9c\xcf\x18\x83\x8a\x0e\xcc\x8b\xf1\xa6\x77\x1c\xa3\x23\
\xa3\x56\xf9\xe1\xa1\x21\xd5\x0f\x7a\xf7\xd5\x63\xa3\xdb\x2a\xdf\
\xe8\xee\x55\x5f\x5f\xbf\x55\xc7\xfc\x79\xfd\xf6\xdc\x1c\x6d\x99\
\xeb\x54\xf6\xf6\x21\xa1\x03\xfb\x90\x9c\xb3\x35\xc7\x43\x96\xaa\
\xe4\xef\x01\x42\x08\xd3\x5a\x7e\x32\x1b\xe5\x94\xf2\x8a\xa9\xbc\
\x6e\xb5\x5a\xa5\x9a\xcd\x96\x37\xb7\x62\x58\xf1\x91\xab\x2e\x6c\
\x67\x9d\x5e\x2c\xe5\xc5\x39\xe7\x79\x7e\x37\x76\xe2\x5c\x58\xf3\
\x62\xf9\xfb\x2f\x3d\xeb\x3a\xe7\xf2\x9b\x95\x17\xe7\x0e\x1c\x82\
\xbd\x8f\x70\x37\xb7\xd3\xbf\x3d\xef\x88\x2b\x2e\x3c\xf3\xf5\x92\
\x3e\xe4\xcc\xed\x3b\xd6\xfe\x68\x8d\xd3\x86\xef\xde\xff\xe8\xa5\
\xee\x71\xd4\xc6\x9b\x2d\x35\x9b\x2d\xb5\x5a\xe5\x2f\x7c\x33\xf6\
\xca\x8b\x4e\xb3\xad\xb2\x45\xae\x99\x53\x3d\xa8\x28\x8a\xe9\x1d\
\x59\xa1\x03\xeb\x55\x07\xd6\xbb\x94\xfc\x1b\x12\x45\xe1\x7d\x72\
\xc0\xdf\x24\x57\x32\xf7\xa7\x2a\xa2\x37\x1e\xca\x9c\x34\x5a\x7a\
\x17\xd1\x46\xa3\xb0\xc6\x65\x56\x54\xb3\x2c\xad\x36\xc4\x18\x14\
\x8c\x34\x9f\xaa\xa4\xd1\x31\xaf\x1f\x66\xc2\xcd\x9d\x89\x79\xe1\
\x0d\xaa\xb2\x9a\xde\x9b\x3b\x13\x0b\x6d\x65\x8f\x87\xee\xae\x86\
\xd7\x0f\x43\x95\x92\xb1\x49\x0d\x21\xa8\x61\xae\x53\x63\xa9\x54\
\x69\xf4\x67\xad\x28\xd4\xa8\xd7\xbd\x10\x3c\x36\xa6\xd6\xc8\xb8\
\x55\xc7\x8e\x67\x77\x58\xe5\xf7\x97\x7b\xd4\x3f\xea\x05\xe1\x73\
\x2e\x7f\xbf\x55\x7e\xe1\x89\x2d\xbd\x61\xc4\xbb\x78\x5d\x7c\x8e\
\xd7\x0f\x2f\x1e\x1c\xd1\x86\x27\x9e\xb5\xea\x68\x96\xa5\xb5\x56\
\x35\x42\x50\x61\x8e\xa9\x94\x2a\xe5\xdc\x7e\x5f\xe6\x94\xd5\x6c\
\x79\x73\xab\x5e\x2b\xec\x20\x5c\xab\x17\x66\x3f\x24\xfd\xd5\xda\
\x27\xed\x8d\x72\xbb\x7e\xe7\xa2\x37\xbc\xa5\xaa\xd2\x0d\xcd\xf1\
\xe6\x72\xa7\x9e\xbe\x79\xf3\x57\x48\x5a\xe1\xf4\x43\x3b\x7b\xfc\
\x97\xae\xb7\x51\xce\x96\x2e\xe7\xe4\x26\xc0\x15\x29\xb4\xdf\x07\
\x3f\x13\x40\x3f\xa6\xe9\x7d\xba\xbd\x5c\xca\x9f\xb7\xc6\xf5\x51\
\x12\xa4\x73\xce\x8b\x25\xad\x34\xaa\x58\x29\x69\xcd\x74\x1f\x07\
\x6f\xed\x06\x00\x00\x00\x3a\xe8\xa6\xfb\x9f\x7e\xe4\x9a\x5f\x39\
\x75\x3f\x3d\x31\xa3\x6c\xf8\xfa\xea\x1f\x4d\x5b\xf8\xfa\x8d\x4b\
\xce\xe4\x0c\x1c\x65\xf8\xb2\x31\x00\x00\x00\x00\x00\x08\xd2\x00\
\x00\x00\x00\x00\x10\xa4\x01\x00\x00\x00\x00\x20\x48\x03\x00\x00\
\x00\x00\x40\x90\x06\x00\x00\x00\x00\x80\x20\x0d\x00\x00\x00\x00\
\x00\x08\xd2\x00\x00\x00\x00\x00\x10\xa4\x01\x00\x00\x00\x00\x20\
\x48\x03\x00\x00\x00\x00\x40\x90\x06\x00\x00\x00\x00\x80\x20\x0d\
\x00\x00\x00\x00\xe8\xa4\xc5\x74\x01\x41\x1a\x00\x00\x00\x00\x30\
\x49\x99\x20\x4d\x90\x06\x00\x00\x00\x00\x80\x20\x0d\x00\x00\x00\
\x00\xc0\x31\xa0\x36\x3a\x5e\x29\xa7\x20\x85\x5a\x1b\xc5\x43\xc7\
\x1b\x74\xc9\x55\xbf\xa5\xd3\xce\xbb\xb8\xad\xb2\x21\xbb\xf7\x05\
\x82\x62\xf4\xea\xa8\x72\x52\x56\x36\x5b\x61\xf6\x6b\x51\x49\x41\
\xfa\xc1\x6d\xab\xb4\xe7\xb9\x1d\xed\x1d\x47\xf2\x8e\x21\x86\x42\
\xb5\x5a\x61\xd5\xd1\xcc\x2d\xab\x7c\x4e\x59\x65\x2a\xad\x3a\x1a\
\xdd\x35\xef\x5c\xa6\x9a\x42\xd5\xeb\x1d\x47\x8e\xaa\xaa\xf6\xc7\
\x44\xcc\x52\x4f\xf2\xc6\x54\x4a\xde\xb8\xae\x49\xaa\x47\xaf\x0d\
\x21\x04\x7b\x6e\x1c\x8c\x4d\x6f\x5c\xc7\xa8\xc2\x3c\x8e\x9a\x2a\
\xaf\x7c\x96\x8a\xec\xb5\xa1\x5e\xeb\x31\xc7\x64\x56\x73\xdc\x5c\
\x23\x8a\xa0\x60\xf4\x65\x0c\x41\x55\xdd\x5b\xaf\x63\xb3\x5b\x0d\
\x63\x6e\x84\x14\x54\x8e\x7a\xeb\x9c\x62\x92\xe2\x98\x55\xc5\x68\
\xf9\x82\x55\xfe\xc5\x9d\x41\x63\xcf\x7b\x63\xea\x7d\xa3\x07\xac\
\xf2\x07\x9e\x7f\x4a\xdb\xb6\x3c\x60\xd5\x71\xfa\xd2\xf9\xde\xf5\
\x3b\x2d\xd2\xf2\xb7\x9c\x6d\xd5\x71\xe7\x9d\x6b\xf4\xfc\xee\xf6\
\xcf\x47\xcc\x52\xd5\xf2\xd6\x88\x58\xab\x29\x18\xa7\x33\x2b\x6a\
\xbc\xe1\x5d\xfb\xaa\xa2\x50\x59\x78\x73\x63\x6e\x35\xee\xb5\xc1\
\xeb\xc6\x8e\x38\xd0\x2a\x55\xcb\xde\x5a\x59\x54\x83\x76\x3b\x42\
\x3d\x98\x7d\x59\x53\x32\xae\x3b\x49\x59\x4d\xf7\x84\xb8\x7b\xfc\
\x10\xa4\x18\xa6\x77\x40\x64\x29\x27\xf3\x92\x91\x83\x8e\x06\x85\
\xb4\x55\xd2\x4a\xa3\x8a\xd5\x33\x22\x48\xa7\x74\x28\x10\xb7\xb3\
\xea\x86\x29\x08\xd2\xef\xfc\x0d\x6e\x6f\x74\xc8\x13\x0f\x3e\xa0\
\x3d\x3b\x77\xb5\xb9\xea\x99\x37\x03\x8a\xa8\x22\x7a\x17\xd1\x18\
\xbc\x45\xb7\x52\x65\xdf\xd4\x88\x1d\x58\x74\x43\xf2\x36\x24\x39\
\x07\x59\x37\xad\xb2\x54\x33\x17\xee\xb2\xca\xca\xc6\x66\x20\x06\
\xbf\x2f\xc3\xa1\xf0\x64\x1d\x87\x79\x3a\x63\xf0\xaf\xe5\x0d\x77\
\x3c\xc9\x7f\x2b\x51\x34\xe7\x66\x4a\x59\x95\xbd\x4b\x0d\x0a\xc6\
\x81\xe4\x10\x14\x0b\x77\x4c\x15\x0a\x4e\x6f\x66\x29\x57\x5e\x1b\
\x72\xc8\xca\xc1\x9b\xa0\x29\x7b\x81\x63\x74\x34\xeb\x40\xe9\xad\
\x95\xaa\xbc\x9b\x96\xad\xf1\x21\x8d\x0c\xed\xb5\xea\x38\xe9\x04\
\x2f\x48\x87\xd8\xab\x7a\xcf\x89\x56\x1d\x7d\x3d\x0d\xd5\x82\x37\
\xbf\x65\xae\xd7\x21\x4f\xdc\x78\x6c\x7f\x58\x07\x25\x73\x8d\xa8\
\x62\xa1\xe0\xee\x01\xdc\xdc\x65\x0e\xe9\x4e\x68\xe5\x6c\x37\x24\
\x65\x6f\x6e\x85\x10\xec\x35\x3f\xa7\xac\x6c\xec\x43\x52\xb6\x87\
\xb5\x26\x76\x42\xc1\xad\x64\xeb\x74\x8e\x87\xd0\x81\x07\x90\x47\
\x47\x8c\x96\xbe\xb3\xee\xf1\x67\x24\x5d\x3f\xdb\x8f\x83\xb7\x76\
\x03\x00\x00\xe0\xa8\x12\xc2\xcc\x78\x62\x85\x99\xe3\xe6\xbb\x1e\
\x79\x86\x5e\x00\x41\x1a\x00\x00\x00\x00\x00\x82\x34\x00\x00\x00\
\x00\x00\x04\x69\x00\x00\x00\x00\x00\x08\xd2\x00\x00\x00\x00\x00\
\x10\xa4\x01\x00\x00\x00\x00\x00\x41\x1a\x00\x00\x00\x00\x00\x82\
\x34\x00\x00\x00\x00\x00\x04\x69\x00\x00\x00\x00\x00\x08\xd2\x00\
\x00\x00\x00\x00\x10\xa4\x01\x00\x00\x00\x00\x20\x48\x03\x00\x00\
\x00\x00\x00\x82\x34\x00\x00\x00\x00\x00\x04\x69\x00\x00\x00\x00\
\x00\xa6\x49\x2d\x67\x49\x41\x0a\xf4\x05\x7e\x56\xce\x56\xf1\x94\
\x92\x5a\x65\x69\xd5\x11\xa3\x77\x9f\x27\xc7\x2c\x45\xef\x38\xca\
\xb2\xf2\x8e\x41\x52\x11\x82\x79\x2a\xb2\x94\xdd\x53\x19\x66\xc0\
\x90\xf2\xce\x45\x08\xc1\xae\x43\xd9\x3e\x0a\x7b\x6e\xe4\x0e\xb4\
\x21\xcb\x9d\x9f\xd9\x6e\x43\x8c\xc1\x9c\x1b\x51\x21\x64\x6b\x3c\
\x4c\xf7\xb8\x0c\x0a\x4a\x39\x99\xeb\x9c\xd4\x68\x78\xc7\x30\x30\
\xd0\xe7\xad\x73\xcd\x96\x5a\xe3\x4d\xab\x8e\xbd\xbb\x77\x98\x6d\
\x18\x53\x5f\x9f\x77\x1c\x83\x07\x0f\x5a\xe5\xbb\x7a\xa2\xe6\xcc\
\xf7\xda\xd0\xdf\xd7\xab\x81\xfe\x9e\xb6\xcb\x57\xad\xa4\xf1\xc1\
\x96\x37\xbf\x73\x56\x70\x16\x9a\x8e\xcc\xad\x6c\xaf\xd7\x29\x25\
\x73\x6e\x6b\xf1\x1f\xbc\x65\xc9\x75\x2f\xb3\x76\x6c\x8d\x31\x6e\
\x9d\x4c\x1d\xdd\x6f\x3e\xde\x6a\xc3\x96\xa7\xb6\xcf\x6b\xb6\xbc\
\xbd\x90\xbd\x0f\x89\xc1\xde\x4f\x29\x9b\xe7\x33\x77\x60\x48\x05\
\xad\x56\xd6\xea\x59\xbe\xbb\xde\x2a\x69\xe5\xa1\x7f\x5f\x2e\x69\
\x5e\x1b\x1d\xb1\xf8\xea\x8b\xce\xba\xce\x1a\x53\x55\xb5\xfa\xb6\
\x07\x9e\x58\xd3\x6e\xf9\x5f\x3b\xff\xf4\xb7\x87\x10\x37\xdc\xb6\
\xee\x47\x07\x8e\xf9\x20\x9d\x0e\x6d\xf6\x3b\xb5\x29\xc1\xcc\x11\
\x0e\xfd\x6f\x3a\x8c\x37\x5b\x6a\x99\x8b\xff\xc2\xf9\xf3\xac\xf2\
\x55\x28\x95\xcc\x8b\xc7\xe8\xc8\x98\x37\xc1\x8a\x42\x03\x3d\x3d\
\x56\x1d\x65\xab\xb4\x36\xeb\x21\x07\x49\x85\x1d\x62\x9d\x35\x22\
\x28\xdb\x57\xd2\x94\xb3\x3d\x9a\xed\xf2\x9d\xd8\x0c\x74\xe2\x5e\
\x80\xd9\x90\xaa\xaa\xec\xf1\xd0\x30\xd3\x5f\x54\xb2\xf6\xeb\xd9\
\xbf\x23\x31\x71\x53\x23\x3b\x63\x32\x29\x99\xed\x98\xdb\x95\xb5\
\x70\xbe\xb7\x4e\x2d\x3d\xed\x4d\x56\xf9\x17\x06\xf7\x6a\xcf\xd0\
\x5e\xab\x8e\xb5\x77\xaf\xb2\xca\xd7\x7b\xe7\xea\x8d\x6f\x7c\x83\
\x55\xc7\xbd\xf7\xdc\x63\x95\x3f\xfe\x84\x37\x6a\xf9\x85\x5e\x1b\
\xde\xf4\xc6\xd7\xab\xb7\xab\xfd\xf3\x79\xe0\xc0\xb0\x9e\x78\x6c\
\x9b\x7d\xdd\xf1\x6e\x74\x65\x15\xe6\x8d\xb2\xd0\x81\x39\xda\x6c\
\x55\x6e\x3f\x2c\xae\xd5\x8a\x95\xd3\xb9\x0f\xeb\xea\xee\xd6\xee\
\xbd\xde\xdc\x1a\xe8\xf6\xfa\xa1\x28\x0a\x15\x85\xb7\xc6\x54\xa9\
\xb0\xd6\xba\x9c\xb3\x0a\xf7\xe1\x88\xb4\xfa\xe6\xbb\x1e\xb9\x7e\
\x36\xef\xcb\xff\xe1\x87\x8f\x3d\x23\xc9\x3a\x86\xf7\xbc\xf5\x2d\
\xd7\xfd\x4c\x18\x6f\xef\xda\x55\x96\x2b\x25\xad\x31\xaa\x58\x2d\
\x49\xbf\x7e\xc1\x99\xd3\xb9\x27\x5b\x79\xeb\xba\x1f\x4d\xfb\x78\
\xe0\xad\xdd\x00\x00\x00\x00\x00\x10\xa4\x01\x00\x00\x00\x00\x20\
\x48\x03\x00\x00\x00\x00\x40\x90\x06\x00\x00\x00\x00\x80\x20\x0d\
\x00\x00\x00\x00\x00\x41\x1a\x00\x00\x00\x00\x00\x10\xa4\x01\x00\
\x00\x00\xcc\x58\x59\x5a\x41\x2f\x60\xa6\xa9\xcd\xb4\x06\xdd\x7b\
\xfb\x2d\xda\xb3\x6b\x67\x7b\x85\x53\xf2\x7e\x47\x6b\x90\x42\xf0\
\xee\x2d\xa4\x9c\xe4\xfe\x7a\x53\xf7\x57\x7a\xe7\x30\x71\x30\x7b\
\x76\xed\x60\x84\x03\x00\x00\x00\xc0\xd1\x1f\xa4\xbf\xa9\x4d\x0f\
\x3f\xd0\x5e\x80\x6c\x55\xb2\x52\x6c\x08\x2a\x8a\xc2\x6a\x7f\xab\
\xaa\x94\xcd\x24\x1d\xcd\x24\x5d\xc5\x0e\xa4\x71\x00\x00\x00\x00\
\xc0\xcb\x67\x36\xba\x00\x00\x00\x00\x00\x00\x82\x34\x00\x00\x00\
\x00\x00\x04\x69\x00\x00\x00\x00\x00\x08\xd2\x00\x00\x00\x00\x00\
\x10\xa4\x01\x00\x00\x00\x00\x38\x3a\xd5\xe8\x02\x00\x00\x00\x00\
\x68\xcf\xbb\x2e\x5a\xf6\x16\x49\xf3\x5e\xed\xe7\x62\x3c\xec\x6f\
\x07\x5a\x7c\xe8\xcf\x2b\xca\x4a\x2b\x82\xe2\x06\x49\xfb\x8d\xe6\
\x6e\xe5\x8c\x75\x28\x48\x57\x39\x29\x2b\x28\xb7\xf1\xeb\x92\xf2\
\x14\x34\xa8\x4a\x49\x65\x95\xda\x2a\x9b\x73\xf6\x7e\xfd\x55\xce\
\xaa\xcc\xf6\xe7\x90\x0f\xfd\x1e\xe7\x76\x05\xb3\xbc\x54\x2a\x2b\
\x99\xbf\x82\xcb\x3d\xb7\x29\x04\x25\xf3\x57\x70\x1d\x1c\x1d\xb5\
\xca\x47\x05\x05\x79\x6d\x88\xdd\x75\xaf\x1f\xb2\x34\xd4\x6c\x5a\
\x75\x14\x45\xb4\x7e\xbf\x79\x50\x56\x19\xbc\x36\xb8\xbf\xd2\x2d\
\xe5\xa0\x5c\xd5\xcc\x36\x24\xbb\x1d\x35\xf3\xde\x61\x50\x50\x34\
\x27\x68\x2d\x79\xab\x4c\x11\xa2\x8a\xe0\xfd\x9a\xbe\x5a\x48\xde\
\xbc\x08\x52\xdd\x5c\x2d\x87\xaa\x21\x55\xb9\xd5\xfe\x31\x14\xd2\
\x40\xaf\x39\xbf\xbb\xa2\x82\x31\xa4\x9a\x2d\x69\xdf\xa0\x37\x26\
\x07\x62\x5d\x95\xe6\x5a\x75\x8c\x56\x3d\x56\xf9\xbe\xde\x93\xd5\
\xdb\xf3\x7a\xab\x8e\x6f\xdf\xb2\xc1\x2a\x7f\xee\x79\x4b\x74\xee\
\xf9\x8b\xac\x3a\x4e\x9c\xeb\xf5\x63\x5f\xa3\xd2\x0b\x7b\xef\xb3\
\xea\x58\x7e\xd1\x22\xbd\x39\xbd\xb6\xed\xf2\x83\x2f\x0e\xe9\x97\
\x5e\x3f\xcf\x6a\xc3\xbd\xeb\xfe\x59\x7b\xf6\x0d\xb7\x3f\xb7\x6a\
\x85\xfa\x6a\xde\x1a\x93\x93\xbf\x43\x7c\xed\xf1\xde\x7a\x3d\xd0\
\xdf\xa7\x81\x81\x7e\xef\xda\xd5\xf0\xca\xef\x09\x07\x55\x94\xe6\
\xaf\x44\x1d\xf3\xc6\x43\x88\x51\x55\x6a\x78\xd7\x9d\xae\xa4\x68\
\xbc\x87\x35\x29\x29\x55\xe6\xbe\xb4\xcc\x8b\x7f\xf3\x92\x33\xae\
\xfb\x17\xff\x79\x9e\xa4\xe5\xee\x3e\x26\x4b\x2b\x26\x75\x1c\x29\
\x2b\x79\x97\x4f\x25\xb7\x02\x49\x41\x5a\xf1\xad\xfb\x1f\x5b\x33\
\x5d\xe1\x31\x87\x30\x25\x19\x70\x56\x06\xe9\x99\xd6\xa0\x6c\x84\
\xb8\xdc\x91\xd3\xda\x81\x00\xea\xfe\x0e\x67\xb3\x7c\xca\x7e\x4f\
\x64\xb3\x0d\x9d\xe8\x87\x76\x6f\xa8\xbc\x24\x70\x44\xef\xd3\x0b\
\xa1\xf0\xca\xe7\x94\x55\x96\x6e\x68\x89\x0a\x31\x18\xe7\x22\x2b\
\x87\x34\xbd\x13\x3b\x49\x4a\xe6\x98\xca\xfe\xc2\xed\xfe\x8e\xf6\
\xd0\x89\x9b\x33\xd9\x2f\xef\xd6\x51\x74\x60\x89\x72\x3f\x17\x94\
\x72\x4b\xa5\x11\xa4\xa3\xa4\xa2\x66\xf6\x83\x79\x3e\xcb\x90\x55\
\x05\x77\x6a\xd4\x95\x65\xde\xb0\x93\x17\x7a\xea\x45\xb7\x1a\x35\
\x2f\x8c\xef\xda\x39\x64\x95\x1f\x19\x2a\xd5\x88\xde\x71\xf4\xd4\
\xbd\x7e\xac\x47\xa9\xd9\xdc\x67\xd5\x71\xdc\x82\x85\xaa\x37\xba\
\x8c\x9b\x1a\x75\x0d\xee\x36\x83\x53\x3d\xaa\x69\xdc\xb0\xcb\x29\
\xd8\xfb\xa9\x24\xff\xc6\x67\x61\xde\xc8\x6e\xf4\xd5\xd5\x33\xa7\
\xcb\xaa\xa3\x95\xbd\x36\xd4\x42\x54\x34\x2f\x5c\xc1\x0c\xc1\xca\
\x41\xb9\x34\x6f\x22\x37\x4a\x05\xe7\xae\x63\x0e\xd6\x4d\xcb\x43\
\x9b\x80\xc5\x92\x56\x4e\xc5\x16\x25\x4c\xfa\xe7\x82\xbd\xc5\x77\
\xe7\x85\x9f\x54\xd0\x49\x7c\x46\x1a\x00\x00\x00\x00\x00\x82\x34\
\x00\x00\x00\x00\x00\x04\x69\x00\x00\x00\x00\x00\x08\xd2\x00\x00\
\x00\x00\x00\x10\xa4\x01\x00\x00\x00\x00\x20\x48\x03\x00\x00\x00\
\x00\x00\x82\x34\x00\x00\x00\x00\x00\x04\x69\x00\x00\x00\x00\x00\
\x08\xd2\x00\x00\x00\x00\x00\x10\xa4\x01\x00\x00\x00\x00\x20\x48\
\x03\x00\x00\x00\x00\x40\x90\x06\x00\x00\x00\x00\x00\x04\x69\x00\
\x00\x00\x00\x00\x08\xd2\x00\x00\x00\x00\x00\x4c\x8d\x5a\xce\x59\
\x59\x41\x39\xe7\x99\xd1\xa2\xac\xb6\xdb\x32\x51\xcc\x3b\x8e\x9c\
\xcc\xf6\x17\xc1\x6d\x82\x7d\x0c\x31\x04\xbb\x09\xa3\xad\xd2\x3b\
\x82\x9c\xa5\x30\xed\x43\x49\xc9\x1c\xd7\x45\x07\x8e\xa1\x4a\xc9\
\x86\xaf\xc3\xd3\x00\x00\x0b\x02\x49\x44\x41\x54\xec\x4b\xef\xf5\
\x3b\x71\x1a\x82\x24\x85\xf6\x6b\x0a\xa1\x33\x83\xc1\x5e\xa7\x3a\
\xd1\x8e\xec\x16\xcf\x76\x1f\xb8\xfd\x10\x63\xb4\xfb\xa0\x2c\x2b\
\x6f\x6e\x45\x6f\x70\x76\x35\xa2\xfa\xfb\xbb\xbd\xe1\x90\xa2\x75\
\x3e\x63\x91\xd5\xd7\xd3\xb2\x07\xd4\xd0\xa8\x57\xc7\xc8\xf0\x88\
\x37\x1e\xd4\x52\xd4\x98\x55\x47\x4f\xdd\x1b\x53\xe5\xf8\xa8\xf6\
\xed\x79\xc1\x6b\x43\x6f\xaf\x55\xbe\xd1\xd3\xad\xa2\x56\x37\x97\
\x18\x6f\x8d\x29\x8a\x42\xfd\x03\x73\xbc\x36\xc4\x42\x55\x6a\x7f\
\x60\x17\x59\x2a\x8a\x68\xce\x2d\xff\xda\x97\xcc\xf2\xcd\x66\x53\
\xc3\xe6\xdc\x18\xf3\xb6\x42\x6a\xb5\x5a\xaa\xd7\xbc\xbe\xac\x2a\
\xaf\x1f\x62\x0c\x76\x1d\x21\x67\x6b\x33\xd2\x89\xeb\x96\x93\x0f\
\x3a\x68\xbf\xa4\x0d\x1d\xda\xcf\xcc\x93\xb4\xbc\x9d\x8e\x48\x39\
\x2d\xbf\xf2\xfc\xd3\xdb\x0f\x7f\x31\x6c\xbd\x75\xed\xe3\xcf\x10\
\x83\x3b\x10\xa4\xab\x2a\x49\x85\x14\x55\xcc\x90\x1c\xed\x6c\x33\
\xfd\x0d\x6a\x4a\x6e\x88\x2d\x14\xa2\xd7\x06\x77\x9d\xa8\x35\xea\
\x0a\xe6\x46\xf9\xb9\x7d\x83\x56\xf9\xae\x46\x5d\x5d\x5d\xde\x86\
\xa4\x28\xbc\x31\x99\x53\x56\x55\x79\x9b\xfd\x7a\xad\xe1\x6d\x0e\
\x53\xa5\x66\xb3\xb4\xfb\xd2\xdb\x9c\x05\x7f\x73\x17\xa3\x55\x47\
\x15\x82\x62\xe5\x8d\xc9\x94\xb3\x7d\x83\xc8\x0e\x90\x1d\xe0\xde\
\xab\x0b\x39\x2b\x9a\x1b\xcc\x9e\x46\x8f\xb7\x39\x2c\x4b\x1d\x18\
\x1a\xb6\xea\xe8\x9f\x9f\x54\x6f\xb4\x3f\xa6\xfa\x07\xba\x75\xea\
\x92\x93\xbc\x8d\xf6\x48\xa1\x54\xb5\xdf\x86\xe6\x78\x53\xfd\x3d\
\xfb\xac\x36\xec\xd9\x33\xa6\x7f\xde\x71\xc0\xaa\x63\xa0\x6f\xbb\
\x55\x7e\x74\xa4\xa9\xb1\x11\x2f\xcc\x9f\x34\xbf\xcb\x2a\x3f\xf8\
\xc2\x0e\xad\xbb\x77\xa7\x55\xc7\x8a\x2b\x2e\xf7\xd6\x87\xee\xba\
\xba\xfa\xe7\x9a\xd7\xad\x9a\x75\xf3\xb2\xb7\xb7\x5f\x6f\x5a\x76\
\x96\xb9\x07\xd8\xa0\xf1\xd6\x1e\xe3\x18\xa2\x7a\x7b\xfc\x35\xc2\
\xbd\xd9\x56\x96\xde\xcd\x9d\x7d\x2f\xee\xd7\xde\xbd\x2f\x7a\xf3\
\xf3\xa0\x77\xed\x0c\x21\x68\x7e\xbf\xd7\x97\xcd\xb1\xa6\xdd\x86\
\xca\xdc\xdb\x36\xba\x27\x02\xb9\xb3\x1f\x9b\xee\x9b\xd0\x9d\x10\
\x82\x36\x7c\xeb\x1f\x9f\xb8\x74\x3a\xdb\x70\xe5\xf9\xa7\x5f\x23\
\xe5\x1b\xcc\x6a\x3e\x24\xe9\x2b\x46\x3f\xac\x6e\xf3\x6c\x2c\x97\
\x34\xef\x67\x76\xa7\xb3\x3f\x48\x73\x2f\x01\x00\x00\x00\x00\x66\
\xbc\xc5\x6e\x05\xb7\xae\x7d\xfc\x2b\x4e\xf9\xdb\xd7\x3e\x7e\xe9\
\x74\x77\xc2\x3b\x2e\x3c\xeb\x9a\x2b\x2f\x7a\xf3\xdd\x4e\x1d\x41\
\xd6\x1b\xe3\x3e\x76\xfb\xfd\x8f\x3e\x42\x90\x06\x00\x00\x00\x00\
\xcc\x16\x8b\x25\xad\x98\xc6\xd7\x9f\x27\xf1\x65\x63\x00\x00\x00\
\x00\x00\x1c\x11\x82\x34\x00\x00\x00\x00\x00\x04\x69\x00\x00\x00\
\x00\x00\xa6\x86\xf5\x19\xe9\x4f\x7d\xf8\x9a\x9f\xfe\x9f\x2a\xd9\
\x8d\x99\x09\xdf\xa8\x0b\x00\x00\x00\x00\xc0\x61\xb3\x2b\x5d\x00\
\x00\x00\x00\x00\x00\x41\x1a\x00\x00\x00\x00\x00\x82\x34\x00\x00\
\x00\x00\x00\x04\x69\x00\x00\x00\x00\x00\x08\xd2\x00\x00\x00\x00\
\x70\xd4\xd8\x40\x17\x80\x20\x0d\x00\x00\x00\x00\x93\x14\x82\xf6\
\xd3\x0b\x20\x48\x03\x00\x00\x00\x00\x40\x90\x06\x00\x00\x00\x00\
\x60\xea\xd5\xe8\x02\x00\x00\x00\x00\xc0\x31\x66\x65\x9b\xe5\xb6\
\x4a\x52\x2d\xa5\xac\x10\xa5\x94\xbd\x56\xc4\xe0\x3d\xdc\x0e\x41\
\x0a\xb1\x03\x0f\xc8\x8d\xe3\xc8\x39\x2b\xe7\xe4\xbd\x7c\x90\x5d\
\x3e\x99\x27\xa3\x2c\x2b\x29\x7a\xc7\xd1\xa8\x7b\xf7\x58\x42\x0c\
\x2a\xb3\x77\x1c\x51\xd9\x6e\x83\x3b\xa6\x9a\xc9\xeb\xc7\x2a\x25\
\x35\xcd\x31\x35\x9e\xb2\x2a\xa3\x1d\xf5\x90\x55\x46\xaf\x2f\x73\
\x94\xa2\x31\xb6\x93\xb2\xb2\x5a\xe6\xd4\xae\x94\x95\xcc\x31\xe5\
\x8d\x87\x94\xb3\xb2\x39\xae\x43\xaa\x7b\xe5\x73\x9c\x38\x21\xce\
\xb8\x0c\x95\x57\xbe\x4c\x32\x4f\x85\x16\x2d\xea\xd5\xc0\xdc\x60\
\xcd\xef\xe1\xe1\x7d\x56\x1b\xc6\x46\x82\x52\x65\xb4\x21\x48\x73\
\xe6\x37\xac\x36\x1c\x18\x2a\x55\x56\xde\xf9\xdc\x3f\x68\x8e\xc9\
\x56\xa1\x22\x79\x17\xaf\x60\xae\xd7\xad\xe1\x96\x0e\x8e\x97\x56\
\x1d\x83\x3b\x47\xac\xf2\xb5\xfe\xba\xc2\x71\xdd\xde\x1a\xd3\xdd\
\x23\x15\xed\x5f\x3f\xa3\x0a\xf5\xf4\xf4\x5b\x6d\xa8\x17\x85\x6a\
\xc6\xe9\x2c\x62\x52\x0a\xde\x7a\x5d\xe5\x52\xad\xe4\xd5\x51\xc6\
\x01\xb3\x0d\xc9\x5e\xeb\x8a\x3c\xe6\x8d\xa9\xa2\x50\xbd\x28\xbc\
\x71\x9d\xc6\xcd\x0d\x7a\x54\x30\xf7\x21\x55\x59\x28\xa9\xfd\x41\
\x95\x73\x56\x30\x37\xc8\x85\xa2\xb5\xc7\xce\x39\x2b\x99\xd7\xef\
\x19\x21\x04\x41\x4a\x1d\xe8\x86\x2c\xe9\x8e\xfb\x1f\xbd\xde\x9a\
\xe3\x29\x4b\x31\x4b\xee\xd0\x72\x03\x4b\x90\x14\xcd\x3a\xb2\xcc\
\x8d\x40\x4a\xf6\x26\x39\x87\x43\x07\xd3\xf6\x44\xb7\xf7\xa7\x6a\
\x55\x95\xcc\x35\x53\x8d\x86\x17\xa4\x2b\x49\x95\xd9\x97\x95\xd9\
\x0f\x45\x8c\x8a\xe6\x05\xac\xd5\xf2\x36\x76\x65\xce\x6a\x9a\xb3\
\x6b\x3c\x25\x55\x29\x1a\x8b\x4d\x52\xe9\xbe\xf7\x24\x4a\xd9\x48\
\xd2\x95\x92\xb2\xb9\xa1\xc9\xa1\x52\x0e\x66\x90\x0e\x5e\xe8\xe9\
\xc4\xcd\xb6\x58\x75\x99\xeb\x54\x94\xcc\xb5\xb2\x52\xd3\xbb\x80\
\x55\xc9\xbe\x8a\x2d\x5a\xd4\xab\xd7\x2c\x6a\x7f\x60\x8e\x8e\x36\
\xb5\x63\x87\x17\xa4\x47\x47\xb3\x2a\x63\x58\x76\x77\x77\x69\xd1\
\x6b\x5e\x63\xb5\xe1\xb9\xdd\x4d\x95\xc9\x0d\xd2\xde\xf4\xee\x0d\
\x85\xfa\x82\x77\x83\xa7\x30\x97\x98\xf1\xe1\x4a\xc3\xd3\x1c\xa4\
\x1b\xf3\xea\xea\x3a\xd9\x0b\xd2\xf5\x58\x53\x30\xd6\xdb\x50\x74\
\xa9\xa7\xdf\x0b\x90\xf5\xa2\x50\xcd\x18\x52\x31\x64\xa5\x68\x5e\
\xfb\xd4\xec\x40\x90\x9e\x63\x5e\x7f\x4b\x95\xd9\x0c\xd2\xe6\x5a\
\xd9\x88\x35\x75\xd7\xbd\xeb\xce\xc1\x3c\x6c\x5e\x33\x82\x1f\xa4\
\x5b\x35\xc9\x58\xa7\x42\x08\x2a\x8a\x62\xc5\xd7\xd6\x3c\xba\x66\
\xba\x82\xd7\x6f\x5f\x72\x56\x4e\xa9\xd2\xac\x47\x90\xfe\x69\xde\
\x9a\x01\xf8\x8c\x34\x00\x00\x00\x00\x00\x04\x69\x00\x00\x00\x00\
\x00\xa6\x86\xf5\x86\xcf\xd7\x9f\xba\x4c\x7d\x03\x13\x6f\x41\x2a\
\x42\x27\xde\xda\x3d\xf1\x9c\xfe\xc9\x87\x1f\xfc\xb9\xbf\x5f\xb8\
\xe8\x04\x2d\x7c\xdd\x09\x87\xad\x23\x67\xd9\x9f\x91\x2e\xcd\xb7\
\x7d\x84\x18\xac\x77\x5d\xe4\xec\x7f\x46\xba\x0a\x13\xdd\xf0\xf4\
\xe6\x8d\x1a\x1e\x1a\x64\x94\x03\x00\x00\x00\xc0\x4c\x09\xd2\xd7\
\xfc\xa7\xff\xa2\x33\xce\xbd\xa0\xe3\x8d\xba\xe6\x6d\x67\xfd\xdc\
\x7f\xfb\xe5\x5f\xbb\x5a\xef\xf9\xb7\x1f\xe6\x8c\x1d\x81\x3f\xfc\
\x83\xdf\xd5\x8f\xd6\xaf\xa3\x23\x00\x00\x00\x30\x9d\xf6\xd3\x05\
\x38\xda\xf0\xd6\x6e\x00\x00\x00\x00\x53\xe6\x6b\x6b\x1e\x7d\x84\
\x5e\x00\x41\x1a\x00\x00\x00\x00\x00\x82\x34\x00\x00\x00\x00\x00\
\xc7\x84\x0d\x04\x69\x00\x00\x00\x00\x00\x26\xcf\xfe\xdc\x3e\x41\
\x1a\x00\x00\x00\x00\x00\x82\x34\x00\x00\x00\x00\x00\x04\x69\x00\
\x00\x00\x00\xc0\x31\x2d\xcf\x23\x48\x03\x00\x00\x00\x00\x30\x79\
\xcb\x09\xd2\x00\x00\x00\x00\x30\x85\x72\xce\x1b\xe8\x05\x10\xa4\
\x01\x00\x00\x00\x60\xf2\xf6\xd3\x05\xe8\xb4\x1a\x5d\x00\x00\x00\
\x00\x00\xaf\x2c\x65\xad\xb8\xea\xe2\x33\xda\x2d\xbe\x58\xd2\x62\
\x05\xaf\x0d\x65\xca\x8b\x53\x0e\x9c\x8c\x99\x12\xa4\x8b\x5a\xa1\
\x10\x67\xd6\x09\x29\xab\xea\x65\x06\x6f\xe6\x6c\x1d\xb1\x70\xe8\
\xcf\x91\x2b\x8a\xc2\x7c\xe5\xac\x34\xcd\x47\x3f\xd6\x6c\xaa\x2c\
\x2b\xab\x8e\x22\x46\xfb\x0c\xf4\xf7\xf4\x58\x75\x8c\x37\x5b\x1a\
\x1b\x6f\xb6\x5d\xbe\xbb\x26\xcd\xad\x79\xe7\xb3\xaa\x82\x9c\x29\
\x98\xaa\xdc\x81\xd1\x1c\x14\x82\xb7\x56\x45\x73\xad\x4b\x29\x2b\
\xe7\xe9\x1d\xd9\x59\x59\xd9\x5c\x0f\xcd\x6e\xb4\xcb\x4b\xd2\xe8\
\xc8\x90\x86\x0e\x1a\xd7\x89\x32\xa9\xcf\x9b\x5a\xaa\xd7\xbb\x95\
\x73\x61\xb4\xa1\xd2\xb6\x6d\x3b\xac\x36\x8c\x0c\xd5\xd4\xd3\x68\
\x98\xe3\xd2\x1b\x93\x29\x04\x55\x21\xdb\x73\xc3\x31\x6f\xce\x80\
\xe6\xf4\x2d\xb0\xea\xb8\xef\xbe\x07\xbd\x36\x9c\x38\xa0\xb3\x7f\
\xe9\x74\xab\x8e\xde\xfe\x39\xaa\x37\xba\x8c\x4d\x59\x43\x45\xad\
\x6e\xb5\xe1\xf7\x3e\xf0\x76\x0d\x1e\x78\x73\xdb\xe5\x9f\xdd\xb5\
\x57\x7f\x7f\xdb\x7d\x56\x1b\xba\xbb\x1b\x9a\x37\xb7\xcf\xaa\x63\
\xd7\xee\xdd\x56\xf9\xe3\xe6\xcd\xd5\xfc\xe3\xe6\x5a\x75\xcc\x9d\
\xe3\x1d\x83\xa4\x95\xff\xe3\x96\xef\x5f\x3f\x9d\xd7\x8c\x0f\x9c\
\x7b\xea\x75\x92\x56\x3a\x75\xb4\x52\xb2\xf6\xe1\x21\x4c\x7f\xce\
\x08\x31\xa8\x16\xcd\xbd\x50\xd6\x8a\xa0\xb0\xc2\x5a\x2b\x2b\x6f\
\xbd\x0e\x13\xbb\x00\x6e\x6a\x54\x59\x52\x65\xd7\xf3\xab\x17\x9c\
\x71\x5d\x9b\x45\x6f\xb8\x6b\xdd\xe3\xcf\xf0\x44\x1a\x00\x00\x00\
\x00\x8e\x01\x57\x5c\x78\xc6\xdd\x56\x88\x95\x3a\x11\xe5\x3f\x76\
\xd7\xda\xc7\x1f\x99\xe6\xae\x58\x71\xe8\x4f\x3b\x56\x4b\x22\x48\
\x03\x00\x00\x00\xc0\x31\x62\xc5\x0c\x68\xc3\xbc\xa3\xa1\x23\xf9\
\xb2\x31\x00\x00\x00\x00\x00\x08\xd2\x00\x00\x00\x00\x00\x10\xa4\
\x01\x00\x00\x00\x00\x20\x48\x03\x00\x00\x00\x00\x40\x90\x06\x00\
\x00\x00\x8e\x61\x83\x43\xc3\x2b\xe8\x05\x80\x20\x0d\x00\x00\x00\
\x00\x00\x08\xd2\x00\x00\x00\x00\x00\x10\xa4\x01\x00\x00\x00\x00\
\x98\x32\x35\xa7\xf0\x9a\xdb\x56\xe9\x89\xf5\xeb\x24\x49\x45\x08\
\x76\x63\xf2\x61\xfe\x6e\xe3\xfa\x75\xfa\x87\x2f\xbf\x7a\x1d\x4e\
\x2b\x72\xce\x4a\x39\x5b\xc7\x10\x42\x90\xac\xbe\xc8\x87\xef\x88\
\x49\xa8\x0e\xf5\xe5\xee\x5d\x3b\x18\xe1\x00\x00\x00\x00\x30\xb3\
\x82\xf4\x2d\x3f\xf9\xf7\x46\xf4\x1e\x6e\xe7\x9c\x5f\x25\x48\x3f\
\xa0\x8d\xeb\x1f\x98\xd2\x20\x9d\x72\x56\x55\x25\x2f\x48\x17\x51\
\x21\x06\xab\x1f\xdc\x20\xdd\xcc\x59\x89\xb1\x0d\x00\x00\x00\x00\
\x53\x82\xb7\x76\x03\x00\x00\x00\x00\x40\x90\x06\x00\x00\x00\x00\
\x80\x20\x0d\x00\x00\x00\x00\xc0\xb4\xab\x05\x85\x89\xef\xb7\x4a\
\xde\x07\x73\xb3\xf9\x65\x63\x39\x4b\x29\x99\x9f\xec\x35\xbf\xef\
\xec\xd5\x3e\xa7\x3d\xd9\x03\xc9\xd3\xfc\x01\xe5\x10\x82\x7d\x87\
\xa4\x55\x55\x56\xf9\x74\xe8\x8f\xd9\x99\xf6\x98\x72\x07\x45\xe5\
\xce\x0b\x65\xb5\xdc\x71\x1d\x83\x82\x73\x1c\x51\x4a\xaa\xfc\xa9\
\x65\x0c\xec\x2c\x29\xe4\xc2\x6e\x43\x34\xcf\x67\xc8\x75\xb9\x03\
\x3b\x57\xe6\xa8\x0e\x66\x05\x21\x2a\x07\x6f\x5c\xa6\x50\x7a\xc7\
\x10\xb3\x6a\x0d\xef\x30\x76\xef\x4c\x3a\xb8\xbf\xfd\xe3\x68\xd4\
\xeb\x9a\x37\x6f\xbe\xd7\x88\x66\x54\xaa\xda\x1f\x53\xad\x66\x4b\
\x07\xf6\xbc\x68\x35\x61\x6c\x24\xc8\xfd\x56\x0b\x77\x7e\x97\x59\
\x6a\x9a\x17\xbf\xae\xae\x2e\xab\x7c\xef\xfc\x51\x1d\xf7\xda\x03\
\xde\xe9\xec\x6a\x79\x4b\x6d\xf7\xa8\x9e\x7e\xec\x39\xab\x8e\x85\
\x03\x4b\xd4\x57\x1f\x68\x7f\x7a\x57\x85\xca\xc2\xeb\x87\x9e\xee\
\x28\xa5\xf6\xcf\xc7\xdc\xe1\x6e\x2d\x5c\xd0\xef\xed\x21\x5a\xa5\
\xc6\xc7\xc7\xad\x3a\x1a\xbd\x66\x1b\x72\xa9\xfd\x43\x83\xde\xdc\
\x68\x9a\x7b\xa9\x72\xfa\xbf\xb1\x26\xc7\xac\x56\xcb\x5b\x23\xb2\
\x6a\xde\xa3\xb7\x20\xbd\xef\x82\x65\xd7\xbd\xcc\x7f\x5f\xac\x10\
\x16\x4f\x6e\x82\x46\xeb\xcb\x7c\x73\xd2\x72\xf7\x7b\x91\x27\xf6\
\x62\x5e\x25\xc9\xdc\x57\xa6\x9c\x65\x56\xa1\x18\x3b\x90\xd9\xb2\
\xbb\x3f\xd6\xe7\x2f\xbd\xe0\xf4\xfd\x6d\xef\xcf\x73\x5e\x1e\x34\
\xfd\x6a\xf1\xc7\x41\xda\x8e\x3c\xee\x49\xc9\xf6\xe0\x9a\x18\xdf\
\xc1\x1a\x18\x76\x3f\x64\xb7\x27\x0e\x7d\xf3\xb7\x55\xde\xaf\xc3\
\x9e\xe8\x92\x92\xd9\x11\x31\x77\x60\x84\x07\x37\x48\x27\xbb\x1f\
\xdd\x9b\x12\xdd\x8d\x86\x62\x61\x5c\xc1\x62\x52\x32\x37\xea\x61\
\x22\x0a\x1b\xf3\x22\x2a\xe4\x86\x39\x1e\x82\x7d\x73\xc5\x0e\xd2\
\x59\xf6\x1d\xa2\x5c\x37\x6f\x6a\x84\x2c\x05\xef\x56\x59\x8a\x6e\
\x98\xcf\xaa\x9b\x17\xe2\xe7\x77\x25\xeb\x7c\xce\x19\xa8\x69\xe1\
\xdc\xd7\x99\x41\xba\x52\x2e\xdb\x6f\x43\x6b\x64\x54\x07\xf6\x0e\
\x7b\x1b\xed\x54\x49\xc1\x0d\xd2\x5e\xf9\x32\x27\x35\xcd\x4d\x51\
\x5f\x57\xaf\x57\x7e\xfe\xa8\xe6\x9f\xe2\xdd\x94\xc8\x7d\xdd\x56\
\xf9\xe1\xa1\xac\xa7\x1f\x7b\xde\xaa\xe3\xcd\x67\xd4\x54\xcc\x35\
\x82\x74\xac\x54\x15\x07\xbd\x20\xdd\x13\x55\xab\x19\x41\x7a\xd4\
\x0f\xd2\x7b\xf7\x0d\x6a\x68\x78\xc4\x1c\x13\x0b\xbc\x71\xdd\x6a\
\x69\x6c\xd8\x0b\xd2\xe3\xa3\xd6\x77\xf2\xaa\x56\xf3\x6e\x20\x77\
\x26\x48\x4b\xcd\xca\xbb\x79\x1a\x42\x54\x90\x73\x2c\x59\x2a\xc2\
\xca\x97\xbd\xa6\x4e\x72\xed\xc9\xee\xe6\x3a\x67\x6f\x2f\x75\x28\
\x48\x87\x0e\x3c\x38\xf4\x82\xb4\x1f\x62\xa3\xfb\x05\xd1\xc9\x0f\
\xf3\x92\x96\xbb\x1b\xb2\x9c\xa7\x7d\x7a\xf1\xd6\x6e\x00\x00\x00\
\x00\x00\x08\xd2\x00\x00\x00\x00\x00\x10\xa4\x01\x00\x00\x00\x00\
\x20\x48\x03\x00\x00\x00\x00\x40\x90\x06\x00\x00\x00\x00\x80\x20\
\x0d\x00\x00\x00\x00\x00\x08\xd2\x00\x00\x00\x00\x00\x10\xa4\x01\
\x00\x00\x00\x00\x20\x48\x03\x00\x00\x00\x00\x40\x90\x06\x00\x00\
\x00\x00\x80\x20\x0d\x00\x00\x00\x00\x00\x41\x1a\x00\x00\x00\x00\
\x00\x10\xa4\x01\x00\x00\x00\x00\x20\x48\x03\x00\x00\x00\x00\x40\
\x90\x06\x00\x00\x00\x00\x60\xfa\xfd\x7f\xdc\xfb\x9f\x3b\x74\x13\
\xf9\x1e\x00\x00\x00\x00\x49\x45\x4e\x44\xae\x42\x60\x82\
\x00\x00\x02\xc4\
\x3c\
\x3f\x78\x6d\x6c\x20\x76\x65\x72\x73\x69\x6f\x6e\x3d\x22\x31\x2e\
\x30\x22\x20\x65\x6e\x63\x6f\x64\x69\x6e\x67\x3d\x22\x55\x54\x46\
\x2d\x38\x22\x3f\x3e\x0a\x3c\x73\x76\x67\x20\x77\x69\x64\x74\x68\
\x3d\x22\x33\x32\x22\x20\x68\x65\x69\x67\x68\x74\x3d\x22\x33\x32\
\x22\x20\x76\x65\x72\x73\x69\x6f\x6e\x3d\x22\x31\x2e\x31\x22\x20\
\x76\x69\x65\x77\x42\x6f\x78\x3d\x22\x30\x20\x30\x20\x33\x32\x20\
\x33\x32\x22\x20\x78\x6d\x6c\x6e\x73\x3d\x22\x68\x74\x74\x70\x3a\
\x2f\x2f\x77\x77\x77\x2e\x77\x33\x2e\x6f\x72\x67\x2f\x32\x30\x30\
\x30\x2f\x73\x76\x67\x22\x20\x78\x6d\x6c\x6e\x73\x3a\x63\x63\x3d\
\x22\x68\x74\x74\x70\x3a\x2f\x2f\x63\x72\x65\x61\x74\x69\x76\x65\
\x63\x6f\x6d\x6d\x6f\x6e\x73\x2e\x6f\x72\x67\x2f\x6e\x73\x23\x22\
\x20\x78\x6d\x6c\x6e\x73\x3a\x64\x63\x3d\x22\x68\x74\x74\x70\x3a\
\x2f\x2f\x70\x75\x72\x6c\x2e\x6f\x72\x67\x2f\x64\x63\x2f\x65\x6c\
\x65\x6d\x65\x6e\x74\x73\x2f\x31\x2e\x31\x2f\x22\x20\x78\x6d\x6c\
\x6e\x73\x3a\x72\x64\x66\x3d\x22\x68\x74\x74\x70\x3a\x2f\x2f\x77\
\x77\x77\x2e\x77\x33\x2e\x6f\x72\x67\x2f\x31\x39\x39\x39\x2f\x30\
\x32\x2f\x32\x32\x2d\x72\x64\x66\x2d\x73\x79\x6e\x74\x61\x78\x2d\
\x6e\x73\x23\x22\x3e\x0a\x20\x3c\x6d\x65\x74\x61\x64\x61\x74\x61\
\x3e\x0a\x20\x20\x3c\x72\x64\x66\x3a\x52\x44\x46\x3e\x0a\x20\x20\
\x20\x3c\x63\x63\x3a\x57\x6f\x72\x6b\x20\x72\x64\x66\x3a\x61\x62\
\x6f\x75\x74\x3d\x22\x22\x3e\x0a\x20\x20\x20\x20\x3c\x64\x63\x3a\
\x66\x6f\x72\x6d\x61\x74\x3e\x69\x6d\x61\x67\x65\x2f\x73\x76\x67\
\x2b\x78\x6d\x6c\x3c\x2f\x64\x63\x3a\x66\x6f\x72\x6d\x61\x74\x3e\
\x0a\x20\x20\x20\x20\x3c\x64\x63\x3a\x74\x79\x70\x65\x20\x72\x64\
\x66\x3a\x72\x65\x73\x6f\x75\x72\x63\x65\x3d\x22\x68\x74\x74\x70\
\x3a\x2f\x2f\x70\x75\x72\x6c\x2e\x6f\x72\x67\x2f\x64\x63\x2f\x64\
\x63\x6d\x69\x74\x79\x70\x65\x2f\x53\x74\x69\x6c\x6c\x49\x6d\x61\
\x67\x65\x22\x2f\x3e\x0a\x20\x20\x20\x20\x3c\x64\x63\x3a\x74\x69\
\x74\x6c\x65\x2f\x3e\x0a\x20\x20\x20\x3c\x2f\x63\x63\x3a\x57\x6f\
\x72\x6b\x3e\x0a\x20\x20\x3c\x2f\x72\x64\x66\x3a\x52\x44\x46\x3e\
\x0a\x20\x3c\x2f\x6d\x65\x74\x61\x64\x61\x74\x61\x3e\x0a\x20\x3c\
\x67\x20\x73\x74\x72\x6f\x6b\x65\x3d\x22\x23\x30\x30\x30\x22\x20\
\x73\x74\x72\x6f\x6b\x65\x2d\x77\x69\x64\x74\x68\x3d\x22\x34\x22\
\x3e\x0a\x20\x20\x3c\x63\x69\x72\x63\x6c\x65\x20\x63\x78\x3d\x22\
\x31\x33\x2e\x32\x22\x20\x63\x79\x3d\x22\x31\x33\x2e\x32\x22\x20\
\x72\x3d\x22\x31\x31\x2e\x32\x22\x20\x66\x69\x6c\x6c\x3d\x22\x23\
\x66\x66\x66\x22\x20\x73\x74\x72\x6f\x6b\x65\x2d\x6c\x69\x6e\x65\
\x6a\x6f\x69\x6e\x3d\x22\x72\x6f\x75\x6e\x64\x22\x20\x73\x74\x79\
\x6c\x65\x3d\x22\x70\x61\x69\x6e\x74\x2d\x6f\x72\x64\x65\x72\x3a\
\x6d\x61\x72\x6b\x65\x72\x73\x20\x66\x69\x6c\x6c\x20\x73\x74\x72\
\x6f\x6b\x65\x22\x2f\x3e\x0a\x20\x20\x3c\x70\x61\x74\x68\x20\x64\
\x3d\x22\x6d\x33\x30\x2e\x36\x20\x33\x30\x2e\x36\x2d\x31\x30\x2e\
\x32\x2d\x31\x30\x2e\x32\x22\x20\x66\x69\x6c\x6c\x3d\x22\x6e\x6f\
\x6e\x65\x22\x2f\x3e\x0a\x20\x3c\x2f\x67\x3e\x0a\x3c\x2f\x73\x76\
\x67\x3e\x0a\
\x00\x00\x03\xb2\
\x3c\
\x3f\x78\x6d\x6c\x20\x76\x65\x72\x73\x69\x6f\x6e\x3d\x22\x31\x2e\
\x30\x22\x20\x65\x6e\x63\x6f\x64\x69\x6e\x67\x3d\x22\x55\x54\x46\
\x2d\x38\x22\x3f\x3e\x0a\x3c\x73\x76\x67\x20\x77\x69\x64\x74\x68\
\x3d\x22\x33\x32\x22\x20\x68\x65\x69\x67\x68\x74\x3d\x22\x33\x32\
\x22\x20\x76\x65\x72\x73\x69\x6f\x6e\x3d\x22\x31\x2e\x31\x22\x20\
\x76\x69\x65\x77\x42\x6f\x78\x3d\x22\x30\x20\x30\x20\x33\x32\x20\
\x33\x32\x22\x20\x78\x6d\x6c\x6e\x73\x3d\x22\x68\x74\x74\x70\x3a\
\x2f\x2f\x77\x77\x77\x2e\x77\x33\x2e\x6f\x72\x67\x2f\x32\x30\x30\
\x30\x2f\x73\x76\x67\x22\x20\x78\x6d\x6c\x6e\x73\x3a\x63\x63\x3d\
\x22\x68\x74\x74\x70\x3a\x2f\x2f\x63\x72\x65\x61\x74\x69\x76\x65\
\x63\x6f\x6d\x6d\x6f\x6e\x73\x2e\x6f\x72\x67\x2f\x6e\x73\x23\x22\
\x20\x78\x6d\x6c\x6e\x73\x3a\x64\x63\x3d\x22\x68\x74\x74\x70\x3a\
\x2f\x2f\x70\x75\x72\x6c\x2e\x6f\x72\x67\x2f\x64\x63\x2f\x65\x6c\
\x65\x6d\x65\x6e\x74\x73\x2f\x31\x2e\x31\x2f\x22\x20\x78\x6d\x6c\
\x6e\x73\x3a\x72\x64\x66\x3d\x22\x68\x74\x74\x70\x3a\x2f\x2f\x77\
\x77\x77\x2e\x77\x33\x2e\x6f\x72\x67\x2f\x31\x39\x39\x39\x2f\x30\
\x32\x2f\x32\x32\x2d\x72\x64\x66\x2d\x73\x79\x6e\x74\x61\x78\x2d\
\x6e\x73\x23\x22\x3e\x0a\x20\x3c\x6d\x65\x74\x61\x64\x61\x74\x61\
\x3e\x0a\x20\x20\x3c\x72\x64\x66\x3a\x52\x44\x46\x3e\x0a\x20\x20\
\x20\x3c\x63\x63\x3a\x57\x6f\x72\x6b\x20\x72\x64\x66\x3a\x61\x62\
\x6f\x75\x74\x3d\x22\x22\x3e\x0a\x20\x20\x20\x20\x3c\x64\x63\x3a\
\x66\x6f\x72\x6d\x61\x74\x3e\x69\x6d\x61\x67\x65\x2f\x73\x76\x67\
\x2b\x78\x6d\x6c\x3c\x2f\x64\x63\x3a\x66\x6f\x72\x6d\x61\x74\x3e\
\x0a\x20\x20\x20\x20\x3c\x64\x63\x3a\x74\x79\x70\x65\x20\x72\x64\
\x66\x3a\x72\x65\x73\x6f\x75\x72\x63\x65\x3d\x22\x68\x74\x74\x70\
\x3a\x2f\x2f\x70\x75\x72\x6c\x2e\x6f\x72\x67\x2f\x64\x63\x2f\x64\
\x63\x6d\x69\x74\x79\x70\x65\x2f\x53\x74\x69\x6c\x6c\x49\x6d\x61\
\x67\x65\x22\x2f\x3e\x0a\x20\x20\x20\x20\x3c\x64\x63\x3a\x74\x69\
\x74\x6c\x65\x2f\x3e\x0a\x20\x20\x20\x3c\x2f\x63\x63\x3a\x57\x6f\
\x72\x6b\x3e\x0a\x20\x20\x3c\x2f\x72\x64\x66\x3a\x52\x44\x46\x3e\
\x0a\x20\x3c\x2f\x6d\x65\x74\x61\x64\x61\x74\x61\x3e\x0a\x20\x3c\
\x67\x20\x73\x74\x72\x6f\x6b\x65\x3d\x22\x23\x30\x30\x30\x22\x20\
\x73\x74\x72\x6f\x6b\x65\x2d\x6c\x69\x6e\x65\x6a\x6f\x69\x6e\x3d\
\x22\x62\x65\x76\x65\x6c\x22\x20\x73\x74\x72\x6f\x6b\x65\x2d\x77\
\x69\x64\x74\x68\x3d\x22\x32\x22\x3e\x0a\x20\x20\x3c\x70\x61\x74\
\x68\x20\x64\x3d\x22\x6d\x34\x20\x34\x68\x31\x39\x2e\x35\x63\x31\
\x20\x31\x20\x34\x2e\x35\x20\x34\x20\x35\x2e\x35\x20\x35\x76\x31\
\x39\x63\x30\x20\x31\x20\x30\x20\x31\x2d\x31\x20\x31\x68\x2d\x32\
\x34\x63\x2d\x31\x20\x30\x2d\x31\x20\x30\x2d\x31\x2d\x31\x76\x2d\
\x32\x33\x63\x30\x2d\x31\x20\x30\x2d\x31\x20\x31\x2d\x31\x7a\x22\
\x20\x66\x69\x6c\x6c\x3d\x22\x23\x66\x66\x66\x22\x20\x73\x74\x72\
\x6f\x6b\x65\x2d\x6c\x69\x6e\x65\x63\x61\x70\x3d\x22\x73\x71\x75\
\x61\x72\x65\x22\x20\x73\x74\x79\x6c\x65\x3d\x22\x70\x61\x69\x6e\
\x74\x2d\x6f\x72\x64\x65\x72\x3a\x6e\x6f\x72\x6d\x61\x6c\x22\x2f\
\x3e\x0a\x20\x20\x3c\x65\x6c\x6c\x69\x70\x73\x65\x20\x63\x78\x3d\
\x22\x31\x36\x22\x20\x63\x79\x3d\x22\x32\x30\x22\x20\x72\x78\x3d\
\x22\x35\x22\x20\x72\x79\x3d\x22\x35\x22\x20\x66\x69\x6c\x6c\x3d\
\x22\x23\x66\x66\x66\x22\x20\x73\x74\x72\x6f\x6b\x65\x2d\x6c\x69\
\x6e\x65\x63\x61\x70\x3d\x22\x72\x6f\x75\x6e\x64\x22\x20\x73\x74\
\x79\x6c\x65\x3d\x22\x70\x61\x69\x6e\x74\x2d\x6f\x72\x64\x65\x72\
\x3a\x6e\x6f\x72\x6d\x61\x6c\x22\x2f\x3e\x0a\x20\x20\x3c\x70\x61\
\x74\x68\x20\x64\x3d\x22\x6d\x32\x33\x20\x35\x76\x35\x63\x30\x20\
\x31\x20\x30\x20\x31\x2d\x31\x20\x31\x68\x2d\x31\x32\x63\x2d\x31\
\x20\x30\x2d\x31\x2d\x31\x65\x2d\x36\x20\x2d\x31\x2d\x31\x76\x2d\
\x35\x22\x20\x66\x69\x6c\x6c\x3d\x22\x6e\x6f\x6e\x65\x22\x20\x73\
\x74\x72\x6f\x6b\x65\x2d\x6c\x69\x6e\x65\x63\x61\x70\x3d\x22\x73\
\x71\x75\x61\x72\x65\x22\x20\x73\x74\x79\x6c\x65\x3d\x22\x70\x61\
\x69\x6e\x74\x2d\x6f\x72\x64\x65\x72\x3a\x6e\x6f\x72\x6d\x61\x6c\
\x22\x2f\x3e\x0a\x20\x3c\x2f\x67\x3e\x0a\x3c\x2f\x73\x76\x67\x3e\
\x0a\
\x00\x00\x03\x40\
\x3c\
\x3f\x78\x6d\x6c\x20\x76\x65\x72\x73\x69\x6f\x6e\x3d\x22\x31\x2e\
\x30\x22\x20\x65\x6e\x63\x6f\x64\x69\x6e\x67\x3d\x22\x55\x54\x46\
\x2d\x38\x22\x3f\x3e\x0a\x3c\x73\x76\x67\x20\x77\x69\x64\x74\x68\
\x3d\x22\x33\x32\x22\x20\x68\x65\x69\x67\x68\x74\x3d\x22\x33\x32\
\x22\x20\x76\x65\x72\x73\x69\x6f\x6e\x3d\x22\x31\x2e\x31\x22\x20\
\x76\x69\x65\x77\x42\x6f\x78\x3d\x22\x30\x20\x30\x20\x33\x32\x20\
\x33\x32\x22\x20\x78\x6d\x6c\x6e\x73\x3d\x22\x68\x74\x74\x70\x3a\
\x2f\x2f\x77\x77\x77\x2e\x77\x33\x2e\x6f\x72\x67\x2f\x32\x30\x30\
\x30\x2f\x73\x76\x67\x22\x20\x78\x6d\x6c\x6e\x73\x3a\x63\x63\x3d\
\x22\x68\x74\x74\x70\x3a\x2f\x2f\x63\x72\x65\x61\x74\x69\x76\x65\
\x63\x6f\x6d\x6d\x6f\x6e\x73\x2e\x6f\x72\x67\x2f\x6e\x73\x23\x22\
\x20\x78\x6d\x6c\x6e\x73\x3a\x64\x63\x3d\x22\x68\x74\x74\x70\x3a\
\x2f\x2f\x70\x75\x72\x6c\x2e\x6f\x72\x67\x2f\x64\x63\x2f\x65\x6c\
\x65\x6d\x65\x6e\x74\x73\x2f\x31\x2e\x31\x2f\x22\x20\x78\x6d\x6c\
\x6e\x73\x3a\x72\x64\x66\x3d\x22\x68\x74\x74\x70\x3a\x2f\x2f\x77\
\x77\x77\x2e\x77\x33\x2e\x6f\x72\x67\x2f\x31\x39\x39\x39\x2f\x30\
\x32\x2f\x32\x32\x2d\x72\x64\x66\x2d\x73\x79\x6e\x74\x61\x78\x2d\
\x6e\x73\x23\x22\x3e\x0a\x20\x3c\x6d\x65\x74\x61\x64\x61\x74\x61\
\x3e\x0a\x20\x20\x3c\x72\x64\x66\x3a\x52\x44\x46\x3e\x0a\x20\x20\
\x20\x3c\x63\x63\x3a\x57\x6f\x72\x6b\x20\x72\x64\x66\x3a\x61\x62\
\x6f\x75\x74\x3d\x22\x22\x3e\x0a\x20\x20\x20\x20\x3c\x64\x63\x3a\
\x66\x6f\x72\x6d\x61\x74\x3e\x69\x6d\x61\x67\x65\x2f\x73\x76\x67\
\x2b\x78\x6d\x6c\x3c\x2f\x64\x63\x3a\x66\x6f\x72\x6d\x61\x74\x3e\
\x0a\x20\x20\x20\x20\x3c\x64\x63\x3a\x74\x79\x70\x65\x20\x72\x64\
\x66\x3a\x72\x65\x73\x6f\x75\x72\x63\x65\x3d\x22\x68\x74\x74\x70\
\x3a\x2f\x2f\x70\x75\x72\x6c\x2e\x6f\x72\x67\x2f\x64\x63\x2f\x64\
\x63\x6d\x69\x74\x79\x70\x65\x2f\x53\x74\x69\x6c\x6c\x49\x6d\x61\
\x67\x65\x22\x2f\x3e\x0a\x20\x20\x20\x20\x3c\x64\x63\x3a\x74\x69\
\x74\x6c\x65\x2f\x3e\x0a\x20\x20\x20\x3c\x2f\x63\x63\x3a\x57\x6f\
\x72\x6b\x3e\x0a\x20\x20\x3c\x2f\x72\x64\x66\x3a\x52\x44\x46\x3e\
\x0a\x20\x3c\x2f\x6d\x65\x74\x61\x64\x61\x74\x61\x3e\x0a\x20\x3c\
\x67\x20\x73\x74\x72\x6f\x6b\x65\x3d\x22\x23\x30\x30\x30\x22\x20\
\x73\x74\x72\x6f\x6b\x65\x2d\x6c\x69\x6e\x65\x6a\x6f\x69\x6e\x3d\
\x22\x72\x6f\x75\x6e\x64\x22\x3e\x0a\x20\x20\x3c\x63\x69\x72\x63\
\x6c\x65\x20\x63\x78\x3d\x22\x31\x36\x22\x20\x63\x79\x3d\x22\x31\
\x36\x22\x20\x72\x3d\x22\x31\x34\x22\x20\x66\x69\x6c\x6c\x3d\x22\
\x23\x66\x66\x66\x22\x20\x73\x74\x72\x6f\x6b\x65\x2d\x6c\x69\x6e\
\x65\x63\x61\x70\x3d\x22\x72\x6f\x75\x6e\x64\x22\x20\x73\x74\x72\
\x6f\x6b\x65\x2d\x77\x69\x64\x74\x68\x3d\x22\x32\x22\x20\x73\x74\
\x79\x6c\x65\x3d\x22\x70\x61\x69\x6e\x74\x2d\x6f\x72\x64\x65\x72\
\x3a\x6e\x6f\x72\x6d\x61\x6c\x22\x2f\x3e\x0a\x20\x20\x3c\x70\x61\
\x74\x68\x20\x74\x72\x61\x6e\x73\x66\x6f\x72\x6d\x3d\x22\x6d\x61\
\x74\x72\x69\x78\x28\x33\x2e\x32\x36\x20\x30\x20\x30\x20\x33\x2e\
\x34\x39\x20\x2d\x35\x2e\x34\x34\x20\x2d\x35\x2e\x35\x35\x29\x22\
\x20\x64\x3d\x22\x6d\x39\x20\x36\x2e\x31\x38\x2d\x33\x2e\x39\x37\
\x20\x32\x2e\x32\x39\x2d\x32\x65\x2d\x37\x20\x2d\x32\x2e\x32\x39\
\x20\x32\x65\x2d\x37\x20\x2d\x32\x2e\x32\x39\x20\x31\x2e\x39\x38\
\x20\x31\x2e\x31\x35\x7a\x22\x20\x66\x69\x6c\x6c\x3d\x22\x6e\x6f\
\x6e\x65\x22\x20\x73\x74\x72\x6f\x6b\x65\x2d\x6c\x69\x6e\x65\x63\
\x61\x70\x3d\x22\x73\x71\x75\x61\x72\x65\x22\x20\x73\x74\x72\x6f\
\x6b\x65\x2d\x77\x69\x64\x74\x68\x3d\x22\x2e\x35\x39\x33\x22\x2f\
\x3e\x0a\x20\x3c\x2f\x67\x3e\x0a\x3c\x2f\x73\x76\x67\x3e\x0a\
\x00\x00\x03\x04\
\x3c\
\x3f\x78\x6d\x6c\x20\x76\x65\x72\x73\x69\x6f\x6e\x3d\x22\x31\x2e\
\x30\x22\x20\x65\x6e\x63\x6f\x64\x69\x6e\x67\x3d\x22\x55\x54\x46\
\x2d\x38\x22\x3f\x3e\x0a\x3c\x73\x76\x67\x20\x77\x69\x64\x74\x68\
\x3d\x22\x33\x32\x22\x20\x68\x65\x69\x67\x68\x74\x3d\x22\x33\x32\
\x22\x20\x76\x65\x72\x73\x69\x6f\x6e\x3d\x22\x31\x2e\x31\x22\x20\
\x76\x69\x65\x77\x42\x6f\x78\x3d\x22\x30\x20\x30\x20\x33\x32\x20\
\x33\x32\x22\x20\x78\x6d\x6c\x6e\x73\x3d\x22\x68\x74\x74\x70\x3a\
\x2f\x2f\x77\x77\x77\x2e\x77\x33\x2e\x6f\x72\x67\x2f\x32\x30\x30\
\x30\x2f\x73\x76\x67\x22\x20\x78\x6d\x6c\x6e\x73\x3a\x63\x63\x3d\
\x22\x68\x74\x74\x70\x3a\x2f\x2f\x63\x72\x65\x61\x74\x69\x76\x65\
\x63\x6f\x6d\x6d\x6f\x6e\x73\x2e\x6f\x72\x67\x2f\x6e\x73\x23\x22\
\x20\x78\x6d\x6c\x6e\x73\x3a\x64\x63\x3d\x22\x68\x74\x74\x70\x3a\
\x2f\x2f\x70\x75\x72\x6c\x2e\x6f\x72\x67\x2f\x64\x63\x2f\x65\x6c\
\x65\x6d\x65\x6e\x74\x73\x2f\x31\x2e\x31\x2f\x22\x20\x78\x6d\x6c\
\x6e\x73\x3a\x72\x64\x66\x3d\x22\x68\x74\x74\x70\x3a\x2f\x2f\x77\
\x77\x77\x2e\x77\x33\x2e\x6f\x72\x67\x2f\x31\x39\x39\x39\x2f\x30\
\x32\x2f\x32\x32\x2d\x72\x64\x66\x2d\x73\x79\x6e\x74\x61\x78\x2d\
\x6e\x73\x23\x22\x3e\x0a\x20\x3c\x6d\x65\x74\x61\x64\x61\x74\x61\
\x3e\x0a\x20\x20\x3c\x72\x64\x66\x3a\x52\x44\x46\x3e\x0a\x20\x20\
\x20\x3c\x63\x63\x3a\x57\x6f\x72\x6b\x20\x72\x64\x66\x3a\x61\x62\
\x6f\x75\x74\x3d\x22\x22\x3e\x0a\x20\x20\x20\x20\x3c\x64\x63\x3a\
\x66\x6f\x72\x6d\x61\x74\x3e\x69\x6d\x61\x67\x65\x2f\x73\x76\x67\
\x2b\x78\x6d\x6c\x3c\x2f\x64\x63\x3a\x66\x6f\x72\x6d\x61\x74\x3e\
\x0a\x20\x20\x20\x20\x3c\x64\x63\x3a\x74\x79\x70\x65\x20\x72\x64\
\x66\x3a\x72\x65\x73\x6f\x75\x72\x63\x65\x3d\x22\x68\x74\x74\x70\
\x3a\x2f\x2f\x70\x75\x72\x6c\x2e\x6f\x72\x67\x2f\x64\x63\x2f\x64\
\x63\x6d\x69\x74\x79\x70\x65\x2f\x53\x74\x69\x6c\x6c\x49\x6d\x61\
\x67\x65\x22\x2f\x3e\x0a\x20\x20\x20\x20\x3c\x64\x63\x3a\x74\x69\
\x74\x6c\x65\x2f\x3e\x0a\x20\x20\x20\x3c\x2f\x63\x63\x3a\x57\x6f\
\x72\x6b\x3e\x0a\x20\x20\x3c\x2f\x72\x64\x66\x3a\x52\x44\x46\x3e\
\x0a\x20\x3c\x2f\x6d\x65\x74\x61\x64\x61\x74\x61\x3e\x0a\x20\x3c\
\x67\x20\x73\x74\x72\x6f\x6b\x65\x3d\x22\x23\x30\x30\x30\x22\x20\
\x73\x74\x72\x6f\x6b\x65\x2d\x6c\x69\x6e\x65\x6a\x6f\x69\x6e\x3d\
\x22\x72\x6f\x75\x6e\x64\x22\x20\x73\x74\x72\x6f\x6b\x65\x2d\x77\
\x69\x64\x74\x68\x3d\x22\x32\x22\x3e\x0a\x20\x20\x3c\x63\x69\x72\
\x63\x6c\x65\x20\x63\x78\x3d\x22\x31\x35\x2e\x39\x22\x20\x63\x79\
\x3d\x22\x31\x35\x2e\x39\x22\x20\x72\x3d\x22\x31\x34\x2e\x31\x22\
\x20\x66\x69\x6c\x6c\x3d\x22\x23\x66\x66\x66\x22\x20\x73\x74\x72\
\x6f\x6b\x65\x2d\x6c\x69\x6e\x65\x63\x61\x70\x3d\x22\x72\x6f\x75\
\x6e\x64\x22\x20\x73\x74\x79\x6c\x65\x3d\x22\x70\x61\x69\x6e\x74\
\x2d\x6f\x72\x64\x65\x72\x3a\x6e\x6f\x72\x6d\x61\x6c\x22\x2f\x3e\
\x0a\x20\x20\x3c\x72\x65\x63\x74\x20\x78\x3d\x22\x39\x2e\x38\x39\
\x22\x20\x79\x3d\x22\x39\x2e\x38\x39\x22\x20\x77\x69\x64\x74\x68\
\x3d\x22\x31\x32\x2e\x31\x22\x20\x68\x65\x69\x67\x68\x74\x3d\x22\
\x31\x32\x2e\x31\x22\x20\x72\x79\x3d\x22\x2e\x38\x30\x35\x22\x20\
\x66\x69\x6c\x6c\x3d\x22\x6e\x6f\x6e\x65\x22\x20\x73\x74\x72\x6f\
\x6b\x65\x2d\x6c\x69\x6e\x65\x63\x61\x70\x3d\x22\x73\x71\x75\x61\
\x72\x65\x22\x2f\x3e\x0a\x20\x3c\x2f\x67\x3e\x0a\x3c\x2f\x73\x76\
\x67\x3e\x0a\
\x00\x00\x04\xa7\
\x3c\
\x3f\x78\x6d\x6c\x20\x76\x65\x72\x73\x69\x6f\x6e\x3d\x22\x31\x2e\
\x30\x22\x20\x65\x6e\x63\x6f\x64\x69\x6e\x67\x3d\x22\x55\x54\x46\
\x2d\x38\x22\x3f\x3e\x0a\x3c\x73\x76\x67\x20\x77\x69\x64\x74\x68\
\x3d\x22\x38\x30\x22\x20\x68\x65\x69\x67\x68\x74\x3d\x22\x36\x30\
\x22\x20\x76\x65\x72\x73\x69\x6f\x6e\x3d\x22\x31\x2e\x31\x22\x20\
\x76\x69\x65\x77\x42\x6f\x78\x3d\x22\x30\x20\x30\x20\x38\x30\x20\
\x36\x30\x22\x20\x78\x6d\x6c\x6e\x73\x3d\x22\x68\x74\x74\x70\x3a\
\x2f\x2f\x77\x77\x77\x2e\x77\x33\x2e\x6f\x72\x67\x2f\x32\x30\x30\
\x30\x2f\x73\x76\x67\x22\x20\x78\x6d\x6c\x6e\x73\x3a\x63\x63\x3d\
\x22\x68\x74\x74\x70\x3a\x2f\x2f\x63\x72\x65\x61\x74\x69\x76\x65\
\x63\x6f\x6d\x6d\x6f\x6e\x73\x2e\x6f\x72\x67\x2f\x6e\x73\x23\x22\
\x20\x78\x6d\x6c\x6e\x73\x3a\x64\x63\x3d\x22\x68\x74\x74\x70\x3a\
\x2f\x2f\x70\x75\x72\x6c\x2e\x6f\x72\x67\x2f\x64\x63\x2f\x65\x6c\
\x65\x6d\x65\x6e\x74\x73\x2f\x31\x2e\x31\x2f\x22\x20\x78\x6d\x6c\
\x6e\x73\x3a\x72\x64\x66\x3d\x22\x68\x74\x74\x70\x3a\x2f\x2f\x77\
\x77\x77\x2e\x77\x33\x2e\x6f\x72\x67\x2f\x31\x39\x39\x39\x2f\x30\
\x32\x2f\x32\x32\x2d\x72\x64\x66\x2d\x73\x79\x6e\x74\x61\x78\x2d\
\x6e\x73\x23\x22\x3e\x0a\x20\x3c\x6d\x65\x74\x61\x64\x61\x74\x61\
\x3e\x0a\x20\x20\x3c\x72\x64\x66\x3a\x52\x44\x46\x3e\x0a\x20\x20\
\x20\x3c\x63\x63\x3a\x57\x6f\x72\x6b\x20\x72\x64\x66\x3a\x61\x62\
\x6f\x75\x74\x3d\x22\x22\x3e\x0a\x20\x20\x20\x20\x3c\x64\x63\x3a\
\x66\x6f\x72\x6d\x61\x74\x3e\x69\x6d\x61\x67\x65\x2f\x73\x76\x67\
\x2b\x78\x6d\x6c\x3c\x2f\x64\x63\x3a\x66\x6f\x72\x6d\x61\x74\x3e\
\x0a\x20\x20\x20\x20\x3c\x64\x63\x3a\x74\x79\x70\x65\x20\x72\x64\
\x66\x3a\x72\x65\x73\x6f\x75\x72\x63\x65\x3d\x22\x68\x74\x74\x70\
\x3a\x2f\x2f\x70\x75\x72\x6c\x2e\x6f\x72\x67\x2f\x64\x63\x2f\x64\
\x63\x6d\x69\x74\x79\x70\x65\x2f\x53\x74\x69\x6c\x6c\x49\x6d\x61\
\x67\x65\x22\x2f\x3e\x0a\x20\x20\x20\x20\x3c\x64\x63\x3a\x74\x69\
\x74\x6c\x65\x2f\x3e\x0a\x20\x20\x20\x3c\x2f\x63\x63\x3a\x57\x6f\
\x72\x6b\x3e\x0a\x20\x20\x3c\x2f\x72\x64\x66\x3a\x52\x44\x46\x3e\
\x0a\x20\x3c\x2f\x6d\x65\x74\x61\x64\x61\x74\x61\x3e\x0a\x20\x3c\
\x67\x20\x66\x69\x6c\x6c\x3d\x22\x6e\x6f\x6e\x65\x22\x3e\x0a\x20\
\x20\x3c\x67\x20\x73\x74\x72\x6f\x6b\x65\x2d\x77\x69\x64\x74\x68\
\x3d\x22\x33\x22\x3e\x0a\x20\x20\x20\x3c\x70\x61\x74\x68\x20\x64\
\x3d\x22\x6d\x33\x34\x2e\x37\x20\x33\x37\x2e\x37\x68\x2d\x32\x33\
\x2e\x32\x76\x2d\x32\x31\x2e\x31\x68\x32\x30\x2e\x39\x22\x20\x73\
\x74\x72\x6f\x6b\x65\x3d\x22\x23\x30\x30\x30\x22\x2f\x3e\x0a\x20\
\x20\x20\x3c\x70\x61\x74\x68\x20\x64\x3d\x22\x6d\x34\x31\x2e\x36\
\x20\x38\x2e\x35\x68\x2d\x39\x2e\x32\x37\x76\x31\x37\x2e\x31\x68\
\x32\x33\x2e\x32\x22\x20\x73\x74\x72\x6f\x6b\x65\x3d\x22\x23\x30\
\x30\x30\x22\x2f\x3e\x0a\x20\x20\x20\x3c\x70\x61\x74\x68\x20\x64\
\x3d\x22\x6d\x37\x30\x20\x38\x2e\x35\x68\x2d\x32\x39\x22\x20\x73\
\x74\x72\x6f\x6b\x65\x3d\x22\x23\x66\x65\x30\x30\x30\x30\x22\x2f\
\x3e\x0a\x20\x20\x20\x3c\x70\x61\x74\x68\x20\x64\x3d\x22\x6d\x37\
\x30\x20\x32\x35\x2e\x36\x68\x2d\x31\x36\x2e\x32\x22\x20\x73\x74\
\x72\x6f\x6b\x65\x3d\x22\x23\x66\x65\x30\x30\x30\x30\x22\x2f\x3e\
\x0a\x20\x20\x20\x3c\x70\x61\x74\x68\x20\x64\x3d\x22\x6d\x33\x34\
\x2e\x31\x20\x33\x37\x2e\x37\x68\x33\x35\x2e\x39\x22\x20\x73\x74\
\x72\x6f\x6b\x65\x3d\x22\x23\x66\x30\x30\x22\x2f\x3e\x0a\x20\x20\
\x3c\x2f\x67\x3e\x0a\x20\x20\x3c\x70\x61\x74\x68\x20\x64\x3d\x22\
\x6d\x38\x2e\x37\x38\x20\x35\x32\x68\x35\x32\x2e\x34\x22\x20\x73\
\x74\x72\x6f\x6b\x65\x3d\x22\x23\x66\x66\x61\x35\x30\x30\x22\x20\
\x73\x74\x72\x6f\x6b\x65\x2d\x77\x69\x64\x74\x68\x3d\x22\x34\x22\
\x2f\x3e\x0a\x20\x3c\x2f\x67\x3e\x0a\x20\x3c\x70\x61\x74\x68\x20\
\x74\x72\x61\x6e\x73\x66\x6f\x72\x6d\x3d\x22\x6d\x61\x74\x72\x69\
\x78\x28\x31\x2e\x35\x33\x20\x2e\x38\x39\x32\x20\x2d\x2e\x38\x38\
\x33\x20\x31\x2e\x35\x35\x20\x35\x31\x2e\x35\x20\x31\x37\x2e\x31\
\x29\x22\x20\x64\x3d\x22\x6d\x31\x35\x2e\x39\x20\x31\x37\x2e\x39\
\x2d\x33\x2e\x39\x32\x2d\x36\x2e\x37\x39\x68\x33\x2e\x39\x32\x20\
\x33\x2e\x39\x32\x6c\x2d\x31\x2e\x39\x36\x20\x33\x2e\x34\x7a\x22\
\x20\x66\x69\x6c\x6c\x3d\x22\x23\x66\x66\x61\x35\x30\x30\x22\x20\
\x73\x74\x79\x6c\x65\x3d\x22\x70\x61\x69\x6e\x74\x2d\x6f\x72\x64\
\x65\x72\x3a\x6d\x61\x72\x6b\x65\x72\x73\x20\x66\x69\x6c\x6c\x20\
\x73\x74\x72\x6f\x6b\x65\x22\x2f\x3e\x0a\x20\x3c\x67\x20\x66\x69\
\x6c\x6c\x3d\x22\x6e\x6f\x6e\x65\x22\x20\x73\x74\x72\x6f\x6b\x65\
\x3d\x22\x23\x66\x66\x61\x35\x30\x30\x22\x20\x73\x74\x72\x6f\x6b\
\x65\x2d\x77\x69\x64\x74\x68\x3d\x22\x33\x22\x3e\x0a\x20\x20\x3c\
\x70\x61\x74\x68\x20\x64\x3d\x22\x6d\x31\x38\x2e\x35\x20\x35\x37\
\x76\x2d\x31\x30\x22\x2f\x3e\x0a\x20\x20\x3c\x70\x61\x74\x68\x20\
\x64\x3d\x22\x6d\x32\x39\x2e\x35\x20\x35\x37\x76\x2d\x31\x30\x22\
\x2f\x3e\x0a\x20\x20\x3c\x70\x61\x74\x68\x20\x64\x3d\x22\x6d\x34\
\x30\x2e\x34\x20\x35\x37\x76\x2d\x31\x30\x22\x2f\x3e\x0a\x20\x20\
\x3c\x70\x61\x74\x68\x20\x64\x3d\x22\x6d\x35\x31\x2e\x34\x20\x35\
\x37\x76\x2d\x31\x30\x22\x2f\x3e\x0a\x20\x3c\x2f\x67\x3e\x0a\x3c\
\x2f\x73\x76\x67\x3e\x0a\
\x00\x00\x02\xc9\
\x3c\
\x3f\x78\x6d\x6c\x20\x76\x65\x72\x73\x69\x6f\x6e\x3d\x22\x31\x2e\
\x30\x22\x20\x65\x6e\x63\x6f\x64\x69\x6e\x67\x3d\x22\x55\x54\x46\
\x2d\x38\x22\x3f\x3e\x0a\x3c\x73\x76\x67\x20\x77\x69\x64\x74\x68\
\x3d\x22\x33\x32\x22\x20\x68\x65\x69\x67\x68\x74\x3d\x22\x33\x32\
\x22\x20\x76\x65\x72\x73\x69\x6f\x6e\x3d\x22\x31\x2e\x31\x22\x20\
\x76\x69\x65\x77\x42\x6f\x78\x3d\x22\x30\x20\x30\x20\x33\x32\x20\
\x33\x32\x22\x20\x78\x6d\x6c\x6e\x73\x3d\x22\x68\x74\x74\x70\x3a\
\x2f\x2f\x77\x77\x77\x2e\x77\x33\x2e\x6f\x72\x67\x2f\x32\x30\x30\
\x30\x2f\x73\x76\x67\x22\x20\x78\x6d\x6c\x6e\x73\x3a\x63\x63\x3d\
\x22\x68\x74\x74\x70\x3a\x2f\x2f\x63\x72\x65\x61\x74\x69\x76\x65\
\x63\x6f\x6d\x6d\x6f\x6e\x73\x2e\x6f\x72\x67\x2f\x6e\x73\x23\x22\
\x20\x78\x6d\x6c\x6e\x73\x3a\x64\x63\x3d\x22\x68\x74\x74\x70\x3a\
\x2f\x2f\x70\x75\x72\x6c\x2e\x6f\x72\x67\x2f\x64\x63\x2f\x65\x6c\
\x65\x6d\x65\x6e\x74\x73\x2f\x31\x2e\x31\x2f\x22\x20\x78\x6d\x6c\
\x6e\x73\x3a\x72\x64\x66\x3d\x22\x68\x74\x74\x70\x3a\x2f\x2f\x77\
\x77\x77\x2e\x77\x33\x2e\x6f\x72\x67\x2f\x31\x39\x39\x39\x2f\x30\
\x32\x2f\x32\x32\x2d\x72\x64\x66\x2d\x73\x79\x6e\x74\x61\x78\x2d\
\x6e\x73\x23\x22\x3e\x0a\x20\x3c\x6d\x65\x74\x61\x64\x61\x74\x61\
\x3e\x0a\x20\x20\x3c\x72\x64\x66\x3a\x52\x44\x46\x3e\x0a\x20\x20\
\x20\x3c\x63\x63\x3a\x57\x6f\x72\x6b\x20\x72\x64\x66\x3a\x61\x62\
\x6f\x75\x74\x3d\x22\x22\x3e\x0a\x20\x20\x20\x20\x3c\x64\x63\x3a\
\x66\x6f\x72\x6d\x61\x74\x3e\x69\x6d\x61\x67\x65\x2f\x73\x76\x67\
\x2b\x78\x6d\x6c\x3c\x2f\x64\x63\x3a\x66\x6f\x72\x6d\x61\x74\x3e\
\x0a\x20\x20\x20\x20\x3c\x64\x63\x3a\x74\x79\x70\x65\x20\x72\x64\
\x66\x3a\x72\x65\x73\x6f\x75\x72\x63\x65\x3d\x22\x68\x74\x74\x70\
\x3a\x2f\x2f\x70\x75\x72\x6c\x2e\x6f\x72\x67\x2f\x64\x63\x2f\x64\
\x63\x6d\x69\x74\x79\x70\x65\x2f\x53\x74\x69\x6c\x6c\x49\x6d\x61\
\x67\x65\x22\x2f\x3e\x0a\x20\x20\x20\x20\x3c\x64\x63\x3a\x74\x69\
\x74\x6c\x65\x2f\x3e\x0a\x20\x20\x20\x20\x3c\x63\x63\x3a\x6c\x69\
\x63\x65\x6e\x73\x65\x20\x72\x64\x66\x3a\x72\x65\x73\x6f\x75\x72\
\x63\x65\x3d\x22\x22\x2f\x3e\x0a\x20\x20\x20\x3c\x2f\x63\x63\x3a\
\x57\x6f\x72\x6b\x3e\x0a\x20\x20\x3c\x2f\x72\x64\x66\x3a\x52\x44\
\x46\x3e\x0a\x20\x3c\x2f\x6d\x65\x74\x61\x64\x61\x74\x61\x3e\x0a\
\x20\x3c\x70\x61\x74\x68\x20\x64\x3d\x22\x6d\x31\x33\x20\x38\x76\
\x35\x68\x2d\x36\x2e\x31\x63\x2d\x30\x2e\x38\x38\x20\x30\x2d\x30\
\x2e\x38\x37\x20\x30\x2d\x30\x2e\x38\x37\x20\x31\x76\x34\x63\x30\
\x20\x31\x2d\x31\x2e\x37\x65\x2d\x34\x20\x31\x20\x30\x2e\x38\x37\
\x20\x31\x68\x36\x2e\x31\x76\x35\x6c\x31\x34\x2d\x38\x2d\x37\x2d\
\x34\x7a\x22\x20\x66\x69\x6c\x6c\x3d\x22\x23\x66\x66\x66\x22\x20\
\x73\x74\x72\x6f\x6b\x65\x3d\x22\x23\x30\x30\x30\x22\x20\x73\x74\
\x72\x6f\x6b\x65\x2d\x6c\x69\x6e\x65\x63\x61\x70\x3d\x22\x73\x71\
\x75\x61\x72\x65\x22\x20\x73\x74\x72\x6f\x6b\x65\x2d\x6c\x69\x6e\
\x65\x6a\x6f\x69\x6e\x3d\x22\x72\x6f\x75\x6e\x64\x22\x20\x73\x74\
\x72\x6f\x6b\x65\x2d\x77\x69\x64\x74\x68\x3d\x22\x32\x22\x2f\x3e\
\x0a\x3c\x2f\x73\x76\x67\x3e\x0a\
"

qt_resource_name = b"\
\x00\x09\
\x0a\x6c\x78\x43\
\x00\x72\
\x00\x65\x00\x73\x00\x6f\x00\x75\x00\x72\x00\x63\x00\x65\x00\x73\
\x00\x0a\
\x06\x9a\xc4\x27\
\x00\x65\
\x00\x78\x00\x70\x00\x6f\x00\x72\x00\x74\x00\x2e\x00\x73\x00\x76\x00\x67\
\x00\x08\
\x06\xc1\x54\x07\
\x00\x6f\
\x00\x70\x00\x65\x00\x6e\x00\x2e\x00\x73\x00\x76\x00\x67\
\x00\x18\
\x08\x1b\xf7\x07\
\x00\x69\
\x00\x74\x00\x61\x00\x78\x00\x6f\x00\x74\x00\x6f\x00\x6f\x00\x6c\x00\x73\x00\x2d\x00\x6d\x00\x69\x00\x63\x00\x72\x00\x6f\x00\x6c\
\x00\x6f\x00\x67\x00\x6f\x00\x2e\x00\x70\x00\x6e\x00\x67\
\x00\x0a\
\x08\x94\x6d\xc7\
\x00\x73\
\x00\x65\x00\x61\x00\x72\x00\x63\x00\x68\x00\x2e\x00\x73\x00\x76\x00\x67\
\x00\x08\
\x08\xc8\x55\xe7\
\x00\x73\
\x00\x61\x00\x76\x00\x65\x00\x2e\x00\x73\x00\x76\x00\x67\
\x00\x07\
\x09\xc1\x5a\x27\
\x00\x72\
\x00\x75\x00\x6e\x00\x2e\x00\x73\x00\x76\x00\x67\
\x00\x08\
\x0b\x63\x55\x87\
\x00\x73\
\x00\x74\x00\x6f\x00\x70\x00\x2e\x00\x73\x00\x76\x00\x67\
\x00\x0e\
\x0e\x32\xce\x07\
\x00\x6c\
\x00\x6f\x00\x67\x00\x6f\x00\x2d\x00\x70\x00\x79\x00\x72\x00\x38\x00\x73\x00\x2e\x00\x73\x00\x76\x00\x67\
\x00\x0f\
\x0f\x22\x69\x47\
\x00\x61\
\x00\x72\x00\x72\x00\x6f\x00\x77\x00\x2d\x00\x72\x00\x69\x00\x67\x00\x68\x00\x74\x00\x2e\x00\x73\x00\x76\x00\x67\
"

qt_resource_struct_v1 = b"\
\x00\x00\x00\x00\x00\x02\x00\x00\x00\x01\x00\x00\x00\x01\
\x00\x00\x00\x00\x00\x02\x00\x00\x00\x09\x00\x00\x00\x02\
\x00\x00\x00\x18\x00\x00\x00\x00\x00\x01\x00\x00\x00\x00\
\x00\x00\x00\x32\x00\x00\x00\x00\x00\x01\x00\x00\x03\x2c\
\x00\x00\x00\x48\x00\x00\x00\x00\x00\x01\x00\x00\x06\x45\
\x00\x00\x00\x7e\x00\x00\x00\x00\x00\x01\x00\x00\xff\x48\
\x00\x00\x00\x98\x00\x00\x00\x00\x00\x01\x00\x01\x02\x10\
\x00\x00\x00\xae\x00\x00\x00\x00\x00\x01\x00\x01\x05\xc6\
\x00\x00\x00\xc2\x00\x00\x00\x00\x00\x01\x00\x01\x09\x0a\
\x00\x00\x00\xd8\x00\x00\x00\x00\x00\x01\x00\x01\x0c\x12\
\x00\x00\x00\xfa\x00\x00\x00\x00\x00\x01\x00\x01\x10\xbd\
"

qt_resource_struct_v2 = b"\
\x00\x00\x00\x00\x00\x02\x00\x00\x00\x01\x00\x00\x00\x01\
\x00\x00\x00\x00\x00\x00\x00\x00\
\x00\x00\x00\x00\x00\x02\x00\x00\x00\x09\x00\x00\x00\x02\
\x00\x00\x00\x00\x00\x00\x00\x00\
\x00\x00\x00\x18\x00\x00\x00\x00\x00\x01\x00\x00\x00\x00\
\x00\x00\x01\x97\x80\x53\x18\x1e\
\x00\x00\x00\x32\x00\x00\x00\x00\x00\x01\x00\x00\x03\x2c\
\x00\x00\x01\x97\x80\x53\x18\x30\
\x00\x00\x00\x48\x00\x00\x00\x00\x00\x01\x00\x00\x06\x45\
\x00\x00\x01\x97\x80\x53\x18\x24\
\x00\x00\x00\x7e\x00\x00\x00\x00\x00\x01\x00\x00\xff\x48\
\x00\x00\x01\x97\x80\x53\x18\x4a\
\x00\x00\x00\x98\x00\x00\x00\x00\x00\x01\x00\x01\x02\x10\
\x00\x00\x01\x97\x80\x53\x18\x44\
\x00\x00\x00\xae\x00\x00\x00\x00\x00\x01\x00\x01\x05\xc6\
\x00\x00\x01\x97\x80\x53\x18\x40\
\x00\x00\x00\xc2\x00\x00\x00\x00\x00\x01\x00\x01\x09\x0a\
\x00\x00\x01\x97\x80\x53\x18\x4e\
\x00\x00\x00\xd8\x00\x00\x00\x00\x00\x01\x00\x01\x0c\x12\
\x00\x00\x01\x97\x80\x53\x18\x2d\
\x00\x00\x00\xfa\x00\x00\x00\x00\x00\x01\x00\x01\x10\xbd\
\x00\x00\x01\x97\x80\x53\x18\x18\
"

qt_version = [int(v) for v in QtCore.qVersion().split('.')]
if qt_version < [5, 8, 0]:
    rcc_version = 1
    qt_resource_struct = qt_resource_struct_v1
else:
    rcc_version = 2
    qt_resource_struct = qt_resource_struct_v2

def qInitResources():
    QtCore.qRegisterResourceData(rcc_version, qt_resource_struct, qt_resource_name, qt_resource_data)

def qCleanupResources():
    QtCore.qUnregisterResourceData(rcc_version, qt_resource_struct, qt_resource_name, qt_resource_data)

qInitResources()
